<plugin>
  <description></description>
  <groupId>org.codehaus.plexus</groupId>
  <artifactId>plexus-appserver-maven-plugin</artifactId>
  <version>2.0-alpha-2</version>
  <goalPrefix>plexus-appserver</goalPrefix>
  <isolatedRealm>false</isolatedRealm>
  <inheritedByDefault>true</inheritedByDefault>
  <mojos>
    <mojo>
      <goal>assemble-app</goal>
      <description></description>
      <requiresDependencyResolution>runtime</requiresDependencyResolution>
      <requiresDirectInvocation>false</requiresDirectInvocation>
      <requiresProject>true</requiresProject>
      <requiresReports>false</requiresReports>
      <aggregator>false</aggregator>
      <requiresOnline>false</requiresOnline>
      <inheritedByDefault>true</inheritedByDefault>
      <phase>package</phase>
      <implementation>org.codehaus.plexus.maven.plugin.application.ApplicationAssemblerMojo</implementation>
      <language>java</language>
      <instantiationStrategy>per-lookup</instantiationStrategy>
      <executionStrategy>once-per-session</executionStrategy>
      <parameters>
        <parameter>
          <name>additionalCoreArtifacts</name>
          <type>java.util.HashSet</type>
          <required>false</required>
          <editable>true</editable>
          <description></description>
        </parameter>
        <parameter>
          <name>applicationAssemblyDirectory</name>
          <type>java.io.File</type>
          <required>true</required>
          <editable>true</editable>
          <description></description>
        </parameter>
        <parameter>
          <name>applicationConfiguration</name>
          <type>java.io.File</type>
          <required>true</required>
          <editable>true</editable>
          <description></description>
        </parameter>
        <parameter>
          <name>applicationName</name>
          <type>java.lang.String</type>
          <required>true</required>
          <editable>true</editable>
          <description></description>
        </parameter>
        <parameter>
          <name>basedir</name>
          <type>java.io.File</type>
          <required>true</required>
          <editable>true</editable>
          <description></description>
        </parameter>
        <parameter>
          <name>configurationProperties</name>
          <type>java.io.File</type>
          <required>false</required>
          <editable>true</editable>
          <description></description>
        </parameter>
        <parameter>
          <name>configurationsDirectory</name>
          <type>java.io.File</type>
          <required>false</required>
          <editable>true</editable>
          <description></description>
        </parameter>
        <parameter>
          <name>finalName</name>
          <type>java.lang.String</type>
          <required>true</required>
          <editable>true</editable>
          <description></description>
        </parameter>
        <parameter>
          <name>localRepository</name>
          <type>org.apache.maven.artifact.repository.ArtifactRepository</type>
          <required>true</required>
          <editable>true</editable>
          <description></description>
        </parameter>
        <parameter>
          <name>project</name>
          <type>org.apache.maven.project.MavenProject</type>
          <required>true</required>
          <editable>false</editable>
          <description></description>
        </parameter>
        <parameter>
          <name>projectArtifacts</name>
          <type>java.util.Set</type>
          <required>true</required>
          <editable>false</editable>
          <description></description>
        </parameter>
        <parameter>
          <name>remoteRepositories</name>
          <type>java.util.List</type>
          <required>true</required>
          <editable>true</editable>
          <description></description>
        </parameter>
        <parameter>
          <name>runtimePath</name>
          <type>java.io.File</type>
          <required>true</required>
          <editable>true</editable>
          <description></description>
        </parameter>
        <parameter>
          <name>target</name>
          <type>java.io.File</type>
          <required>true</required>
          <editable>true</editable>
          <description></description>
        </parameter>
      </parameters>
      <configuration>
        <runtimePath implementation="java.io.File">${project.build.directory}/plexus-test-runtime</runtimePath>
        <projectArtifacts implementation="java.util.Set">${project.artifacts}</projectArtifacts>
        <applicationAssemblyDirectory implementation="java.io.File">${project.build.directory}/plexus-application</applicationAssemblyDirectory>
        <target implementation="java.io.File">${project.build.directory}</target>
        <localRepository implementation="org.apache.maven.artifact.repository.ArtifactRepository">${localRepository}</localRepository>
        <configurationProperties implementation="java.io.File">${configurationProperties}</configurationProperties>
        <configurationsDirectory implementation="java.io.File">${configurationsDirectory}</configurationsDirectory>
        <applicationConfiguration implementation="java.io.File">${applicationConfiguration}</applicationConfiguration>
        <applicationName implementation="java.lang.String">${applicationName}</applicationName>
        <remoteRepositories implementation="java.util.List">${project.remoteArtifactRepositories}</remoteRepositories>
        <additionalCoreArtifacts implementation="java.util.HashSet">${additionalCoreArtifacts}</additionalCoreArtifacts>
        <project implementation="org.apache.maven.project.MavenProject">${project}</project>
        <basedir implementation="java.io.File">${basedir}</basedir>
        <finalName implementation="java.lang.String">${project.build.finalName}</finalName>
      </configuration>
      <requirements>
        <requirement>
          <role>org.codehaus.plexus.builder.runtime.PlexusRuntimeBuilder</role>
          <field-name>runtimeBuilder</field-name>
        </requirement>
        <requirement>
          <role>org.codehaus.plexus.builder.application.ApplicationBuilder</role>
          <field-name>applicationBuilder</field-name>
        </requirement>
      </requirements>
    </mojo>
    <mojo>
      <goal>package-app</goal>
      <description></description>
      <requiresDependencyResolution>runtime</requiresDependencyResolution>
      <requiresDirectInvocation>false</requiresDirectInvocation>
      <requiresProject>true</requiresProject>
      <requiresReports>false</requiresReports>
      <aggregator>false</aggregator>
      <requiresOnline>false</requiresOnline>
      <inheritedByDefault>true</inheritedByDefault>
      <phase>package</phase>
      <implementation>org.codehaus.plexus.maven.plugin.application.ApplicationPackagerMojo</implementation>
      <language>java</language>
      <instantiationStrategy>per-lookup</instantiationStrategy>
      <executionStrategy>once-per-session</executionStrategy>
      <parameters>
        <parameter>
          <name>applicationAssemblyDirectory</name>
          <type>java.io.File</type>
          <required>true</required>
          <editable>true</editable>
          <description></description>
        </parameter>
        <parameter>
          <name>basedir</name>
          <type>java.io.File</type>
          <required>true</required>
          <editable>true</editable>
          <description></description>
        </parameter>
        <parameter>
          <name>finalName</name>
          <type>java.lang.String</type>
          <required>true</required>
          <editable>true</editable>
          <description></description>
        </parameter>
        <parameter>
          <name>localRepository</name>
          <type>org.apache.maven.artifact.repository.ArtifactRepository</type>
          <required>true</required>
          <editable>true</editable>
          <description></description>
        </parameter>
        <parameter>
          <name>project</name>
          <type>org.apache.maven.project.MavenProject</type>
          <required>true</required>
          <editable>false</editable>
          <description></description>
        </parameter>
        <parameter>
          <name>projectArtifacts</name>
          <type>java.util.Set</type>
          <required>true</required>
          <editable>false</editable>
          <description></description>
        </parameter>
        <parameter>
          <name>remoteRepositories</name>
          <type>java.util.List</type>
          <required>true</required>
          <editable>true</editable>
          <description></description>
        </parameter>
        <parameter>
          <name>runtimePath</name>
          <type>java.io.File</type>
          <required>true</required>
          <editable>true</editable>
          <description></description>
        </parameter>
        <parameter>
          <name>target</name>
          <type>java.io.File</type>
          <required>true</required>
          <editable>true</editable>
          <description></description>
        </parameter>
      </parameters>
      <configuration>
        <runtimePath implementation="java.io.File">${project.build.directory}/plexus-test-runtime</runtimePath>
        <projectArtifacts implementation="java.util.Set">${project.artifacts}</projectArtifacts>
        <applicationAssemblyDirectory implementation="java.io.File">${project.build.directory}/plexus-application</applicationAssemblyDirectory>
        <remoteRepositories implementation="java.util.List">${project.remoteArtifactRepositories}</remoteRepositories>
        <target implementation="java.io.File">${project.build.directory}</target>
        <localRepository implementation="org.apache.maven.artifact.repository.ArtifactRepository">${localRepository}</localRepository>
        <project implementation="org.apache.maven.project.MavenProject">${project}</project>
        <basedir implementation="java.io.File">${basedir}</basedir>
        <finalName implementation="java.lang.String">${project.build.finalName}</finalName>
      </configuration>
      <requirements>
        <requirement>
          <role>org.codehaus.plexus.builder.runtime.PlexusRuntimeBuilder</role>
          <field-name>runtimeBuilder</field-name>
        </requirement>
        <requirement>
          <role>org.codehaus.plexus.builder.application.ApplicationBuilder</role>
          <field-name>applicationBuilder</field-name>
        </requirement>
      </requirements>
    </mojo>
    <mojo>
      <goal>add-app</goal>
      <description></description>
      <requiresDependencyResolution>runtime</requiresDependencyResolution>
      <requiresDirectInvocation>false</requiresDirectInvocation>
      <requiresProject>true</requiresProject>
      <requiresReports>false</requiresReports>
      <aggregator>false</aggregator>
      <requiresOnline>false</requiresOnline>
      <inheritedByDefault>true</inheritedByDefault>
      <phase>package</phase>
      <implementation>org.codehaus.plexus.maven.plugin.application.ApplicationRuntimePopulatorMojo</implementation>
      <language>java</language>
      <instantiationStrategy>per-lookup</instantiationStrategy>
      <executionStrategy>once-per-session</executionStrategy>
      <parameters>
        <parameter>
          <name>basedir</name>
          <type>java.io.File</type>
          <required>true</required>
          <editable>true</editable>
          <description></description>
        </parameter>
        <parameter>
          <name>finalName</name>
          <type>java.lang.String</type>
          <required>true</required>
          <editable>true</editable>
          <description></description>
        </parameter>
        <parameter>
          <name>localRepository</name>
          <type>org.apache.maven.artifact.repository.ArtifactRepository</type>
          <required>true</required>
          <editable>true</editable>
          <description></description>
        </parameter>
        <parameter>
          <name>project</name>
          <type>org.apache.maven.project.MavenProject</type>
          <required>true</required>
          <editable>false</editable>
          <description></description>
        </parameter>
        <parameter>
          <name>projectArtifacts</name>
          <type>java.util.Set</type>
          <required>true</required>
          <editable>false</editable>
          <description></description>
        </parameter>
        <parameter>
          <name>remoteRepositories</name>
          <type>java.util.List</type>
          <required>true</required>
          <editable>true</editable>
          <description></description>
        </parameter>
        <parameter>
          <name>runtimePath</name>
          <type>java.io.File</type>
          <required>true</required>
          <editable>true</editable>
          <description></description>
        </parameter>
        <parameter>
          <name>target</name>
          <type>java.io.File</type>
          <required>true</required>
          <editable>true</editable>
          <description></description>
        </parameter>
      </parameters>
      <configuration>
        <runtimePath implementation="java.io.File">${project.build.directory}/plexus-test-runtime</runtimePath>
        <projectArtifacts implementation="java.util.Set">${project.artifacts}</projectArtifacts>
        <remoteRepositories implementation="java.util.List">${project.remoteArtifactRepositories}</remoteRepositories>
        <target implementation="java.io.File">${project.build.directory}</target>
        <localRepository implementation="org.apache.maven.artifact.repository.ArtifactRepository">${localRepository}</localRepository>
        <project implementation="org.apache.maven.project.MavenProject">${project}</project>
        <basedir implementation="java.io.File">${basedir}</basedir>
        <finalName implementation="java.lang.String">${project.build.finalName}</finalName>
      </configuration>
      <requirements>
        <requirement>
          <role>org.codehaus.plexus.builder.runtime.PlexusRuntimeBuilder</role>
          <field-name>runtimeBuilder</field-name>
        </requirement>
      </requirements>
    </mojo>
    <mojo>
      <goal>add-apps</goal>
      <description></description>
      <requiresDependencyResolution>runtime</requiresDependencyResolution>
      <requiresDirectInvocation>false</requiresDirectInvocation>
      <requiresProject>true</requiresProject>
      <requiresReports>false</requiresReports>
      <aggregator>false</aggregator>
      <requiresOnline>false</requiresOnline>
      <inheritedByDefault>true</inheritedByDefault>
      <phase>package</phase>
      <implementation>org.codehaus.plexus.maven.plugin.application.ApplicationsRuntimePopulatorMojo</implementation>
      <language>java</language>
      <instantiationStrategy>per-lookup</instantiationStrategy>
      <executionStrategy>once-per-session</executionStrategy>
      <parameters>
        <parameter>
          <name>basedir</name>
          <type>java.io.File</type>
          <required>true</required>
          <editable>true</editable>
          <description></description>
        </parameter>
        <parameter>
          <name>finalName</name>
          <type>java.lang.String</type>
          <required>true</required>
          <editable>true</editable>
          <description></description>
        </parameter>
        <parameter>
          <name>localRepository</name>
          <type>org.apache.maven.artifact.repository.ArtifactRepository</type>
          <required>true</required>
          <editable>true</editable>
          <description></description>
        </parameter>
        <parameter>
          <name>project</name>
          <type>org.apache.maven.project.MavenProject</type>
          <required>true</required>
          <editable>false</editable>
          <description></description>
        </parameter>
        <parameter>
          <name>projectArtifacts</name>
          <type>java.util.Set</type>
          <required>true</required>
          <editable>false</editable>
          <description></description>
        </parameter>
        <parameter>
          <name>remoteRepositories</name>
          <type>java.util.List</type>
          <required>true</required>
          <editable>true</editable>
          <description></description>
        </parameter>
        <parameter>
          <name>runtimePath</name>
          <type>java.io.File</type>
          <required>true</required>
          <editable>true</editable>
          <description></description>
        </parameter>
        <parameter>
          <name>target</name>
          <type>java.io.File</type>
          <required>true</required>
          <editable>true</editable>
          <description></description>
        </parameter>
      </parameters>
      <configuration>
        <runtimePath implementation="java.io.File">${project.build.directory}/plexus-test-runtime</runtimePath>
        <projectArtifacts implementation="java.util.Set">${project.artifacts}</projectArtifacts>
        <remoteRepositories implementation="java.util.List">${project.remoteArtifactRepositories}</remoteRepositories>
        <target implementation="java.io.File">${project.build.directory}</target>
        <localRepository implementation="org.apache.maven.artifact.repository.ArtifactRepository">${localRepository}</localRepository>
        <project implementation="org.apache.maven.project.MavenProject">${project}</project>
        <basedir implementation="java.io.File">${basedir}</basedir>
        <finalName implementation="java.lang.String">${project.build.finalName}</finalName>
      </configuration>
      <requirements>
        <requirement>
          <role>org.codehaus.plexus.builder.runtime.PlexusRuntimeBuilder</role>
          <field-name>runtimeBuilder</field-name>
        </requirement>
      </requirements>
    </mojo>
    <mojo>
      <goal>assemble-runtime</goal>
      <description></description>
      <requiresDependencyResolution>runtime</requiresDependencyResolution>
      <requiresDirectInvocation>false</requiresDirectInvocation>
      <requiresProject>true</requiresProject>
      <requiresReports>false</requiresReports>
      <aggregator>false</aggregator>
      <requiresOnline>false</requiresOnline>
      <inheritedByDefault>true</inheritedByDefault>
      <phase>package</phase>
      <implementation>org.codehaus.plexus.maven.plugin.runtime.RuntimeAssemblerMojo</implementation>
      <language>java</language>
      <instantiationStrategy>per-lookup</instantiationStrategy>
      <executionStrategy>once-per-session</executionStrategy>
      <parameters>
        <parameter>
          <name>additionalCoreArtifacts</name>
          <type>java.util.HashSet</type>
          <required>false</required>
          <editable>true</editable>
          <description></description>
        </parameter>
        <parameter>
          <name>basedir</name>
          <type>java.io.File</type>
          <required>true</required>
          <editable>true</editable>
          <description></description>
        </parameter>
        <parameter>
          <name>finalName</name>
          <type>java.lang.String</type>
          <required>true</required>
          <editable>true</editable>
          <description></description>
        </parameter>
        <parameter>
          <name>localRepository</name>
          <type>org.apache.maven.artifact.repository.ArtifactRepository</type>
          <required>true</required>
          <editable>true</editable>
          <description></description>
        </parameter>
        <parameter>
          <name>project</name>
          <type>org.apache.maven.project.MavenProject</type>
          <required>true</required>
          <editable>false</editable>
          <description></description>
        </parameter>
        <parameter>
          <name>projectArtifacts</name>
          <type>java.util.Set</type>
          <required>true</required>
          <editable>false</editable>
          <description></description>
        </parameter>
        <parameter>
          <name>remoteRepositories</name>
          <type>java.util.List</type>
          <required>true</required>
          <editable>true</editable>
          <description></description>
        </parameter>
        <parameter>
          <name>runtimeConfiguration</name>
          <type>java.io.File</type>
          <required>true</required>
          <editable>true</editable>
          <description></description>
        </parameter>
        <parameter>
          <name>runtimeConfigurationProperties</name>
          <type>java.io.File</type>
          <required>true</required>
          <editable>true</editable>
          <description></description>
        </parameter>
        <parameter>
          <name>runtimePath</name>
          <type>java.io.File</type>
          <required>true</required>
          <editable>true</editable>
          <description></description>
        </parameter>
        <parameter>
          <name>target</name>
          <type>java.io.File</type>
          <required>true</required>
          <editable>true</editable>
          <description></description>
        </parameter>
      </parameters>
      <configuration>
        <runtimeConfigurationProperties implementation="java.io.File">${runtimeConfigurationProperties}</runtimeConfigurationProperties>
        <runtimePath implementation="java.io.File">${project.build.directory}/plexus-test-runtime</runtimePath>
        <projectArtifacts implementation="java.util.Set">${project.artifacts}</projectArtifacts>
        <remoteRepositories implementation="java.util.List">${project.remoteArtifactRepositories}</remoteRepositories>
        <target implementation="java.io.File">${project.build.directory}</target>
        <localRepository implementation="org.apache.maven.artifact.repository.ArtifactRepository">${localRepository}</localRepository>
        <additionalCoreArtifacts implementation="java.util.HashSet">${additionalCoreArtifacts}</additionalCoreArtifacts>
        <project implementation="org.apache.maven.project.MavenProject">${project}</project>
        <runtimeConfiguration implementation="java.io.File">${runtimeConfiguration}</runtimeConfiguration>
        <basedir implementation="java.io.File">${basedir}</basedir>
        <finalName implementation="java.lang.String">${project.build.finalName}</finalName>
      </configuration>
      <requirements>
        <requirement>
          <role>org.codehaus.plexus.builder.runtime.PlexusRuntimeBuilder</role>
          <field-name>runtimeBuilder</field-name>
        </requirement>
      </requirements>
    </mojo>
    <mojo>
      <goal>assemble-service</goal>
      <description></description>
      <requiresDependencyResolution>runtime</requiresDependencyResolution>
      <requiresDirectInvocation>false</requiresDirectInvocation>
      <requiresProject>true</requiresProject>
      <requiresReports>false</requiresReports>
      <aggregator>false</aggregator>
      <requiresOnline>false</requiresOnline>
      <inheritedByDefault>true</inheritedByDefault>
      <phase>package</phase>
      <implementation>org.codehaus.plexus.maven.plugin.service.ServiceAssemblerMojo</implementation>
      <language>java</language>
      <instantiationStrategy>per-lookup</instantiationStrategy>
      <executionStrategy>once-per-session</executionStrategy>
      <parameters>
        <parameter>
          <name>basedir</name>
          <type>java.io.File</type>
          <required>true</required>
          <editable>true</editable>
          <description></description>
        </parameter>
        <parameter>
          <name>configurationProperties</name>
          <type>java.io.File</type>
          <required>false</required>
          <editable>true</editable>
          <description></description>
        </parameter>
        <parameter>
          <name>configurationsDirectory</name>
          <type>java.io.File</type>
          <required>false</required>
          <editable>true</editable>
          <description></description>
        </parameter>
        <parameter>
          <name>finalName</name>
          <type>java.lang.String</type>
          <required>true</required>
          <editable>true</editable>
          <description></description>
        </parameter>
        <parameter>
          <name>localRepository</name>
          <type>org.apache.maven.artifact.repository.ArtifactRepository</type>
          <required>true</required>
          <editable>true</editable>
          <description></description>
        </parameter>
        <parameter>
          <name>project</name>
          <type>org.apache.maven.project.MavenProject</type>
          <required>true</required>
          <editable>false</editable>
          <description></description>
        </parameter>
        <parameter>
          <name>projectArtifacts</name>
          <type>java.util.Set</type>
          <required>true</required>
          <editable>false</editable>
          <description></description>
        </parameter>
        <parameter>
          <name>remoteRepositories</name>
          <type>java.util.List</type>
          <required>true</required>
          <editable>true</editable>
          <description></description>
        </parameter>
        <parameter>
          <name>runtimePath</name>
          <type>java.io.File</type>
          <required>true</required>
          <editable>true</editable>
          <description></description>
        </parameter>
        <parameter>
          <name>serviceAssemblyDirectory</name>
          <type>java.io.File</type>
          <required>true</required>
          <editable>true</editable>
          <description></description>
        </parameter>
        <parameter>
          <name>serviceConfiguration</name>
          <type>java.io.File</type>
          <required>true</required>
          <editable>true</editable>
          <description></description>
        </parameter>
        <parameter>
          <name>serviceName</name>
          <type>java.lang.String</type>
          <required>true</required>
          <editable>true</editable>
          <description></description>
        </parameter>
        <parameter>
          <name>target</name>
          <type>java.io.File</type>
          <required>true</required>
          <editable>true</editable>
          <description></description>
        </parameter>
      </parameters>
      <configuration>
        <runtimePath implementation="java.io.File">${project.build.directory}/plexus-test-runtime</runtimePath>
        <projectArtifacts implementation="java.util.Set">${project.artifacts}</projectArtifacts>
        <localRepository implementation="org.apache.maven.artifact.repository.ArtifactRepository">${localRepository}</localRepository>
        <target implementation="java.io.File">${project.build.directory}</target>
        <serviceConfiguration implementation="java.io.File">${serviceConfiguration}</serviceConfiguration>
        <configurationProperties implementation="java.io.File">${configurationProperties}</configurationProperties>
        <configurationsDirectory implementation="java.io.File">${configurationsDirectory}</configurationsDirectory>
        <remoteRepositories implementation="java.util.List">${project.remoteArtifactRepositories}</remoteRepositories>
        <serviceName implementation="java.lang.String">${serviceName}</serviceName>
        <project implementation="org.apache.maven.project.MavenProject">${project}</project>
        <serviceAssemblyDirectory implementation="java.io.File">${project.build.directory}/plexus-service</serviceAssemblyDirectory>
        <basedir implementation="java.io.File">${basedir}</basedir>
        <finalName implementation="java.lang.String">${project.build.finalName}</finalName>
      </configuration>
      <requirements>
        <requirement>
          <role>org.codehaus.plexus.builder.service.ServiceBuilder</role>
          <field-name>builder</field-name>
        </requirement>
        <requirement>
          <role>org.codehaus.plexus.builder.runtime.PlexusRuntimeBuilder</role>
          <field-name>runtimeBuilder</field-name>
        </requirement>
      </requirements>
    </mojo>
    <mojo>
      <goal>package-service</goal>
      <description></description>
      <requiresDependencyResolution>runtime</requiresDependencyResolution>
      <requiresDirectInvocation>false</requiresDirectInvocation>
      <requiresProject>true</requiresProject>
      <requiresReports>false</requiresReports>
      <aggregator>false</aggregator>
      <requiresOnline>false</requiresOnline>
      <inheritedByDefault>true</inheritedByDefault>
      <phase>package</phase>
      <implementation>org.codehaus.plexus.maven.plugin.service.ServicePackagerMojo</implementation>
      <language>java</language>
      <instantiationStrategy>per-lookup</instantiationStrategy>
      <executionStrategy>once-per-session</executionStrategy>
      <parameters>
        <parameter>
          <name>basedir</name>
          <type>java.io.File</type>
          <required>true</required>
          <editable>true</editable>
          <description></description>
        </parameter>
        <parameter>
          <name>finalName</name>
          <type>java.lang.String</type>
          <required>true</required>
          <editable>true</editable>
          <description></description>
        </parameter>
        <parameter>
          <name>localRepository</name>
          <type>org.apache.maven.artifact.repository.ArtifactRepository</type>
          <required>true</required>
          <editable>true</editable>
          <description></description>
        </parameter>
        <parameter>
          <name>project</name>
          <type>org.apache.maven.project.MavenProject</type>
          <required>true</required>
          <editable>false</editable>
          <description></description>
        </parameter>
        <parameter>
          <name>projectArtifacts</name>
          <type>java.util.Set</type>
          <required>true</required>
          <editable>false</editable>
          <description></description>
        </parameter>
        <parameter>
          <name>remoteRepositories</name>
          <type>java.util.List</type>
          <required>true</required>
          <editable>true</editable>
          <description></description>
        </parameter>
        <parameter>
          <name>runtimePath</name>
          <type>java.io.File</type>
          <required>true</required>
          <editable>true</editable>
          <description></description>
        </parameter>
        <parameter>
          <name>serviceAssemblyDirectory</name>
          <type>java.io.File</type>
          <required>true</required>
          <editable>true</editable>
          <description></description>
        </parameter>
        <parameter>
          <name>target</name>
          <type>java.io.File</type>
          <required>true</required>
          <editable>true</editable>
          <description></description>
        </parameter>
      </parameters>
      <configuration>
        <runtimePath implementation="java.io.File">${project.build.directory}/plexus-test-runtime</runtimePath>
        <projectArtifacts implementation="java.util.Set">${project.artifacts}</projectArtifacts>
        <remoteRepositories implementation="java.util.List">${project.remoteArtifactRepositories}</remoteRepositories>
        <target implementation="java.io.File">${project.build.directory}</target>
        <localRepository implementation="org.apache.maven.artifact.repository.ArtifactRepository">${localRepository}</localRepository>
        <project implementation="org.apache.maven.project.MavenProject">${project}</project>
        <serviceAssemblyDirectory implementation="java.io.File">${project.build.directory}/plexus-service</serviceAssemblyDirectory>
        <basedir implementation="java.io.File">${basedir}</basedir>
        <finalName implementation="java.lang.String">${project.build.finalName}</finalName>
      </configuration>
      <requirements>
        <requirement>
          <role>org.codehaus.plexus.builder.service.ServiceBuilder</role>
          <field-name>builder</field-name>
        </requirement>
        <requirement>
          <role>org.codehaus.plexus.builder.runtime.PlexusRuntimeBuilder</role>
          <field-name>runtimeBuilder</field-name>
        </requirement>
      </requirements>
    </mojo>
    <mojo>
      <goal>add-services</goal>
      <description></description>
      <requiresDependencyResolution>runtime</requiresDependencyResolution>
      <requiresDirectInvocation>false</requiresDirectInvocation>
      <requiresProject>true</requiresProject>
      <requiresReports>false</requiresReports>
      <aggregator>false</aggregator>
      <requiresOnline>false</requiresOnline>
      <inheritedByDefault>true</inheritedByDefault>
      <phase>package</phase>
      <implementation>org.codehaus.plexus.maven.plugin.service.ServicesRuntimePopulatorMojo</implementation>
      <language>java</language>
      <instantiationStrategy>per-lookup</instantiationStrategy>
      <executionStrategy>once-per-session</executionStrategy>
      <parameters>
        <parameter>
          <name>basedir</name>
          <type>java.io.File</type>
          <required>true</required>
          <editable>true</editable>
          <description></description>
        </parameter>
        <parameter>
          <name>finalName</name>
          <type>java.lang.String</type>
          <required>true</required>
          <editable>true</editable>
          <description></description>
        </parameter>
        <parameter>
          <name>localRepository</name>
          <type>org.apache.maven.artifact.repository.ArtifactRepository</type>
          <required>true</required>
          <editable>true</editable>
          <description></description>
        </parameter>
        <parameter>
          <name>project</name>
          <type>org.apache.maven.project.MavenProject</type>
          <required>true</required>
          <editable>false</editable>
          <description></description>
        </parameter>
        <parameter>
          <name>projectArtifacts</name>
          <type>java.util.Set</type>
          <required>true</required>
          <editable>false</editable>
          <description></description>
        </parameter>
        <parameter>
          <name>remoteRepositories</name>
          <type>java.util.List</type>
          <required>true</required>
          <editable>true</editable>
          <description></description>
        </parameter>
        <parameter>
          <name>runtimePath</name>
          <type>java.io.File</type>
          <required>true</required>
          <editable>true</editable>
          <description></description>
        </parameter>
        <parameter>
          <name>serviceAssemblyDirectory</name>
          <type>java.io.File</type>
          <required>true</required>
          <editable>true</editable>
          <description></description>
        </parameter>
        <parameter>
          <name>target</name>
          <type>java.io.File</type>
          <required>true</required>
          <editable>true</editable>
          <description></description>
        </parameter>
      </parameters>
      <configuration>
        <runtimePath implementation="java.io.File">${project.build.directory}/plexus-test-runtime</runtimePath>
        <projectArtifacts implementation="java.util.Set">${project.artifacts}</projectArtifacts>
        <remoteRepositories implementation="java.util.List">${project.remoteArtifactRepositories}</remoteRepositories>
        <target implementation="java.io.File">${project.build.directory}</target>
        <localRepository implementation="org.apache.maven.artifact.repository.ArtifactRepository">${localRepository}</localRepository>
        <project implementation="org.apache.maven.project.MavenProject">${project}</project>
        <serviceAssemblyDirectory implementation="java.io.File">${project.build.directory}/plexus-service</serviceAssemblyDirectory>
        <basedir implementation="java.io.File">${basedir}</basedir>
        <finalName implementation="java.lang.String">${project.build.finalName}</finalName>
      </configuration>
      <requirements>
        <requirement>
          <role>org.codehaus.plexus.builder.service.ServiceBuilder</role>
          <field-name>builder</field-name>
        </requirement>
        <requirement>
          <role>org.codehaus.plexus.builder.runtime.PlexusRuntimeBuilder</role>
          <field-name>runtimeBuilder</field-name>
        </requirement>
      </requirements>
    </mojo>
  </mojos>
  <dependencies/>
</plugin>