<plugin>
  <description>provides a maven plugin that allows that builds the jar by
  embedding packages from the classpath (wildcarded). Plus a zillion
  other features. See http://www.aqute.biz/php/tools/bnd.php</description>
  <groupId>org.apache.felix</groupId>
  <artifactId>maven-bundle-plugin</artifactId>
  <version>1.0.0</version>
  <goalPrefix>bundle</goalPrefix>
  <isolatedRealm>false</isolatedRealm>
  <inheritedByDefault>true</inheritedByDefault>
  <mojos>
    <mojo>
      <goal>bundleall</goal>
      <description>Create OSGi bundles from all dependencies in the Maven project</description>
      <requiresDependencyResolution>runtime</requiresDependencyResolution>
      <requiresDirectInvocation>false</requiresDirectInvocation>
      <requiresProject>true</requiresProject>
      <requiresReports>false</requiresReports>
      <aggregator>false</aggregator>
      <requiresOnline>false</requiresOnline>
      <inheritedByDefault>true</inheritedByDefault>
      <phase>package</phase>
      <implementation>org.apache.felix.bundleplugin.BundleAllPlugin</implementation>
      <language>java</language>
      <instantiationStrategy>per-lookup</instantiationStrategy>
      <executionStrategy>once-per-session</executionStrategy>
      <parameters>
        <parameter>
          <name>baseDir</name>
          <type>java.io.File</type>
          <required>true</required>
          <editable>true</editable>
          <description>The directory for the pom</description>
        </parameter>
        <parameter>
          <name>buildDirectory</name>
          <type>java.lang.String</type>
          <required>true</required>
          <editable>true</editable>
          <description>The directory for the generated JAR.</description>
        </parameter>
        <parameter>
          <name>instructions</name>
          <type>java.util.Map</type>
          <required>false</required>
          <editable>true</editable>
          <description>The name of the generated JAR file.</description>
        </parameter>
        <parameter>
          <name>localRepository</name>
          <type>org.apache.maven.artifact.repository.ArtifactRepository</type>
          <required>true</required>
          <editable>false</editable>
          <description>Local Repository.</description>
        </parameter>
        <parameter>
          <name>manifestLocation</name>
          <type>java.lang.String</type>
          <required>false</required>
          <editable>true</editable>
          <description>Directory where the manifest will be written</description>
        </parameter>
        <parameter>
          <name>outputDirectory</name>
          <type>java.io.File</type>
          <required>true</required>
          <editable>true</editable>
          <description>The directory for the generated bundles.</description>
        </parameter>
        <parameter>
          <name>project</name>
          <type>org.apache.maven.project.MavenProject</type>
          <required>true</required>
          <editable>false</editable>
          <description>The Maven project.</description>
        </parameter>
        <parameter>
          <name>remoteRepositories</name>
          <type>java.util.List</type>
          <required>true</required>
          <editable>false</editable>
          <description>Remote repositories</description>
        </parameter>
        <parameter>
          <name>supportedProjectTypes</name>
          <type>java.util.List</type>
          <required>false</required>
          <editable>true</editable>
          <description>Project types which this plugin supports.</description>
        </parameter>
      </parameters>
      <configuration>
        <outputDirectory implementation="java.io.File">${project.build.outputDirectory}</outputDirectory>
        <baseDir implementation="java.io.File">${basedir}</baseDir>
        <buildDirectory implementation="java.lang.String">${project.build.directory}</buildDirectory>
        <remoteRepositories implementation="java.util.List">${project.remoteArtifactRepositories}</remoteRepositories>
        <localRepository implementation="org.apache.maven.artifact.repository.ArtifactRepository">${localRepository}</localRepository>
        <project implementation="org.apache.maven.project.MavenProject">${project}</project>
        <manifestLocation implementation="java.lang.String">${project.build.outputDirectory}/META-INF</manifestLocation>
      </configuration>
      <requirements>
        <requirement>
          <role>org.apache.maven.shared.dependency.tree.DependencyTreeBuilder</role>
          <field-name>dependencyTreeBuilder</field-name>
        </requirement>
        <requirement>
          <role>org.apache.maven.artifact.resolver.ArtifactResolver</role>
          <field-name>artifactResolver</field-name>
        </requirement>
        <requirement>
          <role>org.apache.maven.project.MavenProjectBuilder</role>
          <field-name>mavenProjectBuilder</field-name>
        </requirement>
        <requirement>
          <role>org.apache.maven.artifact.resolver.ArtifactCollector</role>
          <field-name>collector</field-name>
        </requirement>
        <requirement>
          <role>org.apache.maven.shared.osgi.Maven2OsgiConverter</role>
          <field-name>maven2OsgiConverter</field-name>
        </requirement>
        <requirement>
          <role>org.apache.maven.artifact.factory.ArtifactFactory</role>
          <field-name>factory</field-name>
        </requirement>
        <requirement>
          <role>org.apache.maven.artifact.metadata.ArtifactMetadataSource</role>
          <field-name>artifactMetadataSource</field-name>
        </requirement>
      </requirements>
    </mojo>
    <mojo>
      <goal>bundle</goal>
      <description>Create an OSGi bundle from Maven project</description>
      <requiresDependencyResolution>runtime</requiresDependencyResolution>
      <requiresDirectInvocation>false</requiresDirectInvocation>
      <requiresProject>true</requiresProject>
      <requiresReports>false</requiresReports>
      <aggregator>false</aggregator>
      <requiresOnline>false</requiresOnline>
      <inheritedByDefault>true</inheritedByDefault>
      <phase>package</phase>
      <implementation>org.apache.felix.bundleplugin.BundlePlugin</implementation>
      <language>java</language>
      <instantiationStrategy>per-lookup</instantiationStrategy>
      <executionStrategy>once-per-session</executionStrategy>
      <parameters>
        <parameter>
          <name>baseDir</name>
          <type>java.io.File</type>
          <required>true</required>
          <editable>true</editable>
          <description>The directory for the pom</description>
        </parameter>
        <parameter>
          <name>buildDirectory</name>
          <type>java.lang.String</type>
          <required>true</required>
          <editable>true</editable>
          <description>The directory for the generated JAR.</description>
        </parameter>
        <parameter>
          <name>instructions</name>
          <type>java.util.Map</type>
          <required>false</required>
          <editable>true</editable>
          <description>The name of the generated JAR file.</description>
        </parameter>
        <parameter>
          <name>outputDirectory</name>
          <type>java.io.File</type>
          <required>true</required>
          <editable>true</editable>
          <description>The directory for the generated bundles.</description>
        </parameter>
        <parameter>
          <name>project</name>
          <type>org.apache.maven.project.MavenProject</type>
          <required>true</required>
          <editable>false</editable>
          <description>The Maven project.</description>
        </parameter>
        <parameter>
          <name>supportedProjectTypes</name>
          <type>java.util.List</type>
          <required>false</required>
          <editable>true</editable>
          <description>Project types which this plugin supports.</description>
        </parameter>
      </parameters>
      <configuration>
        <outputDirectory implementation="java.io.File">${project.build.outputDirectory}</outputDirectory>
        <baseDir implementation="java.io.File">${basedir}</baseDir>
        <buildDirectory implementation="java.lang.String">${project.build.directory}</buildDirectory>
        <project implementation="org.apache.maven.project.MavenProject">${project}</project>
      </configuration>
      <requirements>
        <requirement>
          <role>org.apache.maven.shared.osgi.Maven2OsgiConverter</role>
          <field-name>maven2OsgiConverter</field-name>
        </requirement>
      </requirements>
    </mojo>
    <mojo>
      <goal>manifest</goal>
      <description>Generate an OSGi manifest for this project</description>
      <requiresDependencyResolution>runtime</requiresDependencyResolution>
      <requiresDirectInvocation>false</requiresDirectInvocation>
      <requiresProject>true</requiresProject>
      <requiresReports>false</requiresReports>
      <aggregator>false</aggregator>
      <requiresOnline>false</requiresOnline>
      <inheritedByDefault>true</inheritedByDefault>
      <phase>process-classes</phase>
      <implementation>org.apache.felix.bundleplugin.ManifestPlugin</implementation>
      <language>java</language>
      <instantiationStrategy>per-lookup</instantiationStrategy>
      <executionStrategy>once-per-session</executionStrategy>
      <parameters>
        <parameter>
          <name>baseDir</name>
          <type>java.io.File</type>
          <required>true</required>
          <editable>true</editable>
          <description>The directory for the pom</description>
        </parameter>
        <parameter>
          <name>buildDirectory</name>
          <type>java.lang.String</type>
          <required>true</required>
          <editable>true</editable>
          <description>The directory for the generated JAR.</description>
        </parameter>
        <parameter>
          <name>instructions</name>
          <type>java.util.Map</type>
          <required>false</required>
          <editable>true</editable>
          <description>The name of the generated JAR file.</description>
        </parameter>
        <parameter>
          <name>manifestLocation</name>
          <type>java.lang.String</type>
          <required>false</required>
          <editable>true</editable>
          <description>Directory where the manifest will be written</description>
        </parameter>
        <parameter>
          <name>outputDirectory</name>
          <type>java.io.File</type>
          <required>true</required>
          <editable>true</editable>
          <description>The directory for the generated bundles.</description>
        </parameter>
        <parameter>
          <name>project</name>
          <type>org.apache.maven.project.MavenProject</type>
          <required>true</required>
          <editable>false</editable>
          <description>The Maven project.</description>
        </parameter>
        <parameter>
          <name>supportedProjectTypes</name>
          <type>java.util.List</type>
          <required>false</required>
          <editable>true</editable>
          <description>Project types which this plugin supports.</description>
        </parameter>
      </parameters>
      <configuration>
        <outputDirectory implementation="java.io.File">${project.build.outputDirectory}</outputDirectory>
        <baseDir implementation="java.io.File">${basedir}</baseDir>
        <buildDirectory implementation="java.lang.String">${project.build.directory}</buildDirectory>
        <project implementation="org.apache.maven.project.MavenProject">${project}</project>
        <manifestLocation implementation="java.lang.String">${project.build.outputDirectory}/META-INF</manifestLocation>
      </configuration>
      <requirements>
        <requirement>
          <role>org.apache.maven.shared.osgi.Maven2OsgiConverter</role>
          <field-name>maven2OsgiConverter</field-name>
        </requirement>
      </requirements>
    </mojo>
    <mojo>
      <goal>wrap</goal>
      <description></description>
      <requiresDependencyResolution>runtime</requiresDependencyResolution>
      <requiresDirectInvocation>false</requiresDirectInvocation>
      <requiresProject>true</requiresProject>
      <requiresReports>false</requiresReports>
      <aggregator>false</aggregator>
      <requiresOnline>false</requiresOnline>
      <inheritedByDefault>true</inheritedByDefault>
      <phase>package</phase>
      <implementation>org.apache.felix.bundleplugin.WrapPlugin</implementation>
      <language>java</language>
      <instantiationStrategy>per-lookup</instantiationStrategy>
      <executionStrategy>once-per-session</executionStrategy>
      <parameters>
        <parameter>
          <name>baseDir</name>
          <type>java.io.File</type>
          <required>true</required>
          <editable>true</editable>
          <description>The directory for the pom</description>
        </parameter>
        <parameter>
          <name>buildDirectory</name>
          <type>java.lang.String</type>
          <required>true</required>
          <editable>true</editable>
          <description>The directory for the generated JAR.</description>
        </parameter>
        <parameter>
          <name>instructions</name>
          <type>java.util.Map</type>
          <required>false</required>
          <editable>true</editable>
          <description>The name of the generated JAR file.</description>
        </parameter>
        <parameter>
          <name>localRepository</name>
          <type>org.apache.maven.artifact.repository.ArtifactRepository</type>
          <required>true</required>
          <editable>false</editable>
          <description>Local Repository.</description>
        </parameter>
        <parameter>
          <name>manifestLocation</name>
          <type>java.lang.String</type>
          <required>false</required>
          <editable>true</editable>
          <description>Directory where the manifest will be written</description>
        </parameter>
        <parameter>
          <name>outputDirectory</name>
          <type>java.io.File</type>
          <required>true</required>
          <editable>true</editable>
          <description>The directory for the generated bundles.</description>
        </parameter>
        <parameter>
          <name>project</name>
          <type>org.apache.maven.project.MavenProject</type>
          <required>true</required>
          <editable>false</editable>
          <description>The Maven project.</description>
        </parameter>
        <parameter>
          <name>remoteRepositories</name>
          <type>java.util.List</type>
          <required>true</required>
          <editable>false</editable>
          <description>Remote repositories</description>
        </parameter>
        <parameter>
          <name>supportedProjectTypes</name>
          <type>java.util.List</type>
          <required>false</required>
          <editable>true</editable>
          <description>Project types which this plugin supports.</description>
        </parameter>
      </parameters>
      <configuration>
        <outputDirectory implementation="java.io.File">${project.build.outputDirectory}</outputDirectory>
        <baseDir implementation="java.io.File">${basedir}</baseDir>
        <buildDirectory implementation="java.lang.String">${project.build.directory}</buildDirectory>
        <remoteRepositories implementation="java.util.List">${project.remoteArtifactRepositories}</remoteRepositories>
        <localRepository implementation="org.apache.maven.artifact.repository.ArtifactRepository">${localRepository}</localRepository>
        <project implementation="org.apache.maven.project.MavenProject">${project}</project>
        <manifestLocation implementation="java.lang.String">${project.build.outputDirectory}/META-INF</manifestLocation>
      </configuration>
      <requirements>
        <requirement>
          <role>org.apache.maven.shared.dependency.tree.DependencyTreeBuilder</role>
          <field-name>dependencyTreeBuilder</field-name>
        </requirement>
        <requirement>
          <role>org.apache.maven.artifact.resolver.ArtifactResolver</role>
          <field-name>artifactResolver</field-name>
        </requirement>
        <requirement>
          <role>org.apache.maven.project.MavenProjectBuilder</role>
          <field-name>mavenProjectBuilder</field-name>
        </requirement>
        <requirement>
          <role>org.apache.maven.artifact.resolver.ArtifactCollector</role>
          <field-name>collector</field-name>
        </requirement>
        <requirement>
          <role>org.apache.maven.shared.osgi.Maven2OsgiConverter</role>
          <field-name>maven2OsgiConverter</field-name>
        </requirement>
        <requirement>
          <role>org.apache.maven.artifact.factory.ArtifactFactory</role>
          <field-name>factory</field-name>
        </requirement>
        <requirement>
          <role>org.apache.maven.artifact.metadata.ArtifactMetadataSource</role>
          <field-name>artifactMetadataSource</field-name>
        </requirement>
      </requirements>
    </mojo>
  </mojos>
  <dependencies/>
</plugin>