<plugin>
  <description>A Maven 2 compatible plugin for QALab.</description>
  <groupId>net.objectlab</groupId>
  <artifactId>mvn-qalab-plugin</artifactId>
  <version>2.2</version>
  <goalPrefix>mvn-qalab</goalPrefix>
  <isolatedRealm>false</isolatedRealm>
  <inheritedByDefault>true</inheritedByDefault>
  <mojos>
    <mojo>
      <goal>chart</goal>
      <description>Goal which generates the QALab BuildStat chart.</description>
      <requiresDirectInvocation>false</requiresDirectInvocation>
      <requiresProject>true</requiresProject>
      <requiresReports>false</requiresReports>
      <aggregator>false</aggregator>
      <requiresOnline>false</requiresOnline>
      <inheritedByDefault>true</inheritedByDefault>
      <phase>site</phase>
      <implementation>net.objectlab.qalab.m2.BuildStatChartMojo</implementation>
      <language>java</language>
      <instantiationStrategy>per-lookup</instantiationStrategy>
      <executionStrategy>once-per-session</executionStrategy>
      <parameters>
        <parameter>
          <name>filePrefix</name>
          <type>java.lang.String</type>
          <required>false</required>
          <editable>true</editable>
          <description>File prefix for the charts (e.g. cobertura-) Default empty.</description>
        </parameter>
        <parameter>
          <name>height</name>
          <type>int</type>
          <required>false</required>
          <editable>true</editable>
          <description>The Chart height.</description>
        </parameter>
        <parameter>
          <name>movingAverage</name>
          <type>int</type>
          <required>false</required>
          <editable>true</editable>
          <description>If the movingAverage is &amp;lt;= 0 then there is no moving average, otherwise it shows the average based on the last n points, where n is the value of this field.</description>
        </parameter>
        <parameter>
          <name>qalabFile</name>
          <type>java.io.File</type>
          <required>true</required>
          <editable>true</editable>
          <description>The QALab properties file.</description>
        </parameter>
        <parameter>
          <name>quiet</name>
          <type>boolean</type>
          <required>false</required>
          <editable>true</editable>
          <description>If true then any debug logging output will be suppressed.</description>
        </parameter>
        <parameter>
          <name>summaryOnly</name>
          <type>boolean</type>
          <required>false</required>
          <editable>true</editable>
          <description>If true then generate a summary chart only.</description>
        </parameter>
        <parameter>
          <name>summaryTypes</name>
          <type>java.lang.String</type>
          <required>false</required>
          <editable>true</editable>
          <description>Statistic type to appear on summary chart, defaulted to &apos;checkstyle,pmd,findbugs,simian,pmd-cpd&apos;.</description>
        </parameter>
        <parameter>
          <name>toDir</name>
          <type>java.io.File</type>
          <required>true</required>
          <editable>true</editable>
          <description>The directory to put the chart.</description>
        </parameter>
        <parameter>
          <name>types</name>
          <type>java.lang.String</type>
          <required>false</required>
          <editable>true</editable>
          <description>Statistic type, defaulted to &apos;checkstyle,pmd,findbugs,simian,pmd-cpd,cobertura-line,cobertura-branch&apos;.</description>
        </parameter>
        <parameter>
          <name>width</name>
          <type>int</type>
          <required>false</required>
          <editable>true</editable>
          <description>The Chart width.</description>
        </parameter>
        <parameter>
          <name>xAxisSummaryTitle</name>
          <type>java.lang.String</type>
          <required>false</required>
          <editable>true</editable>
          <description>X Axis Title for Summary</description>
        </parameter>
        <parameter>
          <name>xAxisTitle</name>
          <type>java.lang.String</type>
          <required>false</required>
          <editable>true</editable>
          <description>X Axis Title</description>
        </parameter>
        <parameter>
          <name>yAxisSummaryTitle</name>
          <type>java.lang.String</type>
          <required>false</required>
          <editable>true</editable>
          <description>Y Axis Title for Summary</description>
        </parameter>
        <parameter>
          <name>yAxisTitle</name>
          <type>java.lang.String</type>
          <required>false</required>
          <editable>true</editable>
          <description>Y Axis Title</description>
        </parameter>
      </parameters>
      <configuration>
        <types implementation="java.lang.String" default-value="checkstyle,pmd,findbugs,simian,pmd-cpd,cobertura-line,cobertura-branch"/>
        <width implementation="int" default-value="750"/>
        <summaryOnly implementation="boolean" default-value="false"/>
        <summaryTypes implementation="java.lang.String" default-value="checkstyle,pmd,findbugs,simian,pmd-cpd"/>
        <yAxisSummaryTitle implementation="java.lang.String" default-value="Violation Count"/>
        <toDir implementation="java.io.File">${project.reporting.outputDirectory}/qalab</toDir>
        <yAxisTitle implementation="java.lang.String" default-value="Violation Count / Coverage Percent"/>
        <movingAverage implementation="int" default-value="0"/>
        <height implementation="int" default-value="500"/>
        <quiet implementation="boolean" default-value="false"/>
        <xAxisSummaryTitle implementation="java.lang.String" default-value="Date"/>
        <xAxisTitle implementation="java.lang.String" default-value="Date"/>
        <qalabFile implementation="java.io.File">${project.basedir}/qalab.xml</qalabFile>
      </configuration>
    </mojo>
    <mojo>
      <goal>merge</goal>
      <description>Goal that handles the merge of statistics into qalab.xml.</description>
      <requiresDirectInvocation>false</requiresDirectInvocation>
      <requiresProject>true</requiresProject>
      <requiresReports>false</requiresReports>
      <aggregator>false</aggregator>
      <requiresOnline>false</requiresOnline>
      <inheritedByDefault>true</inheritedByDefault>
      <phase>deploy</phase>
      <implementation>net.objectlab.qalab.m2.BuildStatMergeMojo</implementation>
      <language>java</language>
      <instantiationStrategy>per-lookup</instantiationStrategy>
      <executionStrategy>once-per-session</executionStrategy>
      <parameters>
        <parameter>
          <name>dateOnly</name>
          <type>boolean</type>
          <required>false</required>
          <editable>true</editable>
          <description>If true then use ONLY DATE for timestamp (use in conjunction action replace).</description>
        </parameter>
        <parameter>
          <name>exporterClassName</name>
          <type>java.lang.String</type>
          <required>false</required>
          <editable>true</editable>
          <description>An exporter class name.</description>
        </parameter>
        <parameter>
          <name>handler</name>
          <type>java.lang.String</type>
          <required>false</required>
          <editable>true</editable>
          <description>The fully qualified class name for the handler for the given statistics. &lt;ul&gt; The built-in handlers are: &lt;li&gt;net.objectlab.qalab.parser.CheckstyleStatMerge&lt;/li&gt; &lt;li&gt;net.objectlab.qalab.parser.PMDStatMerge&lt;/li&gt; &lt;li&gt;net.objectlab.qalab.parser.FindBugsStatMerge&lt;/li&gt; &lt;li&gt;net.objectlab.qalab.parser.SimianStatMerge&lt;/li&gt; &lt;/ul&gt;</description>
        </parameter>
        <parameter>
          <name>inputFile</name>
          <type>java.io.File</type>
          <required>false</required>
          <editable>true</editable>
          <description>The file the whose values will be incorporated in the qalab.xml. This file will have been generated by checkstyle, or pmd etc.</description>
        </parameter>
        <parameter>
          <name>mergerTimeStamp</name>
          <type>java.lang.String</type>
          <required>false</required>
          <editable>true</editable>
          <description>The timestamp for the stats.</description>
        </parameter>
        <parameter>
          <name>outputFile</name>
          <type>java.io.File</type>
          <required>false</required>
          <editable>true</editable>
          <description>The merged properties file. By default this is generated into the root of the project as it is often checked into source control.</description>
        </parameter>
        <parameter>
          <name>propertiesFile</name>
          <type>java.io.File</type>
          <required>false</required>
          <editable>true</editable>
          <description>The properties file to use instead of setting them one by one.</description>
        </parameter>
        <parameter>
          <name>quiet</name>
          <type>boolean</type>
          <required>false</required>
          <editable>true</editable>
          <description>If true then any debug logging output will be suppressed.</description>
        </parameter>
        <parameter>
          <name>srcDir</name>
          <type>java.lang.String</type>
          <required>false</required>
          <editable>true</editable>
          <description>The directory where the source code is.</description>
        </parameter>
      </parameters>
      <configuration>
        <srcDir implementation="java.lang.String">${project.build.sourceDirectory}</srcDir>
        <quiet implementation="boolean" default-value="false"/>
        <outputFile implementation="java.io.File">${project.basedir}/qalab.xml</outputFile>
        <dateOnly implementation="boolean" default-value="true"/>
        <exporterClassName implementation="java.lang.String" default-value="net.objectlab.qalab.exporter.QALabXMLExporter"/>
      </configuration>
    </mojo>
    <mojo>
      <goal>movers</goal>
      <description>Goal to create the mover XML file given the correct parameters. The movers report shows what has changed over the last &quot;x&quot; hours.</description>
      <requiresDirectInvocation>false</requiresDirectInvocation>
      <requiresProject>true</requiresProject>
      <requiresReports>false</requiresReports>
      <aggregator>false</aggregator>
      <requiresOnline>false</requiresOnline>
      <inheritedByDefault>true</inheritedByDefault>
      <phase>deploy</phase>
      <implementation>net.objectlab.qalab.m2.BuildStatMoversMojo</implementation>
      <language>java</language>
      <instantiationStrategy>per-lookup</instantiationStrategy>
      <executionStrategy>once-per-session</executionStrategy>
      <parameters>
        <parameter>
          <name>qalabFile</name>
          <type>java.io.File</type>
          <required>false</required>
          <editable>true</editable>
          <description>The qalabFile, typically qalab.xml.</description>
        </parameter>
        <parameter>
          <name>qalabMoversOutputFile</name>
          <type>java.io.File</type>
          <required>false</required>
          <editable>true</editable>
          <description>The output XML file with ups and downs.</description>
        </parameter>
        <parameter>
          <name>quiet</name>
          <type>boolean</type>
          <required>false</required>
          <editable>true</editable>
          <description>If true then any debug logging output will be suppressed.</description>
        </parameter>
        <parameter>
          <name>startTimeHoursOffset</name>
          <type>java.lang.String</type>
          <required>false</required>
          <editable>true</editable>
          <description>The number of hours to define the time window from now.</description>
        </parameter>
        <parameter>
          <name>types</name>
          <type>java.lang.String</type>
          <required>false</required>
          <editable>true</editable>
          <description>Statistic types to be taken into account (checkstyle|findbugs|pmd|simian|pmd-cpd|cobertura-line|cobertura-branch). Or comma separated combinations. Default is checkstyle, pmd and findbugs. Please note that there is no point of adding pmd-cpd or Simian as no statistics are kept at file level for those.</description>
        </parameter>
        <parameter>
          <name>weekendAdjustment</name>
          <type>boolean</type>
          <required>false</required>
          <editable>true</editable>
          <description>if true, adjust for weekend ie add 48h if start time falls on a weekend.</description>
        </parameter>
      </parameters>
      <configuration>
        <types implementation="java.lang.String" default-value="checkstyle,pmd,findbugs,cobertura-line,cobertura-branch"/>
        <quiet implementation="boolean" default-value="false"/>
        <weekendAdjustment implementation="boolean" default-value="true"/>
        <startTimeHoursOffset implementation="java.lang.String" default-value="54"/>
        <qalabMoversOutputFile implementation="java.io.File">${project.build.directory}/qalab/qalab-movers.xml</qalabMoversOutputFile>
        <qalabFile implementation="java.io.File">${project.basedir}/qalab.xml</qalabFile>
      </configuration>
    </mojo>
    <mojo>
      <goal>merge-checkstyle</goal>
      <description>Goal that handles the Checkstyle statistics into qalab.xml, it should not request any tailoring if you use the Maven default for Checkstyle.</description>
      <requiresDirectInvocation>false</requiresDirectInvocation>
      <requiresProject>true</requiresProject>
      <requiresReports>false</requiresReports>
      <aggregator>false</aggregator>
      <requiresOnline>false</requiresOnline>
      <inheritedByDefault>true</inheritedByDefault>
      <phase>site</phase>
      <implementation>net.objectlab.qalab.m2.CheckstyleStatMergeMojo</implementation>
      <language>java</language>
      <instantiationStrategy>per-lookup</instantiationStrategy>
      <executionStrategy>once-per-session</executionStrategy>
      <parameters>
        <parameter>
          <name>dateOnly</name>
          <type>boolean</type>
          <required>false</required>
          <editable>true</editable>
          <description>If true then use ONLY DATE for timestamp (use in conjunction action replace).</description>
        </parameter>
        <parameter>
          <name>exporterClassName</name>
          <type>java.lang.String</type>
          <required>false</required>
          <editable>true</editable>
          <description>An exporter class name.</description>
        </parameter>
        <parameter>
          <name>handler</name>
          <type>java.lang.String</type>
          <required>false</required>
          <editable>true</editable>
          <description>The fully qualified class name for the handler for the given statistics. &lt;ul&gt; The built-in handlers are: &lt;li&gt;net.objectlab.qalab.parser.CheckstyleStatMerge&lt;/li&gt; &lt;li&gt;net.objectlab.qalab.parser.PMDStatMerge&lt;/li&gt; &lt;li&gt;net.objectlab.qalab.parser.FindBugsStatMerge&lt;/li&gt; &lt;li&gt;net.objectlab.qalab.parser.SimianStatMerge&lt;/li&gt; &lt;/ul&gt;</description>
        </parameter>
        <parameter>
          <name>inputFile</name>
          <type>java.io.File</type>
          <required>false</required>
          <editable>true</editable>
          <description>The file the whose values will be incorporated in the qalab.xml. This file will have been generated by checkstyle, or pmd etc.</description>
        </parameter>
        <parameter>
          <name>mergerTimeStamp</name>
          <type>java.lang.String</type>
          <required>false</required>
          <editable>true</editable>
          <description>The timestamp for the stats.</description>
        </parameter>
        <parameter>
          <name>outputFile</name>
          <type>java.io.File</type>
          <required>false</required>
          <editable>true</editable>
          <description>The merged properties file. By default this is generated into the root of the project as it is often checked into source control.</description>
        </parameter>
        <parameter>
          <name>propertiesFile</name>
          <type>java.io.File</type>
          <required>false</required>
          <editable>true</editable>
          <description>The properties file to use instead of setting them one by one.</description>
        </parameter>
        <parameter>
          <name>quiet</name>
          <type>boolean</type>
          <required>false</required>
          <editable>true</editable>
          <description>If true then any debug logging output will be suppressed.</description>
        </parameter>
        <parameter>
          <name>srcDir</name>
          <type>java.lang.String</type>
          <required>false</required>
          <editable>true</editable>
          <description>The directory where the source code is.</description>
        </parameter>
      </parameters>
      <configuration>
        <srcDir implementation="java.lang.String">${project.build.sourceDirectory}</srcDir>
        <inputFile implementation="java.io.File">${project.build.directory}/checkstyle-result.xml</inputFile>
        <handler implementation="java.lang.String" default-value="net.objectlab.qalab.parser.CheckstyleStatMerge"/>
        <quiet implementation="boolean" default-value="false"/>
        <outputFile implementation="java.io.File">${project.basedir}/qalab.xml</outputFile>
        <dateOnly implementation="boolean" default-value="true"/>
        <exporterClassName implementation="java.lang.String" default-value="net.objectlab.qalab.exporter.QALabXMLExporter"/>
      </configuration>
    </mojo>
    <mojo>
      <goal>merge-cobertura-branch</goal>
      <description>Goal that handles the Cobertura Branch statistics into qalab.xml, it should not request any tailoring if you use the Maven default for Cobertura.</description>
      <requiresDirectInvocation>false</requiresDirectInvocation>
      <requiresProject>true</requiresProject>
      <requiresReports>false</requiresReports>
      <aggregator>false</aggregator>
      <requiresOnline>false</requiresOnline>
      <inheritedByDefault>true</inheritedByDefault>
      <phase>site</phase>
      <implementation>net.objectlab.qalab.m2.CoberturaBranchStatMergeMojo</implementation>
      <language>java</language>
      <instantiationStrategy>per-lookup</instantiationStrategy>
      <executionStrategy>once-per-session</executionStrategy>
      <parameters>
        <parameter>
          <name>dateOnly</name>
          <type>boolean</type>
          <required>false</required>
          <editable>true</editable>
          <description>If true then use ONLY DATE for timestamp (use in conjunction action replace).</description>
        </parameter>
        <parameter>
          <name>exporterClassName</name>
          <type>java.lang.String</type>
          <required>false</required>
          <editable>true</editable>
          <description>An exporter class name.</description>
        </parameter>
        <parameter>
          <name>handler</name>
          <type>java.lang.String</type>
          <required>false</required>
          <editable>true</editable>
          <description>The fully qualified class name for the handler for the given statistics. &lt;ul&gt; The built-in handlers are: &lt;li&gt;net.objectlab.qalab.parser.CheckstyleStatMerge&lt;/li&gt; &lt;li&gt;net.objectlab.qalab.parser.PMDStatMerge&lt;/li&gt; &lt;li&gt;net.objectlab.qalab.parser.FindBugsStatMerge&lt;/li&gt; &lt;li&gt;net.objectlab.qalab.parser.SimianStatMerge&lt;/li&gt; &lt;li&gt;etc...&lt;/li&gt; &lt;/ul&gt;</description>
        </parameter>
        <parameter>
          <name>inputFile</name>
          <type>java.io.File</type>
          <required>false</required>
          <editable>true</editable>
          <description>The file the whose values will be incorporated in the qalab.xml. This file will have been generated by Cobertura.</description>
        </parameter>
        <parameter>
          <name>mergerTimeStamp</name>
          <type>java.lang.String</type>
          <required>false</required>
          <editable>true</editable>
          <description>The timestamp for the stats.</description>
        </parameter>
        <parameter>
          <name>outputFile</name>
          <type>java.io.File</type>
          <required>false</required>
          <editable>true</editable>
          <description>The merged properties file. By default this is generated into the root of the project as it is often checked into source control.</description>
        </parameter>
        <parameter>
          <name>propertiesFile</name>
          <type>java.io.File</type>
          <required>false</required>
          <editable>true</editable>
          <description>The properties file to use instead of setting them one by one.</description>
        </parameter>
        <parameter>
          <name>quiet</name>
          <type>boolean</type>
          <required>false</required>
          <editable>true</editable>
          <description>If true then any debug logging output will be suppressed.</description>
        </parameter>
        <parameter>
          <name>srcDir</name>
          <type>java.lang.String</type>
          <required>false</required>
          <editable>true</editable>
          <description>The directory where the source code is.</description>
        </parameter>
      </parameters>
      <configuration>
        <srcDir implementation="java.lang.String">${project.build.sourceDirectory}</srcDir>
        <inputFile implementation="java.io.File">${project.reporting.outputDirectory}/cobertura/coverage.xml</inputFile>
        <handler implementation="java.lang.String" default-value="net.objectlab.qalab.parser.CoberturaBranchStatMerge"/>
        <quiet implementation="boolean" default-value="false"/>
        <outputFile implementation="java.io.File">${project.basedir}/qalab.xml</outputFile>
        <dateOnly implementation="boolean" default-value="true"/>
        <exporterClassName implementation="java.lang.String" default-value="net.objectlab.qalab.exporter.QALabXMLExporter"/>
      </configuration>
    </mojo>
    <mojo>
      <goal>cobertura-chart</goal>
      <description>Goal which generates the QALab BuildStat chart.</description>
      <requiresDirectInvocation>false</requiresDirectInvocation>
      <requiresProject>true</requiresProject>
      <requiresReports>false</requiresReports>
      <aggregator>false</aggregator>
      <requiresOnline>false</requiresOnline>
      <inheritedByDefault>true</inheritedByDefault>
      <phase>site</phase>
      <implementation>net.objectlab.qalab.m2.CoberturaChartMojo</implementation>
      <language>java</language>
      <instantiationStrategy>per-lookup</instantiationStrategy>
      <executionStrategy>once-per-session</executionStrategy>
      <parameters>
        <parameter>
          <name>filePrefix</name>
          <type>java.lang.String</type>
          <required>false</required>
          <editable>true</editable>
          <description>File prefix for the charts (e.g. cobertura-) Default empty.</description>
        </parameter>
        <parameter>
          <name>height</name>
          <type>int</type>
          <required>false</required>
          <editable>true</editable>
          <description>The Chart height.</description>
        </parameter>
        <parameter>
          <name>movingAverage</name>
          <type>int</type>
          <required>false</required>
          <editable>true</editable>
          <description>If the movingAverage is &amp;lt;= 0 then there is no moving average, otherwise it shows the average based on the last n points, where n is the value of this field.</description>
        </parameter>
        <parameter>
          <name>qalabFile</name>
          <type>java.io.File</type>
          <required>true</required>
          <editable>true</editable>
          <description>The QALab properties file.</description>
        </parameter>
        <parameter>
          <name>quiet</name>
          <type>boolean</type>
          <required>false</required>
          <editable>true</editable>
          <description>If true then any debug logging output will be suppressed.</description>
        </parameter>
        <parameter>
          <name>summaryOnly</name>
          <type>boolean</type>
          <required>false</required>
          <editable>true</editable>
          <description>If true then generate a summary chart only.</description>
        </parameter>
        <parameter>
          <name>summaryTypes</name>
          <type>java.lang.String</type>
          <required>false</required>
          <editable>true</editable>
          <description>Statistic type to appear on summary chart, defaulted to &apos;cobertura-branch,cobertura-line&apos;.</description>
        </parameter>
        <parameter>
          <name>toDir</name>
          <type>java.io.File</type>
          <required>true</required>
          <editable>true</editable>
          <description>The directory to put the chart.</description>
        </parameter>
        <parameter>
          <name>types</name>
          <type>java.lang.String</type>
          <required>false</required>
          <editable>true</editable>
          <description>Statistic type, defaulted to &apos;checkstyle,pmd,findbugs,simian,pmd-cpd,cobertura-line,cobertura-branch&apos;.</description>
        </parameter>
        <parameter>
          <name>width</name>
          <type>int</type>
          <required>false</required>
          <editable>true</editable>
          <description>The Chart width.</description>
        </parameter>
        <parameter>
          <name>xAxisSummaryTitle</name>
          <type>java.lang.String</type>
          <required>false</required>
          <editable>true</editable>
          <description>X Axis Title for Summary</description>
        </parameter>
        <parameter>
          <name>xAxisTitle</name>
          <type>java.lang.String</type>
          <required>false</required>
          <editable>true</editable>
          <description>X Axis Title</description>
        </parameter>
        <parameter>
          <name>yAxisSummaryTitle</name>
          <type>java.lang.String</type>
          <required>false</required>
          <editable>true</editable>
          <description>Y Axis Title for Summary</description>
        </parameter>
        <parameter>
          <name>yAxisTitle</name>
          <type>java.lang.String</type>
          <required>false</required>
          <editable>true</editable>
          <description>Y Axis Title</description>
        </parameter>
      </parameters>
      <configuration>
        <types implementation="java.lang.String" default-value="checkstyle,pmd,findbugs,simian,pmd-cpd,cobertura-line,cobertura-branch"/>
        <width implementation="int" default-value="750"/>
        <summaryOnly implementation="boolean" default-value="true"/>
        <summaryTypes implementation="java.lang.String" default-value="cobertura-branch,cobertura-line"/>
        <yAxisSummaryTitle implementation="java.lang.String" default-value="Violation Count"/>
        <toDir implementation="java.io.File">${project.reporting.outputDirectory}/qalab</toDir>
        <yAxisTitle implementation="java.lang.String" default-value="Violation Count / Coverage Percent"/>
        <movingAverage implementation="int" default-value="0"/>
        <height implementation="int" default-value="500"/>
        <quiet implementation="boolean" default-value="false"/>
        <xAxisSummaryTitle implementation="java.lang.String" default-value="Date"/>
        <xAxisTitle implementation="java.lang.String" default-value="Date"/>
        <filePrefix implementation="java.lang.String" default-value="cobertura-"/>
        <qalabFile implementation="java.io.File">${project.basedir}/qalab.xml</qalabFile>
      </configuration>
    </mojo>
    <mojo>
      <goal>merge-cobertura-line</goal>
      <description>Goal that handles the Cobertura Line statistics into qalab.xml, it should not request any tailoring if you use the Maven default for Cobertura.</description>
      <requiresDirectInvocation>false</requiresDirectInvocation>
      <requiresProject>true</requiresProject>
      <requiresReports>false</requiresReports>
      <aggregator>false</aggregator>
      <requiresOnline>false</requiresOnline>
      <inheritedByDefault>true</inheritedByDefault>
      <phase>site</phase>
      <implementation>net.objectlab.qalab.m2.CoberturaLineStatMergeMojo</implementation>
      <language>java</language>
      <instantiationStrategy>per-lookup</instantiationStrategy>
      <executionStrategy>once-per-session</executionStrategy>
      <parameters>
        <parameter>
          <name>dateOnly</name>
          <type>boolean</type>
          <required>false</required>
          <editable>true</editable>
          <description>If true then use ONLY DATE for timestamp (use in conjunction action replace).</description>
        </parameter>
        <parameter>
          <name>exporterClassName</name>
          <type>java.lang.String</type>
          <required>false</required>
          <editable>true</editable>
          <description>An exporter class name.</description>
        </parameter>
        <parameter>
          <name>handler</name>
          <type>java.lang.String</type>
          <required>false</required>
          <editable>true</editable>
          <description>The fully qualified class name for the handler for the given statistics. &lt;ul&gt; The built-in handlers are: &lt;li&gt;net.objectlab.qalab.parser.CheckstyleStatMerge&lt;/li&gt; &lt;li&gt;net.objectlab.qalab.parser.PMDStatMerge&lt;/li&gt; &lt;li&gt;net.objectlab.qalab.parser.FindBugsStatMerge&lt;/li&gt; &lt;li&gt;net.objectlab.qalab.parser.SimianStatMerge&lt;/li&gt; &lt;/ul&gt;</description>
        </parameter>
        <parameter>
          <name>inputFile</name>
          <type>java.io.File</type>
          <required>false</required>
          <editable>true</editable>
          <description>The file the whose values will be incorporated in the qalab.xml. This file will have been generated by Cobertura.</description>
        </parameter>
        <parameter>
          <name>mergerTimeStamp</name>
          <type>java.lang.String</type>
          <required>false</required>
          <editable>true</editable>
          <description>The timestamp for the stats.</description>
        </parameter>
        <parameter>
          <name>outputFile</name>
          <type>java.io.File</type>
          <required>false</required>
          <editable>true</editable>
          <description>The merged properties file. By default this is generated into the root of the project as it is often checked into source control.</description>
        </parameter>
        <parameter>
          <name>propertiesFile</name>
          <type>java.io.File</type>
          <required>false</required>
          <editable>true</editable>
          <description>The properties file to use instead of setting them one by one.</description>
        </parameter>
        <parameter>
          <name>quiet</name>
          <type>boolean</type>
          <required>false</required>
          <editable>true</editable>
          <description>If true then any debug logging output will be suppressed.</description>
        </parameter>
        <parameter>
          <name>srcDir</name>
          <type>java.lang.String</type>
          <required>false</required>
          <editable>true</editable>
          <description>The directory where the source code is.</description>
        </parameter>
      </parameters>
      <configuration>
        <srcDir implementation="java.lang.String">${project.build.sourceDirectory}</srcDir>
        <inputFile implementation="java.io.File">${project.reporting.outputDirectory}/cobertura/coverage.xml</inputFile>
        <handler implementation="java.lang.String" default-value="net.objectlab.qalab.parser.CoberturaLineStatMerge"/>
        <quiet implementation="boolean" default-value="false"/>
        <outputFile implementation="java.io.File">${project.basedir}/qalab.xml</outputFile>
        <dateOnly implementation="boolean" default-value="true"/>
        <exporterClassName implementation="java.lang.String" default-value="net.objectlab.qalab.exporter.QALabXMLExporter"/>
      </configuration>
    </mojo>
    <mojo>
      <goal>merge-cpd</goal>
      <description>Goal that handles the PMD CPD statistics into qalab.xml, it should not request any tailoring if you use the Maven default for PMD CD.</description>
      <requiresDirectInvocation>false</requiresDirectInvocation>
      <requiresProject>true</requiresProject>
      <requiresReports>false</requiresReports>
      <aggregator>false</aggregator>
      <requiresOnline>false</requiresOnline>
      <inheritedByDefault>true</inheritedByDefault>
      <phase>site</phase>
      <implementation>net.objectlab.qalab.m2.CPDStatMergeMojo</implementation>
      <language>java</language>
      <instantiationStrategy>per-lookup</instantiationStrategy>
      <executionStrategy>once-per-session</executionStrategy>
      <parameters>
        <parameter>
          <name>dateOnly</name>
          <type>boolean</type>
          <required>false</required>
          <editable>true</editable>
          <description>If true then use ONLY DATE for timestamp (use in conjunction action replace).</description>
        </parameter>
        <parameter>
          <name>exporterClassName</name>
          <type>java.lang.String</type>
          <required>false</required>
          <editable>true</editable>
          <description>An exporter class name.</description>
        </parameter>
        <parameter>
          <name>handler</name>
          <type>java.lang.String</type>
          <required>false</required>
          <editable>true</editable>
          <description>The fully qualified class name for the handler for the given statistics. &lt;ul&gt; The built-in handlers are: &lt;li&gt;net.objectlab.qalab.parser.CheckstyleStatMerge&lt;/li&gt; &lt;li&gt;net.objectlab.qalab.parser.PMDStatMerge&lt;/li&gt; &lt;li&gt;net.objectlab.qalab.parser.FindBugsStatMerge&lt;/li&gt; &lt;li&gt;net.objectlab.qalab.parser.SimianStatMerge&lt;/li&gt; &lt;/ul&gt;</description>
        </parameter>
        <parameter>
          <name>inputFile</name>
          <type>java.io.File</type>
          <required>false</required>
          <editable>true</editable>
          <description>The file the whose values will be incorporated in the qalab.xml. This file will have been generated by checkstyle, or pmd etc.</description>
        </parameter>
        <parameter>
          <name>mergerTimeStamp</name>
          <type>java.lang.String</type>
          <required>false</required>
          <editable>true</editable>
          <description>The timestamp for the stats.</description>
        </parameter>
        <parameter>
          <name>outputFile</name>
          <type>java.io.File</type>
          <required>false</required>
          <editable>true</editable>
          <description>The merged properties file. By default this is generated into the root of the project as it is often checked into source control.</description>
        </parameter>
        <parameter>
          <name>propertiesFile</name>
          <type>java.io.File</type>
          <required>false</required>
          <editable>true</editable>
          <description>The properties file to use instead of setting them one by one.</description>
        </parameter>
        <parameter>
          <name>quiet</name>
          <type>boolean</type>
          <required>false</required>
          <editable>true</editable>
          <description>If true then any debug logging output will be suppressed.</description>
        </parameter>
        <parameter>
          <name>srcDir</name>
          <type>java.lang.String</type>
          <required>false</required>
          <editable>true</editable>
          <description>The directory where the source code is.</description>
        </parameter>
      </parameters>
      <configuration>
        <srcDir implementation="java.lang.String">${project.build.sourceDirectory}</srcDir>
        <inputFile implementation="java.io.File">${project.build.directory}/cpd.xml</inputFile>
        <handler implementation="java.lang.String" default-value="net.objectlab.qalab.parser.PMDCPDStatMerge"/>
        <quiet implementation="boolean" default-value="false"/>
        <outputFile implementation="java.io.File">${project.basedir}/qalab.xml</outputFile>
        <dateOnly implementation="boolean" default-value="true"/>
        <exporterClassName implementation="java.lang.String" default-value="net.objectlab.qalab.exporter.QALabXMLExporter"/>
      </configuration>
    </mojo>
    <mojo>
      <goal>merge-findbugs</goal>
      <description>Goal that handles the FindBugs statistics into qalab.xml, it should not request any tailoring if you use the Maven default for FindBugs.</description>
      <requiresDirectInvocation>false</requiresDirectInvocation>
      <requiresProject>true</requiresProject>
      <requiresReports>false</requiresReports>
      <aggregator>false</aggregator>
      <requiresOnline>false</requiresOnline>
      <inheritedByDefault>true</inheritedByDefault>
      <phase>site</phase>
      <implementation>net.objectlab.qalab.m2.FindBugsStatMergeMojo</implementation>
      <language>java</language>
      <instantiationStrategy>per-lookup</instantiationStrategy>
      <executionStrategy>once-per-session</executionStrategy>
      <parameters>
        <parameter>
          <name>dateOnly</name>
          <type>boolean</type>
          <required>false</required>
          <editable>true</editable>
          <description>If true then use ONLY DATE for timestamp (use in conjunction action replace).</description>
        </parameter>
        <parameter>
          <name>exporterClassName</name>
          <type>java.lang.String</type>
          <required>false</required>
          <editable>true</editable>
          <description>An exporter class name.</description>
        </parameter>
        <parameter>
          <name>handler</name>
          <type>java.lang.String</type>
          <required>false</required>
          <editable>true</editable>
          <description>The fully qualified class name for the handler for the given statistics. &lt;ul&gt; The built-in handlers are: &lt;li&gt;net.objectlab.qalab.parser.CheckstyleStatMerge&lt;/li&gt; &lt;li&gt;net.objectlab.qalab.parser.PMDStatMerge&lt;/li&gt; &lt;li&gt;net.objectlab.qalab.parser.FindBugsStatMerge&lt;/li&gt; &lt;li&gt;net.objectlab.qalab.parser.SimianStatMerge&lt;/li&gt; &lt;/ul&gt;</description>
        </parameter>
        <parameter>
          <name>inputFile</name>
          <type>java.io.File</type>
          <required>false</required>
          <editable>true</editable>
          <description>The file the whose values will be incorporated in the qalab.xml. This file will have been generated by checkstyle, or pmd etc.</description>
        </parameter>
        <parameter>
          <name>mergerTimeStamp</name>
          <type>java.lang.String</type>
          <required>false</required>
          <editable>true</editable>
          <description>The timestamp for the stats.</description>
        </parameter>
        <parameter>
          <name>outputFile</name>
          <type>java.io.File</type>
          <required>false</required>
          <editable>true</editable>
          <description>The merged properties file. By default this is generated into the root of the project as it is often checked into source control.</description>
        </parameter>
        <parameter>
          <name>propertiesFile</name>
          <type>java.io.File</type>
          <required>false</required>
          <editable>true</editable>
          <description>The properties file to use instead of setting them one by one.</description>
        </parameter>
        <parameter>
          <name>quiet</name>
          <type>boolean</type>
          <required>false</required>
          <editable>true</editable>
          <description>If true then any debug logging output will be suppressed.</description>
        </parameter>
        <parameter>
          <name>srcDir</name>
          <type>java.lang.String</type>
          <required>false</required>
          <editable>true</editable>
          <description>The directory where the source code is.</description>
        </parameter>
      </parameters>
      <configuration>
        <srcDir implementation="java.lang.String">${project.build.sourceDirectory}</srcDir>
        <inputFile implementation="java.io.File">${project.build.directory}/findbugs.xml</inputFile>
        <handler implementation="java.lang.String" default-value="net.objectlab.qalab.parser.FindBugsStatMerge"/>
        <quiet implementation="boolean" default-value="false"/>
        <outputFile implementation="java.io.File">${project.basedir}/qalab.xml</outputFile>
        <dateOnly implementation="boolean" default-value="true"/>
        <exporterClassName implementation="java.lang.String" default-value="net.objectlab.qalab.exporter.QALabXMLExporter"/>
      </configuration>
    </mojo>
    <mojo>
      <goal>merge-pmd</goal>
      <description>Goal that handles the PMD statistics into qalab.xml, it should not request any tailoring if you use the Maven default for PMD.</description>
      <requiresDirectInvocation>false</requiresDirectInvocation>
      <requiresProject>true</requiresProject>
      <requiresReports>false</requiresReports>
      <aggregator>false</aggregator>
      <requiresOnline>false</requiresOnline>
      <inheritedByDefault>true</inheritedByDefault>
      <phase>site</phase>
      <implementation>net.objectlab.qalab.m2.PMDStatMergeMojo</implementation>
      <language>java</language>
      <instantiationStrategy>per-lookup</instantiationStrategy>
      <executionStrategy>once-per-session</executionStrategy>
      <parameters>
        <parameter>
          <name>dateOnly</name>
          <type>boolean</type>
          <required>false</required>
          <editable>true</editable>
          <description>If true then use ONLY DATE for timestamp (use in conjunction action replace).</description>
        </parameter>
        <parameter>
          <name>exporterClassName</name>
          <type>java.lang.String</type>
          <required>false</required>
          <editable>true</editable>
          <description>An exporter class name.</description>
        </parameter>
        <parameter>
          <name>handler</name>
          <type>java.lang.String</type>
          <required>false</required>
          <editable>true</editable>
          <description>The fully qualified class name for the handler for the given statistics. &lt;ul&gt; The built-in handlers are: &lt;li&gt;net.objectlab.qalab.parser.CheckstyleStatMerge&lt;/li&gt; &lt;li&gt;net.objectlab.qalab.parser.PMDStatMerge&lt;/li&gt; &lt;li&gt;net.objectlab.qalab.parser.FindBugsStatMerge&lt;/li&gt; &lt;li&gt;net.objectlab.qalab.parser.SimianStatMerge&lt;/li&gt; &lt;/ul&gt;</description>
        </parameter>
        <parameter>
          <name>inputFile</name>
          <type>java.io.File</type>
          <required>false</required>
          <editable>true</editable>
          <description>The file the whose values will be incorporated in the qalab.xml. This file will have been generated by checkstyle, or pmd etc.</description>
        </parameter>
        <parameter>
          <name>mergerTimeStamp</name>
          <type>java.lang.String</type>
          <required>false</required>
          <editable>true</editable>
          <description>The timestamp for the stats.</description>
        </parameter>
        <parameter>
          <name>outputFile</name>
          <type>java.io.File</type>
          <required>false</required>
          <editable>true</editable>
          <description>The merged properties file. By default this is generated into the root of the project as it is often checked into source control.</description>
        </parameter>
        <parameter>
          <name>propertiesFile</name>
          <type>java.io.File</type>
          <required>false</required>
          <editable>true</editable>
          <description>The properties file to use instead of setting them one by one.</description>
        </parameter>
        <parameter>
          <name>quiet</name>
          <type>boolean</type>
          <required>false</required>
          <editable>true</editable>
          <description>If true then any debug logging output will be suppressed.</description>
        </parameter>
        <parameter>
          <name>srcDir</name>
          <type>java.lang.String</type>
          <required>false</required>
          <editable>true</editable>
          <description>The directory where the source code is.</description>
        </parameter>
      </parameters>
      <configuration>
        <srcDir implementation="java.lang.String">${project.build.sourceDirectory}</srcDir>
        <inputFile implementation="java.io.File">${project.build.directory}/pmd.xml</inputFile>
        <handler implementation="java.lang.String" default-value="net.objectlab.qalab.parser.PMDStatMerge"/>
        <quiet implementation="boolean" default-value="false"/>
        <outputFile implementation="java.io.File">${project.basedir}/qalab.xml</outputFile>
        <dateOnly implementation="boolean" default-value="true"/>
        <exporterClassName implementation="java.lang.String" default-value="net.objectlab.qalab.exporter.QALabXMLExporter"/>
      </configuration>
    </mojo>
    <mojo>
      <goal>merge-all</goal>
      <description>Use this goal to merge all available statistics, easiest use, supported: Checkstyle, PMD, PMD CPD, Simian, FindBugs, Cobertua Line and Cobertura Branch; it should not require any tailoring if you are using the Maven default for all those reports.</description>
      <requiresDirectInvocation>false</requiresDirectInvocation>
      <requiresProject>true</requiresProject>
      <requiresReports>false</requiresReports>
      <aggregator>false</aggregator>
      <requiresOnline>false</requiresOnline>
      <inheritedByDefault>true</inheritedByDefault>
      <phase>site</phase>
      <implementation>net.objectlab.qalab.m2.QALabStatAllMergeMojo</implementation>
      <language>java</language>
      <instantiationStrategy>per-lookup</instantiationStrategy>
      <executionStrategy>once-per-session</executionStrategy>
      <parameters>
        <parameter>
          <name>checkstyleHandler</name>
          <type>java.lang.String</type>
          <required>false</required>
          <editable>true</editable>
          <description>The fully qualified class name for the handler for Checkstyle.</description>
        </parameter>
        <parameter>
          <name>checkstyleInputFile</name>
          <type>java.io.File</type>
          <required>false</required>
          <editable>true</editable>
          <description>The input file generated by Checkstyle.</description>
        </parameter>
        <parameter>
          <name>coberturaBranchHandler</name>
          <type>java.lang.String</type>
          <required>false</required>
          <editable>true</editable>
          <description>The fully qualified class name for the handler for Cobertura Branch.</description>
        </parameter>
        <parameter>
          <name>coberturaInputFile</name>
          <type>java.io.File</type>
          <required>false</required>
          <editable>true</editable>
          <description>The input file generated by Cobertura.</description>
        </parameter>
        <parameter>
          <name>coberturaLineHandler</name>
          <type>java.lang.String</type>
          <required>false</required>
          <editable>true</editable>
          <description>The fully qualified class name for the handler for Cobertura Line.</description>
        </parameter>
        <parameter>
          <name>dateOnly</name>
          <type>boolean</type>
          <required>false</required>
          <editable>true</editable>
          <description>If true then use ONLY DATE for timestamp (use in conjunction action replace).</description>
        </parameter>
        <parameter>
          <name>exporterClassName</name>
          <type>java.lang.String</type>
          <required>false</required>
          <editable>true</editable>
          <description>An exporter class name.</description>
        </parameter>
        <parameter>
          <name>findbugsHandler</name>
          <type>java.lang.String</type>
          <required>false</required>
          <editable>true</editable>
          <description>The fully qualified class name for the handler for FindBugs.</description>
        </parameter>
        <parameter>
          <name>findbugsInputFile</name>
          <type>java.io.File</type>
          <required>false</required>
          <editable>true</editable>
          <description>The input file generated by FindBugs.</description>
        </parameter>
        <parameter>
          <name>mergerTimeStamp</name>
          <type>java.lang.String</type>
          <required>false</required>
          <editable>true</editable>
          <description>The timestamp for the stats.</description>
        </parameter>
        <parameter>
          <name>outputFile</name>
          <type>java.io.File</type>
          <required>false</required>
          <editable>true</editable>
          <description>The merged properties file. By default this is generated into the root of the project as it is often checked into source control.</description>
        </parameter>
        <parameter>
          <name>pmdCpdHandler</name>
          <type>java.lang.String</type>
          <required>false</required>
          <editable>true</editable>
          <description>The fully qualified class name for the handler for PMD CPD.</description>
        </parameter>
        <parameter>
          <name>pmdCpdInputFile</name>
          <type>java.io.File</type>
          <required>false</required>
          <editable>true</editable>
          <description>The input file generated by PMD CPD.</description>
        </parameter>
        <parameter>
          <name>pmdHandler</name>
          <type>java.lang.String</type>
          <required>false</required>
          <editable>true</editable>
          <description>The fully qualified class name for the handler for PMD.</description>
        </parameter>
        <parameter>
          <name>pmdInputFile</name>
          <type>java.io.File</type>
          <required>false</required>
          <editable>true</editable>
          <description>The input file generated by PMD.</description>
        </parameter>
        <parameter>
          <name>propertiesFile</name>
          <type>java.io.File</type>
          <required>false</required>
          <editable>true</editable>
          <description>The properties file to use instead of setting them one by one.</description>
        </parameter>
        <parameter>
          <name>quiet</name>
          <type>boolean</type>
          <required>false</required>
          <editable>true</editable>
          <description>If true then any debug logging output will be suppressed.</description>
        </parameter>
        <parameter>
          <name>simianHandler</name>
          <type>java.lang.String</type>
          <required>false</required>
          <editable>true</editable>
          <description>The fully qualified class name for the handler for Simian.</description>
        </parameter>
        <parameter>
          <name>simianInputFile</name>
          <type>java.io.File</type>
          <required>false</required>
          <editable>true</editable>
          <description>The input file generated by Simian.</description>
        </parameter>
        <parameter>
          <name>srcDir</name>
          <type>java.lang.String</type>
          <required>false</required>
          <editable>true</editable>
          <description>The directory where the source code is.</description>
        </parameter>
      </parameters>
      <configuration>
        <simianInputFile implementation="java.io.File">${project.build.directory}/simian-raw-report.xml</simianInputFile>
        <pmdCpdInputFile implementation="java.io.File">${project.build.directory}/cpd.xml</pmdCpdInputFile>
        <findbugsInputFile implementation="java.io.File">${project.build.directory}/findbugs.xml</findbugsInputFile>
        <simianHandler implementation="java.lang.String" default-value="net.objectlab.qalab.parser.SimianStatMerge"/>
        <coberturaLineHandler implementation="java.lang.String" default-value="net.objectlab.qalab.parser.CoberturaLineStatMerge"/>
        <outputFile implementation="java.io.File">${project.basedir}/qalab.xml</outputFile>
        <exporterClassName implementation="java.lang.String" default-value="net.objectlab.qalab.exporter.QALabXMLExporter"/>
        <checkstyleInputFile implementation="java.io.File">${project.build.directory}/checkstyle-result.xml</checkstyleInputFile>
        <coberturaInputFile implementation="java.io.File">${project.reporting.outputDirectory}/cobertura/coverage.xml</coberturaInputFile>
        <srcDir implementation="java.lang.String">${project.build.sourceDirectory}</srcDir>
        <coberturaBranchHandler implementation="java.lang.String" default-value="net.objectlab.qalab.parser.CoberturaBranchStatMerge"/>
        <quiet implementation="boolean" default-value="false"/>
        <pmdInputFile implementation="java.io.File">${project.build.directory}/pmd.xml</pmdInputFile>
        <checkstyleHandler implementation="java.lang.String" default-value="net.objectlab.qalab.parser.CheckstyleStatMerge"/>
        <pmdHandler implementation="java.lang.String" default-value="net.objectlab.qalab.parser.PMDStatMerge"/>
        <pmdCpdHandler implementation="java.lang.String" default-value="net.objectlab.qalab.parser.PMDCPDStatMerge"/>
        <dateOnly implementation="boolean" default-value="true"/>
        <findbugsHandler implementation="java.lang.String" default-value="net.objectlab.qalab.parser.FindBugsStatMerge"/>
      </configuration>
    </mojo>
    <mojo>
      <goal>report</goal>
      <description>Goal that handles the generation of a site report based on the data in the qalab.xml file.</description>
      <requiresDirectInvocation>false</requiresDirectInvocation>
      <requiresProject>true</requiresProject>
      <requiresReports>false</requiresReports>
      <aggregator>false</aggregator>
      <requiresOnline>false</requiresOnline>
      <inheritedByDefault>true</inheritedByDefault>
      <phase>deploy</phase>
      <implementation>net.objectlab.qalab.m2.report.MainReport</implementation>
      <language>java</language>
      <instantiationStrategy>per-lookup</instantiationStrategy>
      <executionStrategy>once-per-session</executionStrategy>
      <parameters>
        <parameter>
          <name>inputFile</name>
          <type>java.io.File</type>
          <required>false</required>
          <editable>true</editable>
          <description>The generated qalab.xml file.</description>
        </parameter>
        <parameter>
          <name>moversBundledXsl</name>
          <type>java.lang.String</type>
          <required>false</required>
          <editable>true</editable>
          <description>The xslt stylesheet bundled, either qalab-chart-xdoc.xsl or qalab-chart-html.xsl.</description>
        </parameter>
        <parameter>
          <name>outputDirectory</name>
          <type>java.lang.String</type>
          <required>true</required>
          <editable>true</editable>
          <description>The directory where the generated html report will go. @ parameter expression=&quot;${project.reporting.outputDirectory}/qalab&quot;</description>
        </parameter>
        <parameter>
          <name>project</name>
          <type>org.apache.maven.project.MavenProject</type>
          <required>true</required>
          <editable>false</editable>
          <description>The maven project.</description>
        </parameter>
        <parameter>
          <name>startTimeHoursOffset</name>
          <type>java.lang.String</type>
          <required>false</required>
          <editable>true</editable>
          <description>The number of hours to define the time window from now.</description>
        </parameter>
        <parameter>
          <name>styleSheet</name>
          <type>java.io.File</type>
          <required>false</required>
          <editable>true</editable>
          <description>The xslt style sheet.</description>
        </parameter>
        <parameter>
          <name>types</name>
          <type>java.lang.String</type>
          <required>false</required>
          <editable>true</editable>
          <description>Statistic types, defaulted to &apos;checkstyle,pmd,pmd-cpd,findbugs,simian,cobertura-line,cobertura-branch&apos;.</description>
        </parameter>
      </parameters>
      <configuration>
        <inputFile implementation="java.io.File">${project.basedir}/qalab.xml</inputFile>
        <moversBundledXsl implementation="java.lang.String" default-value="qalab-chart-xdoc.xsl"/>
        <types implementation="java.lang.String" default-value="checkstyle,pmd,pmd-cpd,findbugs,simian,cobertura-line,cobertura-branch"/>
        <outputDirectory implementation="java.lang.String">${project.build.directory}/generated-site/xdoc/qalab</outputDirectory>
        <startTimeHoursOffset implementation="java.lang.String" default-value="48"/>
        <project implementation="org.apache.maven.project.MavenProject">${project}</project>
      </configuration>
      <requirements>
        <requirement>
          <role>org.codehaus.doxia.site.renderer.SiteRenderer</role>
          <field-name>siteRenderer</field-name>
        </requirement>
      </requirements>
    </mojo>
    <mojo>
      <goal>report-merge-chart</goal>
      <description>*** IMPORTANT USE this Report as part of your reporting section, it merges the data in qalab.xml, creates the charts and generates the chart report, ensure that this report is run AFTER Checkstyle, pmd, Findbugs, Cobertura, etc.</description>
      <requiresDirectInvocation>false</requiresDirectInvocation>
      <requiresProject>true</requiresProject>
      <requiresReports>false</requiresReports>
      <aggregator>false</aggregator>
      <requiresOnline>false</requiresOnline>
      <inheritedByDefault>true</inheritedByDefault>
      <phase>deploy</phase>
      <implementation>net.objectlab.qalab.m2.report.MergeAndChartReport</implementation>
      <language>java</language>
      <instantiationStrategy>per-lookup</instantiationStrategy>
      <executionStrategy>once-per-session</executionStrategy>
      <parameters>
        <parameter>
          <name>chartBundledXsl</name>
          <type>java.lang.String</type>
          <required>false</required>
          <editable>true</editable>
          <description>The xslt stylesheet bundled, either qalab-chart-xdoc.xsl or qalab-chart-html.xsl.</description>
        </parameter>
        <parameter>
          <name>chartFilePrefix</name>
          <type>java.lang.String</type>
          <required>false</required>
          <editable>true</editable>
          <description>File prefix for the charts (e.g. cobertura-) Default empty.</description>
        </parameter>
        <parameter>
          <name>chartHeight</name>
          <type>int</type>
          <required>false</required>
          <editable>true</editable>
          <description>The Chart chartHeight.</description>
        </parameter>
        <parameter>
          <name>chartOutputDirectory</name>
          <type>java.io.File</type>
          <required>true</required>
          <editable>true</editable>
          <description>The directory where the generated html report will go.</description>
        </parameter>
        <parameter>
          <name>chartSummaryOnly</name>
          <type>boolean</type>
          <required>false</required>
          <editable>true</editable>
          <description>If true then generate a summary chart only.</description>
        </parameter>
        <parameter>
          <name>chartWidth</name>
          <type>int</type>
          <required>false</required>
          <editable>true</editable>
          <description>The Chart chartWidth.</description>
        </parameter>
        <parameter>
          <name>checkstyleHandler</name>
          <type>java.lang.String</type>
          <required>false</required>
          <editable>true</editable>
          <description>The fully qualified class name for the handler for Checkstyle.</description>
        </parameter>
        <parameter>
          <name>checkstyleInputFile</name>
          <type>java.io.File</type>
          <required>false</required>
          <editable>true</editable>
          <description>The input file generated by Checkstyle.</description>
        </parameter>
        <parameter>
          <name>coberturaBranchHandler</name>
          <type>java.lang.String</type>
          <required>false</required>
          <editable>true</editable>
          <description>The fully qualified class name for the handler for Cobertura Branch.</description>
        </parameter>
        <parameter>
          <name>coberturaInputFile</name>
          <type>java.io.File</type>
          <required>false</required>
          <editable>true</editable>
          <description>The input file generated by Cobertura.</description>
        </parameter>
        <parameter>
          <name>coberturaLineHandler</name>
          <type>java.lang.String</type>
          <required>false</required>
          <editable>true</editable>
          <description>The fully qualified class name for the handler for Cobertura Line.</description>
        </parameter>
        <parameter>
          <name>dateOnly</name>
          <type>boolean</type>
          <required>false</required>
          <editable>true</editable>
          <description>If true then use ONLY DATE for timestamp (use in conjunction action replace).</description>
        </parameter>
        <parameter>
          <name>exporterClassName</name>
          <type>java.lang.String</type>
          <required>false</required>
          <editable>true</editable>
          <description>An exporter class name.</description>
        </parameter>
        <parameter>
          <name>findbugsHandler</name>
          <type>java.lang.String</type>
          <required>false</required>
          <editable>true</editable>
          <description>The fully qualified class name for the handler for FindBugs.</description>
        </parameter>
        <parameter>
          <name>findbugsInputFile</name>
          <type>java.io.File</type>
          <required>false</required>
          <editable>true</editable>
          <description>The input file generated by FindBugs.</description>
        </parameter>
        <parameter>
          <name>mergerTimeStamp</name>
          <type>java.lang.String</type>
          <required>false</required>
          <editable>true</editable>
          <description>The timestamp for the stats.</description>
        </parameter>
        <parameter>
          <name>movingAverage</name>
          <type>int</type>
          <required>false</required>
          <editable>true</editable>
          <description>If the movingAverage is &amp;lt;= 0 then there is no moving average, otherwise it shows the average based on the last n points, where n is the value of this field.</description>
        </parameter>
        <parameter>
          <name>outputDirectory</name>
          <type>java.lang.String</type>
          <required>true</required>
          <editable>true</editable>
          <description>The directory where the generated xdoc/html report will go.</description>
        </parameter>
        <parameter>
          <name>pmdCpdHandler</name>
          <type>java.lang.String</type>
          <required>false</required>
          <editable>true</editable>
          <description>The fully qualified class name for the handler for PMD CPD.</description>
        </parameter>
        <parameter>
          <name>pmdCpdInputFile</name>
          <type>java.io.File</type>
          <required>false</required>
          <editable>true</editable>
          <description>The input file generated by PMD CPD.</description>
        </parameter>
        <parameter>
          <name>pmdHandler</name>
          <type>java.lang.String</type>
          <required>false</required>
          <editable>true</editable>
          <description>The fully qualified class name for the handler for PMD.</description>
        </parameter>
        <parameter>
          <name>pmdInputFile</name>
          <type>java.io.File</type>
          <required>false</required>
          <editable>true</editable>
          <description>The input file generated by PMD.</description>
        </parameter>
        <parameter>
          <name>project</name>
          <type>org.apache.maven.project.MavenProject</type>
          <required>true</required>
          <editable>false</editable>
          <description>The maven project.</description>
        </parameter>
        <parameter>
          <name>propertiesFile</name>
          <type>java.io.File</type>
          <required>false</required>
          <editable>true</editable>
          <description>The properties file to use instead of setting them one by one.</description>
        </parameter>
        <parameter>
          <name>qalabFile</name>
          <type>java.io.File</type>
          <required>false</required>
          <editable>true</editable>
          <description>The generated qalab.xml file.</description>
        </parameter>
        <parameter>
          <name>quiet</name>
          <type>boolean</type>
          <required>false</required>
          <editable>true</editable>
          <description>If true then any debug logging output will be suppressed.</description>
        </parameter>
        <parameter>
          <name>simianHandler</name>
          <type>java.lang.String</type>
          <required>false</required>
          <editable>true</editable>
          <description>The fully qualified class name for the handler for Simian.</description>
        </parameter>
        <parameter>
          <name>simianInputFile</name>
          <type>java.io.File</type>
          <required>false</required>
          <editable>true</editable>
          <description>The input file generated by Simian.</description>
        </parameter>
        <parameter>
          <name>srcDir</name>
          <type>java.lang.String</type>
          <required>false</required>
          <editable>true</editable>
          <description>The directory where the source code is.</description>
        </parameter>
        <parameter>
          <name>startTimeHoursOffset</name>
          <type>java.lang.String</type>
          <required>false</required>
          <editable>true</editable>
          <description>The number of hours to define the time window from now.</description>
        </parameter>
        <parameter>
          <name>styleSheet</name>
          <type>java.io.File</type>
          <required>false</required>
          <editable>true</editable>
          <description>The xslt style sheet.</description>
        </parameter>
        <parameter>
          <name>summaryTypes</name>
          <type>java.lang.String</type>
          <required>false</required>
          <editable>true</editable>
          <description>Statistic type to appear on summary chart, defaulted to &apos;checkstyle,pmd,findbugs,simian,pmd-cpd&apos;.</description>
        </parameter>
        <parameter>
          <name>types</name>
          <type>java.lang.String</type>
          <required>false</required>
          <editable>true</editable>
          <description>Statistic types, defaulted to &apos;checkstyle,pmd,pmd-cpd,findbugs,simian,cobertura-line,cobertura-branch&apos;.</description>
        </parameter>
        <parameter>
          <name>xAxisSummaryTitle</name>
          <type>java.lang.String</type>
          <required>false</required>
          <editable>true</editable>
          <description>X Axis Title for Summary</description>
        </parameter>
        <parameter>
          <name>xAxisTitle</name>
          <type>java.lang.String</type>
          <required>false</required>
          <editable>true</editable>
          <description>X Axis Title</description>
        </parameter>
        <parameter>
          <name>yAxisSummaryTitle</name>
          <type>java.lang.String</type>
          <required>false</required>
          <editable>true</editable>
          <description>Y Axis Title for Summary</description>
        </parameter>
        <parameter>
          <name>yAxisTitle</name>
          <type>java.lang.String</type>
          <required>false</required>
          <editable>true</editable>
          <description>Y Axis Title</description>
        </parameter>
      </parameters>
      <configuration>
        <simianInputFile implementation="java.io.File">${project.build.directory}/simian-raw-report.xml</simianInputFile>
        <summaryTypes implementation="java.lang.String" default-value="checkstyle,pmd,findbugs,simian,pmd-cpd"/>
        <chartHeight implementation="int" default-value="500"/>
        <startTimeHoursOffset implementation="java.lang.String" default-value="48"/>
        <coberturaLineHandler implementation="java.lang.String" default-value="net.objectlab.qalab.parser.CoberturaLineStatMerge"/>
        <simianHandler implementation="java.lang.String" default-value="net.objectlab.qalab.parser.SimianStatMerge"/>
        <exporterClassName implementation="java.lang.String" default-value="net.objectlab.qalab.exporter.QALabXMLExporter"/>
        <coberturaInputFile implementation="java.io.File">${project.reporting.outputDirectory}/cobertura/coverage.xml</coberturaInputFile>
        <checkstyleInputFile implementation="java.io.File">${project.build.directory}/checkstyle-result.xml</checkstyleInputFile>
        <coberturaBranchHandler implementation="java.lang.String" default-value="net.objectlab.qalab.parser.CoberturaBranchStatMerge"/>
        <xAxisSummaryTitle implementation="java.lang.String" default-value="Date"/>
        <xAxisTitle implementation="java.lang.String" default-value="Date"/>
        <checkstyleHandler implementation="java.lang.String" default-value="net.objectlab.qalab.parser.CheckstyleStatMerge"/>
        <pmdHandler implementation="java.lang.String" default-value="net.objectlab.qalab.parser.PMDStatMerge"/>
        <chartBundledXsl implementation="java.lang.String" default-value="qalab-chart-xdoc.xsl"/>
        <dateOnly implementation="boolean" default-value="true"/>
        <qalabFile implementation="java.io.File">${project.basedir}/qalab.xml</qalabFile>
        <findbugsHandler implementation="java.lang.String" default-value="net.objectlab.qalab.parser.FindBugsStatMerge"/>
        <pmdCpdInputFile implementation="java.io.File">${project.build.directory}/cpd.xml</pmdCpdInputFile>
        <types implementation="java.lang.String" default-value="checkstyle,pmd,pmd-cpd,findbugs,simian,cobertura-line,cobertura-branch"/>
        <findbugsInputFile implementation="java.io.File">${project.build.directory}/findbugs.xml</findbugsInputFile>
        <yAxisSummaryTitle implementation="java.lang.String" default-value="Violation Count"/>
        <chartOutputDirectory implementation="java.io.File">${project.reporting.outputDirectory}/qalab</chartOutputDirectory>
        <yAxisTitle implementation="java.lang.String" default-value="Violation Count / Coverage Percent"/>
        <srcDir implementation="java.lang.String">${project.build.sourceDirectory}</srcDir>
        <movingAverage implementation="int" default-value="0"/>
        <outputDirectory implementation="java.lang.String">${project.build.directory}/generated-site/xdoc/qalab/</outputDirectory>
        <quiet implementation="boolean" default-value="false"/>
        <chartWidth implementation="int" default-value="750"/>
        <pmdInputFile implementation="java.io.File">${project.build.directory}/pmd.xml</pmdInputFile>
        <chartSummaryOnly implementation="boolean" default-value="false"/>
        <pmdCpdHandler implementation="java.lang.String" default-value="net.objectlab.qalab.parser.PMDCPDStatMerge"/>
        <project implementation="org.apache.maven.project.MavenProject">${project}</project>
      </configuration>
      <requirements>
        <requirement>
          <role>org.codehaus.doxia.site.renderer.SiteRenderer</role>
          <field-name>siteRenderer</field-name>
        </requirement>
      </requirements>
    </mojo>
    <mojo>
      <goal>report-movers-all</goal>
      <description>*** IMPORTANT: USE this Report AFTER the merge and chart report, it will calculate the movers and generate of the Movers report.</description>
      <requiresDirectInvocation>false</requiresDirectInvocation>
      <requiresProject>true</requiresProject>
      <requiresReports>false</requiresReports>
      <aggregator>false</aggregator>
      <requiresOnline>false</requiresOnline>
      <inheritedByDefault>true</inheritedByDefault>
      <phase>deploy</phase>
      <implementation>net.objectlab.qalab.m2.report.MoversReport</implementation>
      <language>java</language>
      <instantiationStrategy>per-lookup</instantiationStrategy>
      <executionStrategy>once-per-session</executionStrategy>
      <parameters>
        <parameter>
          <name>moversBundledXsl</name>
          <type>java.lang.String</type>
          <required>false</required>
          <editable>true</editable>
          <description>The xslt stylesheet bundled, either qalab-movers-xdoc.xsl or qalab-movers-html.xsl.</description>
        </parameter>
        <parameter>
          <name>moversStyleSheet</name>
          <type>java.io.File</type>
          <required>false</required>
          <editable>true</editable>
          <description>The xslt style sheet.</description>
        </parameter>
        <parameter>
          <name>outputDirectory</name>
          <type>java.lang.String</type>
          <required>true</required>
          <editable>true</editable>
          <description>The directory where the generated html report will go. @ parameter expression=&quot;${project.reporting.outputDirectory}/qalab&quot;</description>
        </parameter>
        <parameter>
          <name>outputFileName</name>
          <type>java.lang.String</type>
          <required>true</required>
          <editable>true</editable>
          <description>The report file name.</description>
        </parameter>
        <parameter>
          <name>project</name>
          <type>org.apache.maven.project.MavenProject</type>
          <required>true</required>
          <editable>false</editable>
          <description>The maven project.</description>
        </parameter>
        <parameter>
          <name>qalabFile</name>
          <type>java.io.File</type>
          <required>false</required>
          <editable>true</editable>
          <description>The qalabFile, typically qalab.xml.</description>
        </parameter>
        <parameter>
          <name>qalabMoversOutputFile</name>
          <type>java.io.File</type>
          <required>false</required>
          <editable>true</editable>
          <description>The output XML file with ups and downs.</description>
        </parameter>
        <parameter>
          <name>quiet</name>
          <type>boolean</type>
          <required>false</required>
          <editable>true</editable>
          <description>If true then any debug logging output will be suppressed.</description>
        </parameter>
        <parameter>
          <name>startTimeHoursOffset</name>
          <type>java.lang.String</type>
          <required>false</required>
          <editable>true</editable>
          <description>The number of hours to define the time window from now.</description>
        </parameter>
        <parameter>
          <name>types</name>
          <type>java.lang.String</type>
          <required>false</required>
          <editable>true</editable>
          <description>Statistic types to be taken into account (checkstyle|findbugs|pmd|simian|pmd-cpd|cobertura-line|cobertura-branch). Or comma separated combinations. Default is checkstyle, pmd and findbugs. Please note that there is no point of adding pmd-cpd or simian as no statistics are kept at file level for those.</description>
        </parameter>
        <parameter>
          <name>weekendAdjustment</name>
          <type>boolean</type>
          <required>false</required>
          <editable>true</editable>
          <description>if true, adjust for weekend ie add 48h if start time falls on a weekend.</description>
        </parameter>
      </parameters>
      <configuration>
        <moversBundledXsl implementation="java.lang.String" default-value="qalab-movers-xdoc.xsl"/>
        <types implementation="java.lang.String" default-value="checkstyle,pmd,findbugs,cobertura-line,cobertura-branch"/>
        <outputDirectory implementation="java.lang.String">${project.build.directory}/generated-site/xdoc</outputDirectory>
        <quiet implementation="boolean" default-value="false"/>
        <weekendAdjustment implementation="boolean" default-value="true"/>
        <startTimeHoursOffset implementation="java.lang.String" default-value="54"/>
        <project implementation="org.apache.maven.project.MavenProject">${project}</project>
        <outputFileName implementation="java.lang.String">movers.xml</outputFileName>
        <qalabMoversOutputFile implementation="java.io.File">${project.build.directory}/qalab/qalab-movers.xml</qalabMoversOutputFile>
        <qalabFile implementation="java.io.File">${project.basedir}/qalab.xml</qalabFile>
      </configuration>
      <requirements>
        <requirement>
          <role>org.codehaus.doxia.site.renderer.SiteRenderer</role>
          <field-name>siteRenderer</field-name>
        </requirement>
      </requirements>
    </mojo>
    <mojo>
      <goal>merge-simian</goal>
      <description>Goal that handles the Simian statistics into qalab.xml, it should not request any tailoring if you use the Maven default for Simian.</description>
      <requiresDirectInvocation>false</requiresDirectInvocation>
      <requiresProject>true</requiresProject>
      <requiresReports>false</requiresReports>
      <aggregator>false</aggregator>
      <requiresOnline>false</requiresOnline>
      <inheritedByDefault>true</inheritedByDefault>
      <phase>site</phase>
      <implementation>net.objectlab.qalab.m2.SimianStatMergeMojo</implementation>
      <language>java</language>
      <instantiationStrategy>per-lookup</instantiationStrategy>
      <executionStrategy>once-per-session</executionStrategy>
      <parameters>
        <parameter>
          <name>dateOnly</name>
          <type>boolean</type>
          <required>false</required>
          <editable>true</editable>
          <description>If true then use ONLY DATE for timestamp (use in conjunction action replace).</description>
        </parameter>
        <parameter>
          <name>exporterClassName</name>
          <type>java.lang.String</type>
          <required>false</required>
          <editable>true</editable>
          <description>An exporter class name.</description>
        </parameter>
        <parameter>
          <name>handler</name>
          <type>java.lang.String</type>
          <required>false</required>
          <editable>true</editable>
          <description>The fully qualified class name for the handler for the given statistics. &lt;ul&gt; The built-in handlers are: &lt;li&gt;net.objectlab.qalab.parser.CheckstyleStatMerge&lt;/li&gt; &lt;li&gt;net.objectlab.qalab.parser.PMDStatMerge&lt;/li&gt; &lt;li&gt;net.objectlab.qalab.parser.FindBugsStatMerge&lt;/li&gt; &lt;li&gt;net.objectlab.qalab.parser.SimianStatMerge&lt;/li&gt; &lt;/ul&gt;</description>
        </parameter>
        <parameter>
          <name>inputFile</name>
          <type>java.io.File</type>
          <required>false</required>
          <editable>true</editable>
          <description>The file the whose values will be incorporated in the qalab.xml. This file will have been generated by checkstyle, or pmd etc.</description>
        </parameter>
        <parameter>
          <name>mergerTimeStamp</name>
          <type>java.lang.String</type>
          <required>false</required>
          <editable>true</editable>
          <description>The timestamp for the stats.</description>
        </parameter>
        <parameter>
          <name>outputFile</name>
          <type>java.io.File</type>
          <required>false</required>
          <editable>true</editable>
          <description>The merged properties file. By default this is generated into the root of the project as it is often checked into source control.</description>
        </parameter>
        <parameter>
          <name>propertiesFile</name>
          <type>java.io.File</type>
          <required>false</required>
          <editable>true</editable>
          <description>The properties file to use instead of setting them one by one.</description>
        </parameter>
        <parameter>
          <name>quiet</name>
          <type>boolean</type>
          <required>false</required>
          <editable>true</editable>
          <description>If true then any debug logging output will be suppressed.</description>
        </parameter>
        <parameter>
          <name>srcDir</name>
          <type>java.lang.String</type>
          <required>false</required>
          <editable>true</editable>
          <description>The directory where the source code is.</description>
        </parameter>
      </parameters>
      <configuration>
        <srcDir implementation="java.lang.String">${project.build.sourceDirectory}</srcDir>
        <inputFile implementation="java.io.File">${project.build.directory}/simian-raw-report.xml</inputFile>
        <handler implementation="java.lang.String" default-value="net.objectlab.qalab.parser.SimianStatMerge"/>
        <quiet implementation="boolean" default-value="false"/>
        <outputFile implementation="java.io.File">${project.basedir}/qalab.xml</outputFile>
        <dateOnly implementation="boolean" default-value="true"/>
        <exporterClassName implementation="java.lang.String" default-value="net.objectlab.qalab.exporter.QALabXMLExporter"/>
      </configuration>
    </mojo>
  </mojos>
  <dependencies>
    <dependency>
      <groupId>org.apache.maven</groupId>
      <artifactId>maven-model</artifactId>
      <type>jar</type>
      <version>2.0</version>
    </dependency>
    <dependency>
      <groupId>org.codehaus.plexus</groupId>
      <artifactId>plexus-container-default</artifactId>
      <type>jar</type>
      <version>1.0-alpha-8</version>
    </dependency>
    <dependency>
      <groupId>org.apache.maven</groupId>
      <artifactId>maven-profile</artifactId>
      <type>jar</type>
      <version>2.0</version>
    </dependency>
    <dependency>
      <groupId>jfree</groupId>
      <artifactId>jcommon</artifactId>
      <type>jar</type>
      <version>1.0.5</version>
    </dependency>
    <dependency>
      <groupId>org.apache.maven.plugins</groupId>
      <artifactId>maven-repository-plugin</artifactId>
      <type>jar</type>
      <version>2.0</version>
    </dependency>
    <dependency>
      <groupId>ant</groupId>
      <artifactId>ant</artifactId>
      <type>jar</type>
      <version>1.6.4</version>
    </dependency>
    <dependency>
      <groupId>net.objectlab</groupId>
      <artifactId>qalab</artifactId>
      <type>jar</type>
      <version>1.0</version>
    </dependency>
    <dependency>
      <groupId>xerces</groupId>
      <artifactId>xercesImpl</artifactId>
      <type>jar</type>
      <version>2.6.2</version>
    </dependency>
    <dependency>
      <groupId>jfree</groupId>
      <artifactId>jfreechart</artifactId>
      <type>jar</type>
      <version>1.0.2</version>
    </dependency>
    <dependency>
      <groupId>org.apache.maven.reporting</groupId>
      <artifactId>maven-reporting-impl</artifactId>
      <type>jar</type>
      <version>2.0</version>
    </dependency>
    <dependency>
      <groupId>org.codehaus.plexus</groupId>
      <artifactId>plexus-utils</artifactId>
      <type>jar</type>
      <version>1.0.4</version>
    </dependency>
    <dependency>
      <groupId>oro</groupId>
      <artifactId>oro</artifactId>
      <type>jar</type>
      <version>2.0.7</version>
    </dependency>
    <dependency>
      <groupId>doxia</groupId>
      <artifactId>doxia-core</artifactId>
      <type>jar</type>
      <version>1.0-alpha-4</version>
    </dependency>
    <dependency>
      <groupId>classworlds</groupId>
      <artifactId>classworlds</artifactId>
      <type>jar</type>
      <version>1.1-alpha-2</version>
    </dependency>
    <dependency>
      <groupId>xalan</groupId>
      <artifactId>xalan</artifactId>
      <type>jar</type>
      <version>2.7.0</version>
    </dependency>
    <dependency>
      <groupId>org.apache.maven</groupId>
      <artifactId>maven-repository-metadata</artifactId>
      <type>jar</type>
      <version>2.0</version>
    </dependency>
    <dependency>
      <groupId>org.codehaus.plexus</groupId>
      <artifactId>plexus-archiver</artifactId>
      <type>jar</type>
      <version>1.0-alpha-3</version>
    </dependency>
    <dependency>
      <groupId>commons-validator</groupId>
      <artifactId>commons-validator</artifactId>
      <type>jar</type>
      <version>1.1.4</version>
    </dependency>
    <dependency>
      <groupId>org.apache.maven</groupId>
      <artifactId>maven-artifact-manager</artifactId>
      <type>jar</type>
      <version>2.0</version>
    </dependency>
    <dependency>
      <groupId>xerces</groupId>
      <artifactId>xmlParserAPIs</artifactId>
      <type>jar</type>
      <version>2.6.2</version>
    </dependency>
    <dependency>
      <groupId>org.apache.maven.wagon</groupId>
      <artifactId>wagon-provider-api</artifactId>
      <type>jar</type>
      <version>1.0-alpha-5</version>
    </dependency>
    <dependency>
      <groupId>xml-apis</groupId>
      <artifactId>xml-apis</artifactId>
      <type>jar</type>
      <version>1.0.b2</version>
    </dependency>
    <dependency>
      <groupId>org.apache.maven</groupId>
      <artifactId>maven-project</artifactId>
      <type>jar</type>
      <version>2.0</version>
    </dependency>
    <dependency>
      <groupId>org.apache.maven.reporting</groupId>
      <artifactId>maven-reporting-api</artifactId>
      <type>jar</type>
      <version>2.0</version>
    </dependency>
    <dependency>
      <groupId>org.apache.maven</groupId>
      <artifactId>maven-artifact</artifactId>
      <type>jar</type>
      <version>2.0</version>
    </dependency>
    <dependency>
      <groupId>org.apache.maven</groupId>
      <artifactId>maven-plugin-api</artifactId>
      <type>jar</type>
      <version>2.0</version>
    </dependency>
    <dependency>
      <groupId>doxia</groupId>
      <artifactId>doxia-sink-api</artifactId>
      <type>jar</type>
      <version>1.0-alpha-4</version>
    </dependency>
  </dependencies>
</plugin>