<plugin>
  <description></description>
  <groupId>com.thoughtworks.paranamer</groupId>
  <artifactId>paranamer</artifactId>
  <version>1.0-beta-1</version>
  <goalPrefix>paranamer</goalPrefix>
  <isolatedRealm>false</isolatedRealm>
  <inheritedByDefault>true</inheritedByDefault>
  <mojos>
    <mojo>
      <goal>generate</goal>
      <description>Mojo to generate parameter names via ParanamerGenerator</description>
      <requiresDependencyResolution>compile</requiresDependencyResolution>
      <requiresDirectInvocation>false</requiresDirectInvocation>
      <requiresProject>true</requiresProject>
      <requiresReports>false</requiresReports>
      <aggregator>false</aggregator>
      <requiresOnline>false</requiresOnline>
      <inheritedByDefault>true</inheritedByDefault>
      <phase>compile</phase>
      <implementation>com.thoughtworks.paranamer.ParanamerGeneratorMojo</implementation>
      <language>java</language>
      <instantiationStrategy>per-lookup</instantiationStrategy>
      <executionStrategy>once-per-session</executionStrategy>
      <parameters>
        <parameter>
          <name>outputDirectory</name>
          <type>java.lang.String</type>
          <required>true</required>
          <editable>true</editable>
          <description>The directory where the Paranamer generator will write the output</description>
        </parameter>
        <parameter>
          <name>sourceDirectory</name>
          <type>java.lang.String</type>
          <required>true</required>
          <editable>true</editable>
          <description>The directory containing the Java source files</description>
        </parameter>
      </parameters>
    </mojo>
  </mojos>
  <dependencies/>
</plugin>