<plugin>
  <description>Maven plugin for installing NetBeans modules within NetBeans IDE</description>
  <groupId>org.codehaus.mevenide</groupId>
  <artifactId>netbeans-nbmreload-plugin</artifactId>
  <version>1.0</version>
  <goalPrefix>netbeans-nbmreload</goalPrefix>
  <isolatedRealm>false</isolatedRealm>
  <inheritedByDefault>true</inheritedByDefault>
  <mojos>
    <mojo>
      <goal>reload</goal>
      <description>Reload the NetBeans module in the developer&apos;s IDE.</description>
      <requiresDirectInvocation>false</requiresDirectInvocation>
      <requiresProject>true</requiresProject>
      <requiresReports>false</requiresReports>
      <aggregator>false</aggregator>
      <requiresOnline>false</requiresOnline>
      <inheritedByDefault>true</inheritedByDefault>
      <implementation>org.codehaus.mevenide.plugins.nbmreload.NbmReloadMojo</implementation>
      <language>java</language>
      <instantiationStrategy>per-lookup</instantiationStrategy>
      <executionStrategy>once-per-session</executionStrategy>
      <parameters>
        <parameter>
          <name>nbmBuildDir</name>
          <type>java.lang.String</type>
          <required>true</required>
          <editable>true</editable>
          <description>Netbeans module assembly build directory.
directory where the the netbeans jar and nbm file get constructed.</description>
        </parameter>
        <parameter>
          <name>project</name>
          <type>org.apache.maven.project.MavenProject</type>
          <required>true</required>
          <editable>false</editable>
          <description></description>
        </parameter>
      </parameters>
      <configuration>
        <nbmBuildDir implementation="java.lang.String" default-value="${project.build.directory}/nbm">${maven.nbm.buildDir}</nbmBuildDir>
        <project implementation="org.apache.maven.project.MavenProject">${project}</project>
      </configuration>
    </mojo>
  </mojos>
  <dependencies/>
</plugin>