<plugin>
  <description>The Axis 2 Plugin for Maven allows client side and server side sources from a WSDL.</description>
  <groupId>org.apache.axis2.maven2</groupId>
  <artifactId>axis2-wsdl2code-maven-plugin</artifactId>
  <version>1.1</version>
  <goalPrefix>axis2-wsdl2code</goalPrefix>
  <isolatedRealm>false</isolatedRealm>
  <inheritedByDefault>true</inheritedByDefault>
  <mojos>
    <mojo>
      <goal>wsdl2code</goal>
      <description></description>
      <requiresDependencyResolution>test</requiresDependencyResolution>
      <requiresDirectInvocation>false</requiresDirectInvocation>
      <requiresProject>true</requiresProject>
      <requiresReports>false</requiresReports>
      <aggregator>false</aggregator>
      <requiresOnline>false</requiresOnline>
      <inheritedByDefault>true</inheritedByDefault>
      <phase>generate-sources</phase>
      <implementation>org.apache.axis2.maven2.wsdl2code.WSDL2CodeMojo</implementation>
      <language>java</language>
      <instantiationStrategy>per-lookup</instantiationStrategy>
      <executionStrategy>once-per-session</executionStrategy>
      <parameters>
        <parameter>
          <name>databindingName</name>
          <type>java.lang.String</type>
          <required>false</required>
          <editable>true</editable>
          <description>The databinding framework, which is being used.</description>
        </parameter>
        <parameter>
          <name>generateAllClasses</name>
          <type>boolean</type>
          <required>false</required>
          <editable>true</editable>
          <description>Whether to generate simply all classes. This is only valid in conjunction with &quot;generateServerSide&quot;.</description>
        </parameter>
        <parameter>
          <name>generateServerSide</name>
          <type>boolean</type>
          <required>false</required>
          <editable>true</editable>
          <description>Whether server side sources are being generated.</description>
        </parameter>
        <parameter>
          <name>generateServerSideInterface</name>
          <type>boolean</type>
          <required>false</required>
          <editable>true</editable>
          <description>Whether to generate the server side interface.</description>
        </parameter>
        <parameter>
          <name>generateServicesXml</name>
          <type>boolean</type>
          <required>false</required>
          <editable>true</editable>
          <description>Whether to generate a &quot;services.xml&quot; file.</description>
        </parameter>
        <parameter>
          <name>generateTestcase</name>
          <type>boolean</type>
          <required>false</required>
          <editable>true</editable>
          <description>Whether to generate sources for a test case.</description>
        </parameter>
        <parameter>
          <name>language</name>
          <type>java.lang.String</type>
          <required>false</required>
          <editable>true</editable>
          <description>The programming language of the generated sources.</description>
        </parameter>
        <parameter>
          <name>namespaceToPackages</name>
          <type>java.lang.String</type>
          <required>false</required>
          <editable>true</editable>
          <description></description>
        </parameter>
        <parameter>
          <name>namespaceURIs</name>
          <type>org.apache.axis2.maven2.wsdl2code.NamespaceURIMapping</type>
          <required>false</required>
          <editable>true</editable>
          <description></description>
        </parameter>
        <parameter>
          <name>outputDirectory</name>
          <type>java.io.File</type>
          <required>false</required>
          <editable>true</editable>
          <description>The output directory, where the generated sources are being created.</description>
        </parameter>
        <parameter>
          <name>packageName</name>
          <type>java.lang.String</type>
          <required>true</required>
          <editable>true</editable>
          <description>Package name of the generated sources; will be used to create a package structure below the output directory.</description>
        </parameter>
        <parameter>
          <name>pluginArtifacts</name>
          <type>java.util.List</type>
          <required>true</required>
          <editable>true</editable>
          <description>The plugins artifact list.</description>
        </parameter>
        <parameter>
          <name>portName</name>
          <type>java.lang.String</type>
          <required>false</required>
          <editable>true</editable>
          <description>Port name, for which to generate sources. By default, sources will be generated for all ports.</description>
        </parameter>
        <parameter>
          <name>project</name>
          <type>org.apache.maven.project.MavenProject</type>
          <required>true</required>
          <editable>true</editable>
          <description>The maven project.</description>
        </parameter>
        <parameter>
          <name>serviceName</name>
          <type>java.lang.String</type>
          <required>false</required>
          <editable>true</editable>
          <description>Service name, for which to generate sources. By default, sources will be generated for all services.</description>
        </parameter>
        <parameter>
          <name>syncMode</name>
          <type>java.lang.String</type>
          <required>false</required>
          <editable>true</editable>
          <description>Mode, for which sources are being generated; either of &quot;sync&quot;, &quot;async&quot; or &quot;both&quot;.</description>
        </parameter>
        <parameter>
          <name>unpackClasses</name>
          <type>boolean</type>
          <required>false</required>
          <editable>true</editable>
          <description>Whether to unpack classes.</description>
        </parameter>
        <parameter>
          <name>wsdlFile</name>
          <type>java.io.File</type>
          <required>false</required>
          <editable>true</editable>
          <description>The WSDL file, which is being read.</description>
        </parameter>
      </parameters>
      <configuration>
        <generateTestcase implementation="boolean" default-value="false">${axis2.wsdl2code.generateTestCase}</generateTestcase>
        <wsdlFile implementation="java.io.File" default-value="src/main/axis2/service.wsdl">${axis2.wsdl2code.wsdl}</wsdlFile>
        <packageName implementation="java.lang.String">${axis2.wsdl2code.package}</packageName>
        <unpackClasses implementation="boolean" default-value="false">${axis2.wsdl2code.unpackClasses}</unpackClasses>
        <generateServerSideInterface implementation="boolean" default-value="false">${axis2.wsdl2code.generateServerSideInterface}</generateServerSideInterface>
        <outputDirectory implementation="java.io.File" default-value="${project.build.directory}/generated-sources/axis2/wsdl2code">${axis2.wsdl2code.target}</outputDirectory>
        <serviceName implementation="java.lang.String">${axis2.wsdl2code.serviceName}</serviceName>
        <pluginArtifacts implementation="java.util.List">${plugin.artifacts}</pluginArtifacts>
        <generateServicesXml implementation="boolean" default-value="false">${axis2.wsdl2code.generateServicesXml}</generateServicesXml>
        <project implementation="org.apache.maven.project.MavenProject">${project}</project>
        <generateAllClasses implementation="boolean" default-value="false">${axis2.wsdl2code.generateAllClasses}</generateAllClasses>
        <generateServerSide implementation="boolean" default-value="false">${axis2.wsdl2code.generateServerSide}</generateServerSide>
        <language implementation="java.lang.String" default-value="java">${axis2.wsdl2code.language}</language>
        <syncMode implementation="java.lang.String" default-value="both">${axis2.wsdl2code.syncMode}</syncMode>
        <portName implementation="java.lang.String">${axis2.wsdl2code.portName}</portName>
        <namespaceToPackages implementation="java.lang.String">${axis2.wsdl2code.namespaceToPackages}</namespaceToPackages>
        <databindingName implementation="java.lang.String" default-value="adb">${axis2.wsdl2code.databindingName}</databindingName>
      </configuration>
      <requirements>
        <requirement>
          <role>org.apache.maven.artifact.factory.ArtifactFactory</role>
          <field-name>artifactFactory</field-name>
        </requirement>
      </requirements>
    </mojo>
  </mojos>
  <dependencies/>
</plugin>