<plugin>
  <description>The Maven Jlex Plugin is a plugin that runs the Jlex Java
		Lexical Analyzer Generator for the specified project.</description>
  <groupId>net.sourceforge.maven-jlex</groupId>
  <artifactId>maven-jlex-plugin</artifactId>
  <version>1.0</version>
  <goalPrefix>jlex</goalPrefix>
  <isolatedRealm>false</isolatedRealm>
  <inheritedByDefault>true</inheritedByDefault>
  <mojos>
    <mojo>
      <goal>generate</goal>
      <description>Plugin class to run the Jlex java lexical analyzer generator</description>
      <requiresDirectInvocation>false</requiresDirectInvocation>
      <requiresProject>true</requiresProject>
      <requiresReports>false</requiresReports>
      <aggregator>false</aggregator>
      <requiresOnline>false</requiresOnline>
      <inheritedByDefault>true</inheritedByDefault>
      <phase>generate-sources</phase>
      <implementation>net.sourceforge.mavenjlex.JLexMojo</implementation>
      <language>java</language>
      <instantiationStrategy>per-lookup</instantiationStrategy>
      <executionStrategy>once-per-session</executionStrategy>
      <parameters>
        <parameter>
          <name>files</name>
          <type>net.sourceforge.mavenjlex.JLexMojo$FilePair[]</type>
          <required>true</required>
          <editable>true</editable>
          <description>Pairs of input/output files to run the lex tool on</description>
        </parameter>
      </parameters>
    </mojo>
  </mojos>
  <dependencies/>
</plugin>