<plugin>
  <description></description>
  <groupId>org.codehaus.mojo</groupId>
  <artifactId>axistools-maven-plugin</artifactId>
  <version>1.0</version>
  <goalPrefix>axistools</goalPrefix>
  <isolatedRealm>false</isolatedRealm>
  <inheritedByDefault>true</inheritedByDefault>
  <mojos>
    <mojo>
      <goal>java2wsdl</goal>
      <description>A Plugin for generating stubs for WSDL files using Axis WSDL2Java.</description>
      <requiresDirectInvocation>false</requiresDirectInvocation>
      <requiresProject>true</requiresProject>
      <requiresReports>false</requiresReports>
      <aggregator>false</aggregator>
      <requiresOnline>false</requiresOnline>
      <inheritedByDefault>true</inheritedByDefault>
      <phase>process-classes</phase>
      <implementation>org.codehaus.mojo.axistools.Java2WSDLMojo</implementation>
      <language>java</language>
      <instantiationStrategy>per-lookup</instantiationStrategy>
      <executionStrategy>once-per-session</executionStrategy>
      <parameters>
        <parameter>
          <name>all</name>
          <type>boolean</type>
          <required>false</required>
          <editable>true</editable>
          <description></description>
        </parameter>
        <parameter>
          <name>bindingName</name>
          <type>java.lang.String</type>
          <required>false</required>
          <editable>true</editable>
          <description></description>
        </parameter>
        <parameter>
          <name>classOfPortType</name>
          <type>java.lang.String</type>
          <required>false</required>
          <editable>true</editable>
          <description></description>
        </parameter>
        <parameter>
          <name>classesDirectory</name>
          <type>java.io.File</type>
          <required>false</required>
          <editable>true</editable>
          <description>the directory the compile objects will be located for java2wsdl to source from</description>
        </parameter>
        <parameter>
          <name>excludes</name>
          <type>java.util.ArrayList</type>
          <required>false</required>
          <editable>true</editable>
          <description></description>
        </parameter>
        <parameter>
          <name>extraClasses</name>
          <type>java.util.ArrayList</type>
          <required>false</required>
          <editable>true</editable>
          <description></description>
        </parameter>
        <parameter>
          <name>filename</name>
          <type>java.lang.String</type>
          <required>true</required>
          <editable>true</editable>
          <description></description>
        </parameter>
        <parameter>
          <name>implClass</name>
          <type>java.lang.String</type>
          <required>false</required>
          <editable>true</editable>
          <description></description>
        </parameter>
        <parameter>
          <name>importSchema</name>
          <type>java.lang.String</type>
          <required>false</required>
          <editable>true</editable>
          <description></description>
        </parameter>
        <parameter>
          <name>input</name>
          <type>java.lang.String</type>
          <required>false</required>
          <editable>true</editable>
          <description></description>
        </parameter>
        <parameter>
          <name>location</name>
          <type>java.lang.String</type>
          <required>false</required>
          <editable>true</editable>
          <description></description>
        </parameter>
        <parameter>
          <name>locationImport</name>
          <type>java.lang.String</type>
          <required>false</required>
          <editable>true</editable>
          <description></description>
        </parameter>
        <parameter>
          <name>methods</name>
          <type>java.util.ArrayList</type>
          <required>false</required>
          <editable>true</editable>
          <description></description>
        </parameter>
        <parameter>
          <name>namespace</name>
          <type>java.lang.String</type>
          <required>false</required>
          <editable>true</editable>
          <description></description>
        </parameter>
        <parameter>
          <name>namespaceImpl</name>
          <type>java.lang.String</type>
          <required>false</required>
          <editable>true</editable>
          <description></description>
        </parameter>
        <parameter>
          <name>outputDirectory</name>
          <type>java.io.File</type>
          <required>false</required>
          <editable>true</editable>
          <description></description>
        </parameter>
        <parameter>
          <name>outputImpl</name>
          <type>java.lang.String</type>
          <required>false</required>
          <editable>true</editable>
          <description></description>
        </parameter>
        <parameter>
          <name>outputWSDLMode</name>
          <type>java.lang.String</type>
          <required>false</required>
          <editable>true</editable>
          <description></description>
        </parameter>
        <parameter>
          <name>packageToNamespace</name>
          <type>java.lang.String</type>
          <required>false</required>
          <editable>true</editable>
          <description></description>
        </parameter>
        <parameter>
          <name>portTypeName</name>
          <type>java.lang.String</type>
          <required>false</required>
          <editable>true</editable>
          <description></description>
        </parameter>
        <parameter>
          <name>project</name>
          <type>org.apache.maven.project.MavenProject</type>
          <required>true</required>
          <editable>true</editable>
          <description></description>
        </parameter>
        <parameter>
          <name>serviceElementName</name>
          <type>java.lang.String</type>
          <required>false</required>
          <editable>true</editable>
          <description></description>
        </parameter>
        <parameter>
          <name>servicePortName</name>
          <type>java.lang.String</type>
          <required>false</required>
          <editable>true</editable>
          <description></description>
        </parameter>
        <parameter>
          <name>soapAction</name>
          <type>java.lang.String</type>
          <required>false</required>
          <editable>true</editable>
          <description></description>
        </parameter>
        <parameter>
          <name>stopClasses</name>
          <type>java.util.ArrayList</type>
          <required>false</required>
          <editable>true</editable>
          <description></description>
        </parameter>
        <parameter>
          <name>style</name>
          <type>java.lang.String</type>
          <required>false</required>
          <editable>true</editable>
          <description></description>
        </parameter>
        <parameter>
          <name>typeMappingVersion</name>
          <type>java.lang.String</type>
          <required>false</required>
          <editable>true</editable>
          <description></description>
        </parameter>
        <parameter>
          <name>use</name>
          <type>java.lang.String</type>
          <required>false</required>
          <editable>true</editable>
          <description></description>
        </parameter>
      </parameters>
      <configuration>
        <input implementation="java.lang.String">${input}</input>
        <use implementation="java.lang.String">${use}</use>
        <extraClasses implementation="java.util.ArrayList">${extraClasses}</extraClasses>
        <locationImport implementation="java.lang.String">${locationImport}</locationImport>
        <serviceElementName implementation="java.lang.String">${serviceElementName}</serviceElementName>
        <implClass implementation="java.lang.String">${implClass}</implClass>
        <namespaceImpl implementation="java.lang.String">${namespaceImpl}</namespaceImpl>
        <soapAction implementation="java.lang.String">${soapAction}</soapAction>
        <excludes implementation="java.util.ArrayList">${exclude}</excludes>
        <all implementation="boolean">false</all>
        <stopClasses implementation="java.util.ArrayList">${stopClasses}</stopClasses>
        <style implementation="java.lang.String">${style}</style>
        <methods implementation="java.util.ArrayList">${methods}</methods>
        <packageToNamespace implementation="java.lang.String">${packageToNamespace}</packageToNamespace>
        <location implementation="java.lang.String">${location}</location>
        <outputWSDLMode implementation="java.lang.String">${outputWSDLMode}</outputWSDLMode>
        <classesDirectory implementation="java.io.File">${project.build.directory}/classes</classesDirectory>
        <namespace implementation="java.lang.String">${namespace}</namespace>
        <bindingName implementation="java.lang.String">${bindingName}</bindingName>
        <outputImpl implementation="java.lang.String">${outputImpl}</outputImpl>
        <importSchema implementation="java.lang.String">${importSchema}</importSchema>
        <servicePortName implementation="java.lang.String">${servicePortName}</servicePortName>
        <typeMappingVersion implementation="java.lang.String">${typeMappingVersion}</typeMappingVersion>
        <filename implementation="java.lang.String">${fileName}</filename>
        <outputDirectory implementation="java.io.File">${project.build.directory}/generated-sources/axistools/java2wsdl</outputDirectory>
        <project implementation="org.apache.maven.project.MavenProject">${project}</project>
        <portTypeName implementation="java.lang.String">${portTypeName}</portTypeName>
        <classOfPortType implementation="java.lang.String">${classOfPortType}</classOfPortType>
      </configuration>
      <requirements>
        <requirement>
          <role>org.apache.maven.project.MavenProjectHelper</role>
          <field-name>projectHelper</field-name>
        </requirement>
      </requirements>
    </mojo>
    <mojo>
      <goal>wsdl2java</goal>
      <description>A Plugin for generating stubs for WSDL files using Axis WSDL2Java.</description>
      <requiresDependencyResolution>test</requiresDependencyResolution>
      <requiresDirectInvocation>false</requiresDirectInvocation>
      <requiresProject>true</requiresProject>
      <requiresReports>false</requiresReports>
      <aggregator>false</aggregator>
      <requiresOnline>false</requiresOnline>
      <inheritedByDefault>true</inheritedByDefault>
      <phase>generate-sources</phase>
      <implementation>org.codehaus.mojo.axistools.WSDL2JavaMojo</implementation>
      <language>java</language>
      <instantiationStrategy>per-lookup</instantiationStrategy>
      <executionStrategy>once-per-session</executionStrategy>
      <parameters>
        <parameter>
          <name>allElements</name>
          <type>boolean</type>
          <required>false</required>
          <editable>true</editable>
          <description></description>
        </parameter>
        <parameter>
          <name>debug</name>
          <type>boolean</type>
          <required>false</required>
          <editable>true</editable>
          <description></description>
        </parameter>
        <parameter>
          <name>deployScope</name>
          <type>java.lang.String</type>
          <required>false</required>
          <editable>true</editable>
          <description></description>
        </parameter>
        <parameter>
          <name>factory</name>
          <type>java.lang.String</type>
          <required>false</required>
          <editable>true</editable>
          <description></description>
        </parameter>
        <parameter>
          <name>fileNamespaceToPackage</name>
          <type>java.lang.String</type>
          <required>false</required>
          <editable>true</editable>
          <description></description>
        </parameter>
        <parameter>
          <name>helperGen</name>
          <type>boolean</type>
          <required>false</required>
          <editable>true</editable>
          <description></description>
        </parameter>
        <parameter>
          <name>implementationClassName</name>
          <type>java.lang.String</type>
          <required>false</required>
          <editable>true</editable>
          <description></description>
        </parameter>
        <parameter>
          <name>localRepository</name>
          <type>org.apache.maven.artifact.repository.ArtifactRepository</type>
          <required>true</required>
          <editable>false</editable>
          <description></description>
        </parameter>
        <parameter>
          <name>mappings</name>
          <type>java.util.ArrayList</type>
          <required>false</required>
          <editable>true</editable>
          <description>mappings are only used when useEmitter is set to true</description>
        </parameter>
        <parameter>
          <name>namespaceToPackage</name>
          <type>java.lang.String</type>
          <required>false</required>
          <editable>true</editable>
          <description></description>
        </parameter>
        <parameter>
          <name>noImports</name>
          <type>boolean</type>
          <required>false</required>
          <editable>true</editable>
          <description></description>
        </parameter>
        <parameter>
          <name>noWrapped</name>
          <type>boolean</type>
          <required>false</required>
          <editable>true</editable>
          <description></description>
        </parameter>
        <parameter>
          <name>nsExcludes</name>
          <type>java.util.ArrayList</type>
          <required>false</required>
          <editable>true</editable>
          <description></description>
        </parameter>
        <parameter>
          <name>nsIncludes</name>
          <type>java.util.ArrayList</type>
          <required>false</required>
          <editable>true</editable>
          <description></description>
        </parameter>
        <parameter>
          <name>outputDirectory</name>
          <type>java.io.File</type>
          <required>false</required>
          <editable>true</editable>
          <description></description>
        </parameter>
        <parameter>
          <name>packageSpace</name>
          <type>java.lang.String</type>
          <required>false</required>
          <editable>true</editable>
          <description>package to create the java files under</description>
        </parameter>
        <parameter>
          <name>password</name>
          <type>java.lang.String</type>
          <required>false</required>
          <editable>true</editable>
          <description></description>
        </parameter>
        <parameter>
          <name>pluginArtifacts</name>
          <type>java.util.List</type>
          <required>true</required>
          <editable>true</editable>
          <description></description>
        </parameter>
        <parameter>
          <name>project</name>
          <type>org.apache.maven.project.MavenProject</type>
          <required>true</required>
          <editable>true</editable>
          <description></description>
        </parameter>
        <parameter>
          <name>runTestCasesAsUnitTests</name>
          <type>boolean</type>
          <required>false</required>
          <editable>true</editable>
          <description>copy the generated test cases to a generated-sources test directory to be compiled and run as normal surefire unit tests</description>
        </parameter>
        <parameter>
          <name>serverSide</name>
          <type>boolean</type>
          <required>false</required>
          <editable>true</editable>
          <description></description>
        </parameter>
        <parameter>
          <name>skeletonDeploy</name>
          <type>boolean</type>
          <required>false</required>
          <editable>true</editable>
          <description></description>
        </parameter>
        <parameter>
          <name>sourceDependencies</name>
          <type>java.util.ArrayList</type>
          <required>false</required>
          <editable>true</editable>
          <description>list of source dependencies in the format groupId:artifactId:version:file</description>
        </parameter>
        <parameter>
          <name>sourceDependencyDirectory</name>
          <type>java.io.File</type>
          <required>false</required>
          <editable>true</editable>
          <description>Cache directory for WSDLs from sourceDependencies</description>
        </parameter>
        <parameter>
          <name>sourceDirectory</name>
          <type>java.io.File</type>
          <required>false</required>
          <editable>true</editable>
          <description>source directory that contains .wsdl files</description>
        </parameter>
        <parameter>
          <name>staleMillis</name>
          <type>int</type>
          <required>false</required>
          <editable>true</editable>
          <description>The granularity in milliseconds of the last modification date for testing whether a source needs recompilation</description>
        </parameter>
        <parameter>
          <name>subPackageByFileName</name>
          <type>boolean</type>
          <required>false</required>
          <editable>true</editable>
          <description>load.wsdl would further subpackage into load.*</description>
        </parameter>
        <parameter>
          <name>testCases</name>
          <type>boolean</type>
          <required>false</required>
          <editable>true</editable>
          <description>generate the test cases</description>
        </parameter>
        <parameter>
          <name>testSourceDirectory</name>
          <type>java.io.File</type>
          <required>false</required>
          <editable>true</editable>
          <description>location to place generated test source</description>
        </parameter>
        <parameter>
          <name>timeout</name>
          <type>java.lang.Integer</type>
          <required>false</required>
          <editable>true</editable>
          <description></description>
        </parameter>
        <parameter>
          <name>timestampDirectory</name>
          <type>java.io.File</type>
          <required>false</required>
          <editable>true</editable>
          <description></description>
        </parameter>
        <parameter>
          <name>typeMappingVersion</name>
          <type>java.lang.String</type>
          <required>false</required>
          <editable>true</editable>
          <description></description>
        </parameter>
        <parameter>
          <name>urlDownloadDirectory</name>
          <type>java.io.File</type>
          <required>false</required>
          <editable>true</editable>
          <description>Cache directory for WSDLs from URLs</description>
        </parameter>
        <parameter>
          <name>urls</name>
          <type>java.util.ArrayList</type>
          <required>false</required>
          <editable>true</editable>
          <description>list of urls to process</description>
        </parameter>
        <parameter>
          <name>useEmitter</name>
          <type>boolean</type>
          <required>false</required>
          <editable>true</editable>
          <description>use the Emitter for generating the java files as opposed to the commandline wsdl2java tool</description>
        </parameter>
        <parameter>
          <name>username</name>
          <type>java.lang.String</type>
          <required>false</required>
          <editable>true</editable>
          <description></description>
        </parameter>
        <parameter>
          <name>verbose</name>
          <type>boolean</type>
          <required>false</required>
          <editable>true</editable>
          <description></description>
        </parameter>
      </parameters>
      <configuration>
        <subPackageByFileName implementation="boolean">${subPackageByFileName}</subPackageByFileName>
        <noWrapped implementation="boolean">false</noWrapped>
        <localRepository implementation="org.apache.maven.artifact.repository.ArtifactRepository">${localRepository}</localRepository>
        <sourceDirectory implementation="java.io.File">${basedir}/src/main/wsdl</sourceDirectory>
        <serverSide implementation="boolean">${serverSide}</serverSide>
        <useEmitter implementation="boolean">false</useEmitter>
        <namespaceToPackage implementation="java.lang.String">${namespaceToPackage}</namespaceToPackage>
        <helperGen implementation="boolean">false</helperGen>
        <timestampDirectory implementation="java.io.File">${basedir}/target</timestampDirectory>
        <deployScope implementation="java.lang.String">${deployScope}</deployScope>
        <username implementation="java.lang.String">${username}</username>
        <runTestCasesAsUnitTests implementation="boolean">false</runTestCasesAsUnitTests>
        <fileNamespaceToPackage implementation="java.lang.String">${fileNamespaceToPackage}</fileNamespaceToPackage>
        <password implementation="java.lang.String">${password}</password>
        <skeletonDeploy implementation="boolean">false</skeletonDeploy>
        <timeout implementation="java.lang.Integer">${timeout}</timeout>
        <testCases implementation="boolean">${testCases}</testCases>
        <pluginArtifacts implementation="java.util.List">${plugin.artifacts}</pluginArtifacts>
        <typeMappingVersion implementation="java.lang.String">${typeMappingVersion}</typeMappingVersion>
        <staleMillis implementation="int" default-value="0">${lastModGranularityMs}</staleMillis>
        <testSourceDirectory implementation="java.io.File">${project.build.directory}/generated-test-sources/wsdl</testSourceDirectory>
        <factory implementation="java.lang.String">${factory}</factory>
        <debug implementation="boolean">false</debug>
        <outputDirectory implementation="java.io.File">${project.build.directory}/generated-sources/axistools/wsdl2java</outputDirectory>
        <packageSpace implementation="java.lang.String">${packageSpace}</packageSpace>
        <noImports implementation="boolean">false</noImports>
        <allElements implementation="boolean">${allElements}</allElements>
        <verbose implementation="boolean">${verbose}</verbose>
        <project implementation="org.apache.maven.project.MavenProject">${project}</project>
        <urlDownloadDirectory implementation="java.io.File">${project.build.directory}/axistools/wsdl2java/urlDownloads</urlDownloadDirectory>
        <implementationClassName implementation="java.lang.String">${implementationClassName}</implementationClassName>
        <sourceDependencyDirectory implementation="java.io.File">${project.build.directory}/axistools/wsdl2java/sourceDependencies</sourceDependencyDirectory>
      </configuration>
      <requirements>
        <requirement>
          <role>org.apache.maven.artifact.factory.ArtifactFactory</role>
          <field-name>artifactFactory</field-name>
        </requirement>
      </requirements>
    </mojo>
  </mojos>
  <dependencies/>
</plugin>