<plugin>
  <description></description>
  <groupId>org.codehaus.mojo</groupId>
  <artifactId>castor-maven-plugin</artifactId>
  <version>1.0</version>
  <goalPrefix>castor</goalPrefix>
  <isolatedRealm>false</isolatedRealm>
  <inheritedByDefault>true</inheritedByDefault>
  <mojos>
    <mojo>
      <goal>generate</goal>
      <description>A mojo that uses castor to generate a collection of javabeans from an XSD using Castor. Detailed explainations of many of these can be found in the details fo the Castor &lt;a href="http://castor.codehaus.org/sourcegen.html"&gt;SourceGenerator&lt;/a&gt;.</description>
      <requiresDirectInvocation>false</requiresDirectInvocation>
      <requiresProject>true</requiresProject>
      <requiresReports>false</requiresReports>
      <aggregator>false</aggregator>
      <requiresOnline>false</requiresOnline>
      <inheritedByDefault>true</inheritedByDefault>
      <phase>generate-sources</phase>
      <implementation>org.codehaus.mojo.castor.GenerateMojo</implementation>
      <language>java</language>
      <instantiationStrategy>per-lookup</instantiationStrategy>
      <executionStrategy>once-per-session</executionStrategy>
      <parameters>
        <parameter>
          <name>bindingfile</name>
          <type>java.lang.String</type>
          <required>false</required>
          <editable>true</editable>
          <description>The binding file to use for mapping xml to java.</description>
        </parameter>
        <parameter>
          <name>descriptors</name>
          <type>boolean</type>
          <required>false</required>
          <editable>true</editable>
          <description>If true, generate descriptors</description>
        </parameter>
        <parameter>
          <name>dest</name>
          <type>java.lang.String</type>
          <required>false</required>
          <editable>true</editable>
          <description>The directory to output the generated sources to</description>
        </parameter>
        <parameter>
          <name>lineSeparator</name>
          <type>java.lang.String</type>
          <required>false</required>
          <editable>true</editable>
          <description>The line separator to use in generated source. Can be either win, unix, or mac</description>
        </parameter>
        <parameter>
          <name>marshal</name>
          <type>boolean</type>
          <required>false</required>
          <editable>true</editable>
          <description>if false, don't generate the marshaller</description>
        </parameter>
        <parameter>
          <name>packaging</name>
          <type>java.lang.String</type>
          <required>false</required>
          <editable>true</editable>
          <description>The package for the generated source</description>
        </parameter>
        <parameter>
          <name>project</name>
          <type>org.apache.maven.project.MavenProject</type>
          <required>true</required>
          <editable>true</editable>
          <description></description>
        </parameter>
        <parameter>
          <name>properties</name>
          <type>java.lang.String</type>
          <required>false</required>
          <editable>true</editable>
          <description>The castorbuilder.properties file to use</description>
        </parameter>
        <parameter>
          <name>schema</name>
          <type>java.lang.String</type>
          <required>false</required>
          <editable>true</editable>
          <description>A schema file to process. If this is not set then all .xsd files in schemaDirectory will be processed.</description>
        </parameter>
        <parameter>
          <name>schemaDirectory</name>
          <type>java.lang.String</type>
          <required>false</required>
          <editable>true</editable>
          <description>The source directory containing *.xsd files</description>
        </parameter>
        <parameter>
          <name>staleMillis</name>
          <type>int</type>
          <required>false</required>
          <editable>true</editable>
          <description>The granularity in milliseconds of the last modification date for testing whether a source needs recompilation</description>
        </parameter>
        <parameter>
          <name>tstamp</name>
          <type>java.lang.String</type>
          <required>false</required>
          <editable>true</editable>
          <description>The directory to store the processed xsds. The timestamps of these xsds are used to determine if the source for that xsd need to be regenerated</description>
        </parameter>
        <parameter>
          <name>types</name>
          <type>java.lang.String</type>
          <required>false</required>
          <editable>true</editable>
          <description>Castor collection types. Allowable values are 'vector', 'arraylist', 'j2' or 'odmg' 'j2' and 'arraylist' are the same.</description>
        </parameter>
        <parameter>
          <name>verbose</name>
          <type>boolean</type>
          <required>false</required>
          <editable>true</editable>
          <description>Verbose output during generation</description>
        </parameter>
        <parameter>
          <name>warnings</name>
          <type>boolean</type>
          <required>false</required>
          <editable>true</editable>
          <description>Enable warning messages</description>
        </parameter>
      </parameters>
      <configuration>
        <types implementation="java.lang.String" default-value="arraylist"/>
        <marshal implementation="boolean" default-value="true"/>
        <warnings implementation="boolean" default-value="false"/>
        <schemaDirectory implementation="java.lang.String">${basedir}/src/main/castor</schemaDirectory>
        <verbose implementation="boolean" default-value="false"/>
        <project implementation="org.apache.maven.project.MavenProject">${project}</project>
        <bindingfile implementation="java.lang.String">${basedir}/src/main/castor/bindings.xml</bindingfile>
        <tstamp implementation="java.lang.String">${basedir}/target/xsds</tstamp>
        <staleMillis implementation="int" default-value="0">${lastModGranularityMs}</staleMillis>
        <properties implementation="java.lang.String">${basedir}/src/main/castor/castorbuilder.properties</properties>
        <dest implementation="java.lang.String">${project.build.directory}/generated-sources/castor</dest>
        <descriptors implementation="boolean" default-value="true"/>
      </configuration>
    </mojo>
  </mojos>
  <dependencies/>
</plugin>