<plugin>
  <groupId>org.codehaus.mojo</groupId>
  <artifactId>changes-maven-plugin</artifactId>
  <version>2.0-beta-1</version>
  <goalPrefix>changes</goalPrefix>
  <isolatedRealm>false</isolatedRealm>
  <inheritedByDefault>true</inheritedByDefault>
  <mojos>
    <mojo>
      <goal>announcement-mail</goal>
      <requiresDirectInvocation>false</requiresDirectInvocation>
      <requiresProject>true</requiresProject>
      <requiresReports>false</requiresReports>
      <aggregator>false</aggregator>
      <requiresOnline>false</requiresOnline>
      <inheritedByDefault>true</inheritedByDefault>
      <implementation>org.apache.maven.announcement.AnnouncementMailMojo</implementation>
      <language>java</language>
      <instantiationStrategy>per-lookup</instantiationStrategy>
      <executionStrategy>once-per-session</executionStrategy>
      <parameters>
        <parameter>
          <name>file</name>
          <type>java.lang.String</type>
          <required>true</required>
          <editable>true</editable>
          <description>Directory which contains the template for announcement email.</description>
        </parameter>
        <parameter>
          <name>from</name>
          <type>java.util.List</type>
          <required>true</required>
          <editable>true</editable>
          <description>Sender</description>
        </parameter>
        <parameter>
          <name>project</name>
          <type>org.apache.maven.project.MavenProject</type>
          <required>false</required>
          <editable>false</editable>
          <description></description>
        </parameter>
        <parameter>
          <name>smtpHost</name>
          <type>java.lang.String</type>
          <required>true</required>
          <editable>true</editable>
          <description>Smtp Server</description>
        </parameter>
        <parameter>
          <name>smtpPort</name>
          <type>int</type>
          <required>true</required>
          <editable>true</editable>
          <description>Port</description>
        </parameter>
        <parameter>
          <name>subject</name>
          <type>java.lang.String</type>
          <required>true</required>
          <editable>true</editable>
          <description>Subject for the email</description>
        </parameter>
        <parameter>
          <name>toAddresses</name>
          <type>java.util.List</type>
          <required>true</required>
          <editable>true</editable>
          <description>Recipient email address.</description>
        </parameter>
      </parameters>
      <configuration>
        <file implementation="java.lang.String">${project.build.directory}/announcement/announcement.vm</file>
        <smtpPort implementation="int" default-value="25"/>
        <from implementation="java.util.List">${project.developers}</from>
        <subject implementation="java.lang.String" default-value="[ANNOUNCEMENT] - ${project.artifactId} ${project.version} release!"/>
      </configuration>
    </mojo>
    <mojo>
      <goal>announcement-generate</goal>
      <requiresDependencyResolution>test</requiresDependencyResolution>
      <requiresDirectInvocation>false</requiresDirectInvocation>
      <requiresProject>true</requiresProject>
      <requiresReports>false</requiresReports>
      <aggregator>false</aggregator>
      <requiresOnline>false</requiresOnline>
      <inheritedByDefault>true</inheritedByDefault>
      <phase>generate-sources</phase>
      <implementation>org.apache.maven.announcement.AnnouncementMojo</implementation>
      <language>java</language>
      <instantiationStrategy>per-lookup</instantiationStrategy>
      <executionStrategy>once-per-session</executionStrategy>
      <parameters>
        <parameter>
          <name>artifactId</name>
          <type>java.lang.String</type>
          <required>false</required>
          <editable>false</editable>
          <description></description>
        </parameter>
        <parameter>
          <name>developmentTeam</name>
          <type>java.lang.String</type>
          <required>true</required>
          <editable>true</editable>
          <description>Name of the team that develops the project</description>
        </parameter>
        <parameter>
          <name>finalName</name>
          <type>java.lang.String</type>
          <required>true</required>
          <editable>true</editable>
          <description></description>
        </parameter>
        <parameter>
          <name>groupId</name>
          <type>java.lang.String</type>
          <required>false</required>
          <editable>false</editable>
          <description></description>
        </parameter>
        <parameter>
          <name>introduction</name>
          <type>java.lang.String</type>
          <required>false</required>
          <editable>true</editable>
          <description>Short description or introduction of the released project.</description>
        </parameter>
        <parameter>
          <name>outputDirectory</name>
          <type>java.lang.String</type>
          <required>true</required>
          <editable>true</editable>
          <description>Directory where the template file will be generated</description>
        </parameter>
        <parameter>
          <name>packaging</name>
          <type>java.lang.String</type>
          <required>false</required>
          <editable>false</editable>
          <description>Packaging structure based on the pom</description>
        </parameter>
        <parameter>
          <name>template</name>
          <type>java.lang.String</type>
          <required>true</required>
          <editable>true</editable>
          <description>Name of the tempalte to be generated</description>
        </parameter>
        <parameter>
          <name>templateDirectory</name>
          <type>java.lang.String</type>
          <required>true</required>
          <editable>true</editable>
          <description>Directory that contains the template</description>
        </parameter>
        <parameter>
          <name>url</name>
          <type>java.lang.String</type>
          <required>true</required>
          <editable>true</editable>
          <description>Distribution url of the plugin</description>
        </parameter>
        <parameter>
          <name>urlDownload</name>
          <type>java.lang.String</type>
          <required>false</required>
          <editable>true</editable>
          <description>URL where the plugin can be downloaded</description>
        </parameter>
        <parameter>
          <name>useDefaultTemplate</name>
          <type>boolean</type>
          <required>true</required>
          <editable>true</editable>
          <description></description>
        </parameter>
        <parameter>
          <name>version</name>
          <type>java.lang.String</type>
          <required>false</required>
          <editable>false</editable>
          <description>Version of the plugin</description>
        </parameter>
        <parameter>
          <name>xmlPath</name>
          <type>java.lang.String</type>
          <required>true</required>
          <editable>true</editable>
          <description>Directory which contains the changes.xml file</description>
        </parameter>
      </parameters>
      <configuration>
        <xmlPath implementation="java.lang.String">${basedir}/src/main</xmlPath>
        <templateDirectory implementation="java.lang.String" default-value="org/apache/maven/announcement"/>
        <urlDownload implementation="java.lang.String">${project.url}/${project.build.finalName}.jar</urlDownload>
        <template implementation="java.lang.String" default-value="announcement.vm"/>
        <useDefaultTemplate implementation="boolean">true</useDefaultTemplate>
        <developmentTeam implementation="java.lang.String" default-value="${project.artifactId}-team"/>
        <version implementation="java.lang.String">${project.version}</version>
        <groupId implementation="java.lang.String">${project.groupId}</groupId>
        <outputDirectory implementation="java.lang.String">${project.build.directory}/announcement</outputDirectory>
        <url implementation="java.lang.String">${project.url}</url>
        <introduction implementation="java.lang.String">${project.description}</introduction>
        <packaging implementation="java.lang.String">${project.packaging}</packaging>
        <artifactId implementation="java.lang.String">${project.artifactId}</artifactId>
        <finalName implementation="java.lang.String">${project.build.finalName}.jar</finalName>
      </configuration>
      <requirements>
        <requirement>
          <role>org.codehaus.plexus.velocity.VelocityComponent</role>
          <field-name>velocity</field-name>
        </requirement>
      </requirements>
    </mojo>
    <mojo>
      <goal>changes-report</goal>
      <requiresDirectInvocation>false</requiresDirectInvocation>
      <requiresProject>true</requiresProject>
      <requiresReports>false</requiresReports>
      <aggregator>false</aggregator>
      <requiresOnline>false</requiresOnline>
      <inheritedByDefault>true</inheritedByDefault>
      <implementation>org.apache.maven.changes.ChangesMojo</implementation>
      <language>java</language>
      <instantiationStrategy>per-lookup</instantiationStrategy>
      <executionStrategy>once-per-session</executionStrategy>
      <parameters>
        <parameter>
          <name>link_template</name>
          <type>java.lang.String</type>
          <required>false</required>
          <editable>true</editable>
          <description>Template string that is used to discover the URL to use to display a bug report. There are 2 template tokens you can use. %URL%: this is computed by getting the &amp;lt;issueManagement&amp;gt;&amp;lt;url&amp;gt; value from the POM, and removing the context path. %ISSUE% : this is the issue number.</description>
        </parameter>
        <parameter>
          <name>outputDirectory</name>
          <type>java.lang.String</type>
          <required>true</required>
          <editable>false</editable>
          <description>Directory where reports will go.</description>
        </parameter>
        <parameter>
          <name>project</name>
          <type>org.apache.maven.project.MavenProject</type>
          <required>true</required>
          <editable>false</editable>
          <description></description>
        </parameter>
        <parameter>
          <name>url</name>
          <type>java.lang.String</type>
          <required>false</required>
          <editable>false</editable>
          <description></description>
        </parameter>
        <parameter>
          <name>xmlPath</name>
          <type>java.lang.String</type>
          <required>true</required>
          <editable>true</editable>
          <description>The changes.xml that will be converted into an html report.</description>
        </parameter>
      </parameters>
      <configuration>
        <xmlPath implementation="java.lang.String">${basedir}/src/changes/changes.xml</xmlPath>
        <outputDirectory implementation="java.lang.String">${project.build.directory}/site </outputDirectory>
        <project implementation="org.apache.maven.project.MavenProject">${project}</project>
        <link_template implementation="java.lang.String">%URL%/ViewIssue.jspa?key=%ISSUE%</link_template>
        <url implementation="java.lang.String">${project.issueManagement.url}</url>
      </configuration>
      <requirements>
        <requirement>
          <role>org.codehaus.doxia.site.renderer.SiteRenderer</role>
          <field-name>siteRenderer</field-name>
        </requirement>
      </requirements>
    </mojo>
    <mojo>
      <goal>jira-report</goal>
      <requiresDirectInvocation>false</requiresDirectInvocation>
      <requiresProject>true</requiresProject>
      <requiresReports>false</requiresReports>
      <aggregator>false</aggregator>
      <requiresOnline>false</requiresOnline>
      <inheritedByDefault>true</inheritedByDefault>
      <implementation>org.apache.maven.jira.JiraMojo</implementation>
      <language>java</language>
      <instantiationStrategy>per-lookup</instantiationStrategy>
      <executionStrategy>once-per-session</executionStrategy>
      <parameters>
        <parameter>
          <name>component</name>
          <type>java.lang.String</type>
          <required>false</required>
          <editable>true</editable>
          <description>Sets the component(s) of the project you want to limit your report to. Multiple components can be separated by commas (such as 10011,10012). Default-value - empty, meaning all components.</description>
        </parameter>
        <parameter>
          <name>filter</name>
          <type>java.lang.String</type>
          <required>false</required>
          <editable>true</editable>
          <description>Defines the filter parameters to restrict the result issues from Jira. The filter parameters property must use the same format of url parameters from the Jira search</description>
        </parameter>
        <parameter>
          <name>jiraPassword</name>
          <type>java.lang.String</type>
          <required>false</required>
          <editable>true</editable>
          <description>Defines the jira password for authentication into a private Jira instalation.</description>
        </parameter>
        <parameter>
          <name>jiraUser</name>
          <type>java.lang.String</type>
          <required>false</required>
          <editable>true</editable>
          <description>Defines the jira username for authentication into a private Jira instalation.</description>
        </parameter>
        <parameter>
          <name>maxEntries</name>
          <type>int</type>
          <required>false</required>
          <editable>true</editable>
          <description>Maximum number of entries to be displayed by the Jira Report.</description>
        </parameter>
        <parameter>
          <name>outputDirectory</name>
          <type>java.lang.String</type>
          <required>true</required>
          <editable>false</editable>
          <description>Output Directory of the report.</description>
        </parameter>
        <parameter>
          <name>priorityIds</name>
          <type>java.lang.String</type>
          <required>false</required>
          <editable>true</editable>
          <description>Sets the priority(s) of the project you want to limit your report to. Valid statuses are: Blocker, Critical, Major, Minor, Trivial. Multiple values can be separated by commas.</description>
        </parameter>
        <parameter>
          <name>project</name>
          <type>org.apache.maven.project.MavenProject</type>
          <required>true</required>
          <editable>false</editable>
          <description>The Maven Project.</description>
        </parameter>
        <parameter>
          <name>resolutionIds</name>
          <type>java.lang.String</type>
          <required>false</required>
          <editable>true</editable>
          <description>Sets the resolution(s) of the project you want to limit your report to. Valid statuses are: Unresolved, Fixed, Won't Fix, Duplicate, Incomplete, Cannot Reproduce. Multiple values can be separated by comma.</description>
        </parameter>
        <parameter>
          <name>settings</name>
          <type>org.apache.maven.settings.Settings</type>
          <required>true</required>
          <editable>false</editable>
          <description>Settings XML configuration.</description>
        </parameter>
        <parameter>
          <name>statusIds</name>
          <type>java.lang.String</type>
          <required>false</required>
          <editable>true</editable>
          <description>Sets the status(es) of the project you want to limit your report to. Valid statuses are: Open, In Progress, Reopened, Resolved and Closed. Multiple values can be separated by commas.</description>
        </parameter>
        <parameter>
          <name>webPassword</name>
          <type>java.lang.String</type>
          <required>false</required>
          <editable>true</editable>
          <description>Defines the http password for basic authentication into the Jira webserver.</description>
        </parameter>
        <parameter>
          <name>webUser</name>
          <type>java.lang.String</type>
          <required>false</required>
          <editable>true</editable>
          <description>Defines the http user for basic authentication into the Jira webserver.</description>
        </parameter>
        <parameter>
          <name>xmlPath</name>
          <type>java.lang.String</type>
          <required>true</required>
          <editable>false</editable>
          <description>Path of the Jira XML to be parsed.</description>
        </parameter>
      </parameters>
      <configuration>
        <xmlPath implementation="java.lang.String">${project.build.directory}/jira-results.xml </xmlPath>
        <settings implementation="org.apache.maven.settings.Settings">${settings}</settings>
        <outputDirectory implementation="java.lang.String">${project.build.directory}/site </outputDirectory>
        <project implementation="org.apache.maven.project.MavenProject">${project}</project>
        <maxEntries implementation="int" default-value="100"/>
      </configuration>
      <requirements>
        <requirement>
          <role>org.codehaus.doxia.site.renderer.SiteRenderer</role>
          <field-name>siteRenderer</field-name>
        </requirement>
      </requirements>
    </mojo>
  </mojos>
  <dependencies/>
</plugin>