<plugin>
  <description></description>
  <groupId>org.codehaus.mojo</groupId>
  <artifactId>cobertura-maven-plugin</artifactId>
  <version>2.0</version>
  <goalPrefix>cobertura</goalPrefix>
  <isolatedRealm>false</isolatedRealm>
  <inheritedByDefault>true</inheritedByDefault>
  <mojos>
    <mojo>
      <goal>check</goal>
      <description>Check the Last Instrumentation Results.</description>
      <requiresDirectInvocation>false</requiresDirectInvocation>
      <requiresProject>true</requiresProject>
      <requiresReports>false</requiresReports>
      <aggregator>false</aggregator>
      <requiresOnline>false</requiresOnline>
      <inheritedByDefault>true</inheritedByDefault>
      <phase>verify</phase>
      <executePhase>test</executePhase>
      <executeLifecycle>cobertura</executeLifecycle>
      <implementation>org.codehaus.mojo.cobertura.CoberturaCheckMojo</implementation>
      <language>java</language>
      <instantiationStrategy>per-lookup</instantiationStrategy>
      <executionStrategy>once-per-session</executionStrategy>
      <parameters>
        <parameter>
          <name>check</name>
          <type>org.codehaus.mojo.cobertura.configuration.ConfigCheck</type>
          <required>false</required>
          <editable>true</editable>
          <description>The &lt;a href=&quot;usage.html#Check&quot;&gt;Check Configuration&lt;/a&gt;.</description>
        </parameter>
        <parameter>
          <name>dataFile</name>
          <type>java.io.File</type>
          <required>true</required>
          <editable>false</editable>
          <description>&lt;p&gt;The Datafile Location.&lt;/p&gt; &lt;p&gt; Due to a bug in Cobertura v1.6, this location cannot be changed. &lt;/p&gt;</description>
        </parameter>
        <parameter>
          <name>instrumentation</name>
          <type>org.codehaus.mojo.cobertura.configuration.ConfigInstrumentation</type>
          <required>false</required>
          <editable>true</editable>
          <description>The &lt;a href=&quot;usage.html#Instrumentation&quot;&gt;Instrumentation Configuration&lt;/a&gt;.</description>
        </parameter>
        <parameter>
          <name>maxmem</name>
          <type>java.lang.String</type>
          <required>false</required>
          <editable>true</editable>
          <description>Maximum memory to pass JVM of Cobertura processes.</description>
        </parameter>
        <parameter>
          <name>pluginClasspathList</name>
          <type>java.util.List</type>
          <required>true</required>
          <editable>false</editable>
          <description>&lt;i&gt;Maven Internal&lt;/i&gt;: List of artifacts for the plugin.</description>
        </parameter>
        <parameter>
          <name>project</name>
          <type>org.apache.maven.project.MavenProject</type>
          <required>true</required>
          <editable>false</editable>
          <description>&lt;i&gt;Maven Internal&lt;/i&gt;: Project to interact with.</description>
        </parameter>
      </parameters>
      <configuration>
        <dataFile implementation="java.io.File">${basedir}/cobertura.ser</dataFile>
        <instrumentation implementation="org.codehaus.mojo.cobertura.configuration.ConfigInstrumentation">${instrumentation}</instrumentation>
        <project implementation="org.apache.maven.project.MavenProject">${project}</project>
        <pluginClasspathList implementation="java.util.List">${plugin.artifacts}</pluginClasspathList>
        <maxmem implementation="java.lang.String">${cobertura.maxmem}</maxmem>
        <check implementation="org.codehaus.mojo.cobertura.configuration.ConfigCheck">${check}</check>
      </configuration>
    </mojo>
    <mojo>
      <goal>clean</goal>
      <description>Clean up rogue files that cobertura maven plugin is tracking.</description>
      <requiresDirectInvocation>false</requiresDirectInvocation>
      <requiresProject>true</requiresProject>
      <requiresReports>false</requiresReports>
      <aggregator>false</aggregator>
      <requiresOnline>false</requiresOnline>
      <inheritedByDefault>true</inheritedByDefault>
      <phase>clean</phase>
      <implementation>org.codehaus.mojo.cobertura.CoberturaCleanMojo</implementation>
      <language>java</language>
      <instantiationStrategy>per-lookup</instantiationStrategy>
      <executionStrategy>once-per-session</executionStrategy>
      <parameters>
        <parameter>
          <name>check</name>
          <type>org.codehaus.mojo.cobertura.configuration.ConfigCheck</type>
          <required>false</required>
          <editable>true</editable>
          <description>The &lt;a href=&quot;usage.html#Check&quot;&gt;Check Configuration&lt;/a&gt;.</description>
        </parameter>
        <parameter>
          <name>dataFile</name>
          <type>java.io.File</type>
          <required>true</required>
          <editable>false</editable>
          <description>&lt;p&gt;The Datafile Location.&lt;/p&gt; &lt;p&gt; Due to a bug in Cobertura v1.6, this location cannot be changed. &lt;/p&gt;</description>
        </parameter>
        <parameter>
          <name>instrumentation</name>
          <type>org.codehaus.mojo.cobertura.configuration.ConfigInstrumentation</type>
          <required>false</required>
          <editable>true</editable>
          <description>The &lt;a href=&quot;usage.html#Instrumentation&quot;&gt;Instrumentation Configuration&lt;/a&gt;.</description>
        </parameter>
        <parameter>
          <name>maxmem</name>
          <type>java.lang.String</type>
          <required>false</required>
          <editable>true</editable>
          <description>Maximum memory to pass JVM of Cobertura processes.</description>
        </parameter>
        <parameter>
          <name>pluginClasspathList</name>
          <type>java.util.List</type>
          <required>true</required>
          <editable>false</editable>
          <description>&lt;i&gt;Maven Internal&lt;/i&gt;: List of artifacts for the plugin.</description>
        </parameter>
        <parameter>
          <name>project</name>
          <type>org.apache.maven.project.MavenProject</type>
          <required>true</required>
          <editable>false</editable>
          <description>&lt;i&gt;Maven Internal&lt;/i&gt;: Project to interact with.</description>
        </parameter>
      </parameters>
      <configuration>
        <dataFile implementation="java.io.File">${basedir}/cobertura.ser</dataFile>
        <instrumentation implementation="org.codehaus.mojo.cobertura.configuration.ConfigInstrumentation">${instrumentation}</instrumentation>
        <project implementation="org.apache.maven.project.MavenProject">${project}</project>
        <pluginClasspathList implementation="java.util.List">${plugin.artifacts}</pluginClasspathList>
        <maxmem implementation="java.lang.String">${cobertura.maxmem}</maxmem>
        <check implementation="org.codehaus.mojo.cobertura.configuration.ConfigCheck">${check}</check>
      </configuration>
    </mojo>
    <mojo>
      <goal>instrument</goal>
      <description>Instrument the compiled classes.</description>
      <requiresDirectInvocation>false</requiresDirectInvocation>
      <requiresProject>true</requiresProject>
      <requiresReports>false</requiresReports>
      <aggregator>false</aggregator>
      <requiresOnline>false</requiresOnline>
      <inheritedByDefault>true</inheritedByDefault>
      <implementation>org.codehaus.mojo.cobertura.CoberturaInstrumentMojo</implementation>
      <language>java</language>
      <instantiationStrategy>per-lookup</instantiationStrategy>
      <executionStrategy>once-per-session</executionStrategy>
      <parameters>
        <parameter>
          <name>check</name>
          <type>org.codehaus.mojo.cobertura.configuration.ConfigCheck</type>
          <required>false</required>
          <editable>true</editable>
          <description>The &lt;a href=&quot;usage.html#Check&quot;&gt;Check Configuration&lt;/a&gt;.</description>
        </parameter>
        <parameter>
          <name>dataFile</name>
          <type>java.io.File</type>
          <required>true</required>
          <editable>false</editable>
          <description>&lt;p&gt;The Datafile Location.&lt;/p&gt; &lt;p&gt; Due to a bug in Cobertura v1.6, this location cannot be changed. &lt;/p&gt;</description>
        </parameter>
        <parameter>
          <name>instrumentation</name>
          <type>org.codehaus.mojo.cobertura.configuration.ConfigInstrumentation</type>
          <required>false</required>
          <editable>true</editable>
          <description>The &lt;a href=&quot;usage.html#Instrumentation&quot;&gt;Instrumentation Configuration&lt;/a&gt;.</description>
        </parameter>
        <parameter>
          <name>maxmem</name>
          <type>java.lang.String</type>
          <required>false</required>
          <editable>true</editable>
          <description>Maximum memory to pass JVM of Cobertura processes.</description>
        </parameter>
        <parameter>
          <name>pluginClasspathList</name>
          <type>java.util.List</type>
          <required>true</required>
          <editable>false</editable>
          <description>&lt;i&gt;Maven Internal&lt;/i&gt;: List of artifacts for the plugin.</description>
        </parameter>
        <parameter>
          <name>project</name>
          <type>org.apache.maven.project.MavenProject</type>
          <required>true</required>
          <editable>false</editable>
          <description>&lt;i&gt;Maven Internal&lt;/i&gt;: Project to interact with.</description>
        </parameter>
      </parameters>
      <configuration>
        <dataFile implementation="java.io.File">${basedir}/cobertura.ser</dataFile>
        <instrumentation implementation="org.codehaus.mojo.cobertura.configuration.ConfigInstrumentation">${instrumentation}</instrumentation>
        <project implementation="org.apache.maven.project.MavenProject">${project}</project>
        <pluginClasspathList implementation="java.util.List">${plugin.artifacts}</pluginClasspathList>
        <maxmem implementation="java.lang.String">${cobertura.maxmem}</maxmem>
        <check implementation="org.codehaus.mojo.cobertura.configuration.ConfigCheck">${check}</check>
      </configuration>
      <requirements>
        <requirement>
          <role>org.apache.maven.artifact.factory.ArtifactFactory</role>
          <field-name>factory</field-name>
        </requirement>
      </requirements>
    </mojo>
    <mojo>
      <goal>cobertura</goal>
      <description>Instruments, Tests, and Generates a Cobertura Report.</description>
      <requiresDirectInvocation>false</requiresDirectInvocation>
      <requiresProject>true</requiresProject>
      <requiresReports>false</requiresReports>
      <aggregator>false</aggregator>
      <requiresOnline>false</requiresOnline>
      <inheritedByDefault>true</inheritedByDefault>
      <executePhase>test</executePhase>
      <executeLifecycle>cobertura</executeLifecycle>
      <implementation>org.codehaus.mojo.cobertura.CoberturaReportMojo</implementation>
      <language>java</language>
      <instantiationStrategy>per-lookup</instantiationStrategy>
      <executionStrategy>once-per-session</executionStrategy>
      <parameters>
        <parameter>
          <name>dataFile</name>
          <type>java.io.File</type>
          <required>true</required>
          <editable>false</editable>
          <description>&lt;p&gt;The Datafile Location.&lt;/p&gt; &lt;p&gt; Due to a bug in Cobertura v1.6, this location cannot be changed. &lt;/p&gt;</description>
        </parameter>
        <parameter>
          <name>format</name>
          <type>java.lang.String</type>
          <deprecated></deprecated>
          <required>false</required>
          <editable>true</editable>
          <description>The format of the report. (supports &apos;html&apos; or &apos;xml&apos;. defaults to &apos;html&apos;)</description>
        </parameter>
        <parameter>
          <name>formats</name>
          <type>java.lang.String</type>
          <required>false</required>
          <editable>true</editable>
          <description>The format of the report. (can be &apos;html&apos; and/or &apos;xml&apos;. defaults to &apos;html&apos;)</description>
        </parameter>
        <parameter>
          <name>maxmem</name>
          <type>java.lang.String</type>
          <required>false</required>
          <editable>true</editable>
          <description>Maximum memory to pass JVM of Cobertura processes.</description>
        </parameter>
        <parameter>
          <name>outputDirectory</name>
          <type>java.io.File</type>
          <required>true</required>
          <editable>true</editable>
          <description>The output directory for the report.</description>
        </parameter>
        <parameter>
          <name>pluginClasspathList</name>
          <type>java.util.List</type>
          <required>true</required>
          <editable>false</editable>
          <description>&lt;i&gt;Maven Internal&lt;/i&gt;: List of artifacts for the plugin.</description>
        </parameter>
        <parameter>
          <name>project</name>
          <type>org.apache.maven.project.MavenProject</type>
          <required>true</required>
          <editable>false</editable>
          <description>&lt;i&gt;Maven Internal&lt;/i&gt;: Project to interact with.</description>
        </parameter>
      </parameters>
      <configuration>
        <dataFile implementation="java.io.File">${basedir}/cobertura.ser</dataFile>
        <outputDirectory implementation="java.io.File" default-value="${project.reporting.outputDirectory}/cobertura"/>
        <project implementation="org.apache.maven.project.MavenProject">${project}</project>
        <pluginClasspathList implementation="java.util.List">${plugin.artifacts}</pluginClasspathList>
        <maxmem implementation="java.lang.String">${cobertura.maxmem}</maxmem>
        <format implementation="java.lang.String">${cobertura.report.format}</format>
      </configuration>
      <requirements>
        <requirement>
          <role>org.codehaus.doxia.site.renderer.SiteRenderer</role>
          <field-name>siteRenderer</field-name>
        </requirement>
      </requirements>
    </mojo>
  </mojos>
  <dependencies/>
</plugin>