<plugin>
  <description>Commons Attributes enables Java programmers to use C#/.Net-style (now also Java 5) attributes 
    in their code.</description>
  <groupId>org.codehaus.mojo</groupId>
  <artifactId>commons-attributes-maven-plugin</artifactId>
  <version>1.0</version>
  <goalPrefix>commons-attributes</goalPrefix>
  <isolatedRealm>false</isolatedRealm>
  <inheritedByDefault>true</inheritedByDefault>
  <mojos>
    <mojo>
      <goal>compile</goal>
      <description>Commons-attributes compiler.</description>
      <requiresDirectInvocation>false</requiresDirectInvocation>
      <requiresProject>true</requiresProject>
      <requiresReports>false</requiresReports>
      <aggregator>false</aggregator>
      <requiresOnline>false</requiresOnline>
      <inheritedByDefault>true</inheritedByDefault>
      <phase>generate-sources</phase>
      <implementation>org.codehaus.mojo.commons.attributes.CommonsAttributesMojo</implementation>
      <language>java</language>
      <instantiationStrategy>per-lookup</instantiationStrategy>
      <executionStrategy>once-per-session</executionStrategy>
      <parameters>
        <parameter>
          <name>excludes</name>
          <type>java.util.Set</type>
          <required>false</required>
          <editable>true</editable>
          <description>A list of exclusion filters for the compiler.</description>
        </parameter>
        <parameter>
          <name>includes</name>
          <type>java.util.Set</type>
          <required>false</required>
          <editable>true</editable>
          <description>A list of inclusion filters for the compiler.</description>
        </parameter>
        <parameter>
          <name>outputDirectory</name>
          <type>java.io.File</type>
          <required>false</required>
          <editable>true</editable>
          <description>The directory for generated sources.</description>
        </parameter>
        <parameter>
          <name>project</name>
          <type>org.apache.maven.project.MavenProject</type>
          <required>true</required>
          <editable>true</editable>
          <description></description>
        </parameter>
        <parameter>
          <name>projectBuildDirectory</name>
          <type>java.lang.String</type>
          <required>true</required>
          <editable>true</editable>
          <description></description>
        </parameter>
      </parameters>
      <configuration>
        <outputDirectory implementation="java.io.File" default-value="${project.build.directory}/generated-sources"/>
        <project implementation="org.apache.maven.project.MavenProject">${project}</project>
        <projectBuildDirectory implementation="java.lang.String">${project.build.directory}</projectBuildDirectory>
      </configuration>
    </mojo>
    <mojo>
      <goal>test-compile</goal>
      <description>Commons-attributes compiler for tests.</description>
      <requiresDirectInvocation>false</requiresDirectInvocation>
      <requiresProject>true</requiresProject>
      <requiresReports>false</requiresReports>
      <aggregator>false</aggregator>
      <requiresOnline>false</requiresOnline>
      <inheritedByDefault>true</inheritedByDefault>
      <phase>generate-test-sources</phase>
      <implementation>org.codehaus.mojo.commons.attributes.CommonsAttributesTestMojo</implementation>
      <language>java</language>
      <instantiationStrategy>per-lookup</instantiationStrategy>
      <executionStrategy>once-per-session</executionStrategy>
      <parameters>
        <parameter>
          <name>outputDirectory</name>
          <type>java.io.File</type>
          <required>false</required>
          <editable>true</editable>
          <description>The directory for generated sources.</description>
        </parameter>
        <parameter>
          <name>project</name>
          <type>org.apache.maven.project.MavenProject</type>
          <required>true</required>
          <editable>true</editable>
          <description></description>
        </parameter>
        <parameter>
          <name>projectBuildDirectory</name>
          <type>java.lang.String</type>
          <required>true</required>
          <editable>true</editable>
          <description></description>
        </parameter>
        <parameter>
          <name>testExcludes</name>
          <type>java.util.Set</type>
          <required>false</required>
          <editable>true</editable>
          <description>A list of exclusion filters for the compiler.</description>
        </parameter>
        <parameter>
          <name>testIncludes</name>
          <type>java.util.Set</type>
          <required>false</required>
          <editable>true</editable>
          <description>A list of inclusion filters for the compiler.</description>
        </parameter>
      </parameters>
      <configuration>
        <outputDirectory implementation="java.io.File" default-value="${project.build.directory}/generated-test-sources"/>
        <project implementation="org.apache.maven.project.MavenProject">${project}</project>
        <projectBuildDirectory implementation="java.lang.String">${project.build.directory}</projectBuildDirectory>
      </configuration>
    </mojo>
  </mojos>
  <dependencies/>
</plugin>