<plugin>
  <description>Use this plugin to invoke DbUnit utilities</description>
  <groupId>org.codehaus.mojo</groupId>
  <artifactId>dbunit-maven-plugin</artifactId>
  <version>1.0-beta-1</version>
  <goalPrefix>dbunit</goalPrefix>
  <isolatedRealm>false</isolatedRealm>
  <inheritedByDefault>true</inheritedByDefault>
  <mojos>
    <mojo>
      <goal>compare</goal>
      <description>Execute DbUnit Compare operation</description>
      <requiresDependencyResolution>compile</requiresDependencyResolution>
      <requiresDirectInvocation>false</requiresDirectInvocation>
      <requiresProject>true</requiresProject>
      <requiresReports>false</requiresReports>
      <aggregator>false</aggregator>
      <requiresOnline>false</requiresOnline>
      <inheritedByDefault>true</inheritedByDefault>
      <implementation>org.codehaus.mojo.dbunit.CompareMojo</implementation>
      <language>java</language>
      <instantiationStrategy>per-lookup</instantiationStrategy>
      <executionStrategy>once-per-session</executionStrategy>
      <parameters>
        <parameter>
          <name>dataTypeFactoryName</name>
          <type>java.lang.String</type>
          <required>false</required>
          <editable>true</editable>
          <description>Set the DataType factory to add support for non-standard database vendor data types.</description>
        </parameter>
        <parameter>
          <name>datatypeWarning</name>
          <type>boolean</type>
          <required>false</required>
          <editable>true</editable>
          <description>Enable or disable the warning message displayed when DbUnit encounter an unsupported data type.</description>
        </parameter>
        <parameter>
          <name>driver</name>
          <type>java.lang.String</type>
          <required>true</required>
          <editable>true</editable>
          <description>The class name of the JDBC driver to be used.</description>
        </parameter>
        <parameter>
          <name>escapePattern</name>
          <type>java.lang.String</type>
          <required>false</required>
          <editable>true</editable>
          <description>escapePattern</description>
        </parameter>
        <parameter>
          <name>format</name>
          <type>java.lang.String</type>
          <required>false</required>
          <editable>true</editable>
          <description>DataSet file format</description>
        </parameter>
        <parameter>
          <name>password</name>
          <type>java.lang.String</type>
          <required>false</required>
          <editable>true</editable>
          <description>Database password. If not given, it will be looked up through settings.xml&apos;s
server with ${settingsKey} as key</description>
        </parameter>
        <parameter>
          <name>queries</name>
          <type>org.dbunit.ant.Query[]</type>
          <required>false</required>
          <editable>true</editable>
          <description>List of DbUnit&apos;s Query. See DbUnit&apos;s org.dbunit.ant.Query JavaDoc for details</description>
        </parameter>
        <parameter>
          <name>schema</name>
          <type>java.lang.String</type>
          <required>false</required>
          <editable>true</editable>
          <description>The schema name that tables can be found under.</description>
        </parameter>
        <parameter>
          <name>settings</name>
          <type>org.apache.maven.settings.Settings</type>
          <required>false</required>
          <editable>false</editable>
          <description>Access to hidding username/password</description>
        </parameter>
        <parameter>
          <name>settingsKey</name>
          <type>java.lang.String</type>
          <required>false</required>
          <editable>true</editable>
          <description>Server&apos;s id in settings.xml to look up username and password.
Default to ${url} if not given.</description>
        </parameter>
        <parameter>
          <name>skip</name>
          <type>boolean</type>
          <required>false</required>
          <editable>true</editable>
          <description>Skip the execution when true, very handy when using together with maven.test.skip.</description>
        </parameter>
        <parameter>
          <name>sort</name>
          <type>boolean</type>
          <required>false</required>
          <editable>true</editable>
          <description>sort</description>
        </parameter>
        <parameter>
          <name>src</name>
          <type>java.io.File</type>
          <required>true</required>
          <editable>true</editable>
          <description>DataSet file</description>
        </parameter>
        <parameter>
          <name>supportBatchStatement</name>
          <type>boolean</type>
          <required>false</required>
          <editable>true</editable>
          <description>Enable or disable usage of JDBC batched statement by DbUnit</description>
        </parameter>
        <parameter>
          <name>tables</name>
          <type>org.dbunit.ant.Table[]</type>
          <required>false</required>
          <editable>true</editable>
          <description>List of DbUnit&apos;s Table. See DbUnit&apos;s org.dbunit.ant.Table JavaDoc for details</description>
        </parameter>
        <parameter>
          <name>url</name>
          <type>java.lang.String</type>
          <required>true</required>
          <editable>true</editable>
          <description>The JDBC URL for the database to access, e.g. jdbc:db2:SAMPLE.</description>
        </parameter>
        <parameter>
          <name>useQualifiedTableNames</name>
          <type>boolean</type>
          <required>false</required>
          <editable>true</editable>
          <description>Enable or disable multiple schemas support by prefixing table names with the schema name.</description>
        </parameter>
        <parameter>
          <name>username</name>
          <type>java.lang.String</type>
          <required>false</required>
          <editable>true</editable>
          <description>Database username. If not given, it will be looked up through
settings.xml&apos;s server with ${settingsKey} as key</description>
        </parameter>
      </parameters>
      <configuration>
        <password implementation="java.lang.String">${password}</password>
        <settings implementation="org.apache.maven.settings.Settings">${settings}</settings>
        <dataTypeFactoryName implementation="java.lang.String" default-value="org.dbunit.dataset.datatype.DefaultDataTypeFactory">${dataTypeFactoryName}</dataTypeFactoryName>
        <sort implementation="boolean">${sort}</sort>
        <src implementation="java.io.File">${src}</src>
        <supportBatchStatement implementation="boolean" default-value="false">${supportBatchStatement}</supportBatchStatement>
        <settingsKey implementation="java.lang.String">${settingsKey}</settingsKey>
        <driver implementation="java.lang.String">${driver}</driver>
        <schema implementation="java.lang.String">${schema}</schema>
        <datatypeWarning implementation="boolean" default-value="false">${datatypeWarning}</datatypeWarning>
        <skip implementation="boolean" default-value="false">${skip}</skip>
        <useQualifiedTableNames implementation="boolean" default-value="false">${useQualifiedTableNames}</useQualifiedTableNames>
        <username implementation="java.lang.String">${username}</username>
        <escapePattern implementation="java.lang.String">${escapePattern}</escapePattern>
        <format implementation="java.lang.String" default-value="xml">${format}</format>
      </configuration>
    </mojo>
    <mojo>
      <goal>export</goal>
      <description>Execute DbUnit Export operation</description>
      <requiresDependencyResolution>compile</requiresDependencyResolution>
      <requiresDirectInvocation>false</requiresDirectInvocation>
      <requiresProject>true</requiresProject>
      <requiresReports>false</requiresReports>
      <aggregator>false</aggregator>
      <requiresOnline>false</requiresOnline>
      <inheritedByDefault>true</inheritedByDefault>
      <implementation>org.codehaus.mojo.dbunit.ExportMojo</implementation>
      <language>java</language>
      <instantiationStrategy>per-lookup</instantiationStrategy>
      <executionStrategy>once-per-session</executionStrategy>
      <parameters>
        <parameter>
          <name>dataTypeFactoryName</name>
          <type>java.lang.String</type>
          <required>false</required>
          <editable>true</editable>
          <description>Set the DataType factory to add support for non-standard database vendor data types.</description>
        </parameter>
        <parameter>
          <name>datatypeWarning</name>
          <type>boolean</type>
          <required>false</required>
          <editable>true</editable>
          <description>Enable or disable the warning message displayed when DbUnit encounter an unsupported data type.</description>
        </parameter>
        <parameter>
          <name>dest</name>
          <type>java.io.File</type>
          <required>false</required>
          <editable>true</editable>
          <description>Location of exported DataSet file</description>
        </parameter>
        <parameter>
          <name>doctype</name>
          <type>java.lang.String</type>
          <required>false</required>
          <editable>true</editable>
          <description>doctype</description>
        </parameter>
        <parameter>
          <name>driver</name>
          <type>java.lang.String</type>
          <required>true</required>
          <editable>true</editable>
          <description>The class name of the JDBC driver to be used.</description>
        </parameter>
        <parameter>
          <name>escapePattern</name>
          <type>java.lang.String</type>
          <required>false</required>
          <editable>true</editable>
          <description>escapePattern</description>
        </parameter>
        <parameter>
          <name>format</name>
          <type>java.lang.String</type>
          <required>false</required>
          <editable>true</editable>
          <description>DataSet file format</description>
        </parameter>
        <parameter>
          <name>password</name>
          <type>java.lang.String</type>
          <required>false</required>
          <editable>true</editable>
          <description>Database password. If not given, it will be looked up through settings.xml&apos;s
server with ${settingsKey} as key</description>
        </parameter>
        <parameter>
          <name>queries</name>
          <type>org.dbunit.ant.Query[]</type>
          <required>false</required>
          <editable>true</editable>
          <description>List of DbUnit&apos;s Query. See DbUnit&apos;s JavaDoc for details</description>
        </parameter>
        <parameter>
          <name>schema</name>
          <type>java.lang.String</type>
          <required>false</required>
          <editable>true</editable>
          <description>The schema name that tables can be found under.</description>
        </parameter>
        <parameter>
          <name>settings</name>
          <type>org.apache.maven.settings.Settings</type>
          <required>false</required>
          <editable>false</editable>
          <description>Access to hidding username/password</description>
        </parameter>
        <parameter>
          <name>settingsKey</name>
          <type>java.lang.String</type>
          <required>false</required>
          <editable>true</editable>
          <description>Server&apos;s id in settings.xml to look up username and password.
Default to ${url} if not given.</description>
        </parameter>
        <parameter>
          <name>skip</name>
          <type>boolean</type>
          <required>false</required>
          <editable>true</editable>
          <description>Skip the execution when true, very handy when using together with maven.test.skip.</description>
        </parameter>
        <parameter>
          <name>supportBatchStatement</name>
          <type>boolean</type>
          <required>false</required>
          <editable>true</editable>
          <description>Enable or disable usage of JDBC batched statement by DbUnit</description>
        </parameter>
        <parameter>
          <name>tables</name>
          <type>org.dbunit.ant.Table[]</type>
          <required>false</required>
          <editable>true</editable>
          <description>List of DbUnit&apos;s Table. See DbUnit&apos;s JavaDoc for details</description>
        </parameter>
        <parameter>
          <name>url</name>
          <type>java.lang.String</type>
          <required>true</required>
          <editable>true</editable>
          <description>The JDBC URL for the database to access, e.g. jdbc:db2:SAMPLE.</description>
        </parameter>
        <parameter>
          <name>useQualifiedTableNames</name>
          <type>boolean</type>
          <required>false</required>
          <editable>true</editable>
          <description>Enable or disable multiple schemas support by prefixing table names with the schema name.</description>
        </parameter>
        <parameter>
          <name>username</name>
          <type>java.lang.String</type>
          <required>false</required>
          <editable>true</editable>
          <description>Database username. If not given, it will be looked up through
settings.xml&apos;s server with ${settingsKey} as key</description>
        </parameter>
      </parameters>
      <configuration>
        <password implementation="java.lang.String">${password}</password>
        <settings implementation="org.apache.maven.settings.Settings">${settings}</settings>
        <dataTypeFactoryName implementation="java.lang.String" default-value="org.dbunit.dataset.datatype.DefaultDataTypeFactory">${dataTypeFactoryName}</dataTypeFactoryName>
        <supportBatchStatement implementation="boolean" default-value="false">${supportBatchStatement}</supportBatchStatement>
        <settingsKey implementation="java.lang.String">${settingsKey}</settingsKey>
        <driver implementation="java.lang.String">${driver}</driver>
        <schema implementation="java.lang.String">${schema}</schema>
        <datatypeWarning implementation="boolean" default-value="false">${datatypeWarning}</datatypeWarning>
        <doctype implementation="java.lang.String">${doctype}</doctype>
        <skip implementation="boolean" default-value="false">${skip}</skip>
        <useQualifiedTableNames implementation="boolean" default-value="false">${useQualifiedTableNames}</useQualifiedTableNames>
        <username implementation="java.lang.String">${username}</username>
        <dest implementation="java.io.File" default-value="${project.build.directory}/dbunit/export.xml">${dest}</dest>
        <escapePattern implementation="java.lang.String">${escapePattern}</escapePattern>
        <format implementation="java.lang.String" default-value="xml">${format}</format>
      </configuration>
    </mojo>
    <mojo>
      <goal>operation</goal>
      <description>Execute DbUnit&apos;s Database Operation with an external dataset file.</description>
      <requiresDependencyResolution>compile</requiresDependencyResolution>
      <requiresDirectInvocation>false</requiresDirectInvocation>
      <requiresProject>true</requiresProject>
      <requiresReports>false</requiresReports>
      <aggregator>false</aggregator>
      <requiresOnline>false</requiresOnline>
      <inheritedByDefault>true</inheritedByDefault>
      <implementation>org.codehaus.mojo.dbunit.OperationMojo</implementation>
      <language>java</language>
      <instantiationStrategy>per-lookup</instantiationStrategy>
      <executionStrategy>once-per-session</executionStrategy>
      <parameters>
        <parameter>
          <name>dataTypeFactoryName</name>
          <type>java.lang.String</type>
          <required>false</required>
          <editable>true</editable>
          <description>Set the DataType factory to add support for non-standard database vendor data types.</description>
        </parameter>
        <parameter>
          <name>datatypeWarning</name>
          <type>boolean</type>
          <required>false</required>
          <editable>true</editable>
          <description>Enable or disable the warning message displayed when DbUnit encounter an unsupported data type.</description>
        </parameter>
        <parameter>
          <name>driver</name>
          <type>java.lang.String</type>
          <required>true</required>
          <editable>true</editable>
          <description>The class name of the JDBC driver to be used.</description>
        </parameter>
        <parameter>
          <name>escapePattern</name>
          <type>java.lang.String</type>
          <required>false</required>
          <editable>true</editable>
          <description>escapePattern</description>
        </parameter>
        <parameter>
          <name>format</name>
          <type>java.lang.String</type>
          <required>true</required>
          <editable>true</editable>
          <description>Dataset file format type. Valid types are: flat, xml, csv, and dtd</description>
        </parameter>
        <parameter>
          <name>password</name>
          <type>java.lang.String</type>
          <required>false</required>
          <editable>true</editable>
          <description>Database password. If not given, it will be looked up through settings.xml&apos;s
server with ${settingsKey} as key</description>
        </parameter>
        <parameter>
          <name>schema</name>
          <type>java.lang.String</type>
          <required>false</required>
          <editable>true</editable>
          <description>The schema name that tables can be found under.</description>
        </parameter>
        <parameter>
          <name>settings</name>
          <type>org.apache.maven.settings.Settings</type>
          <required>false</required>
          <editable>false</editable>
          <description>Access to hidding username/password</description>
        </parameter>
        <parameter>
          <name>settingsKey</name>
          <type>java.lang.String</type>
          <required>false</required>
          <editable>true</editable>
          <description>Server&apos;s id in settings.xml to look up username and password.
Default to ${url} if not given.</description>
        </parameter>
        <parameter>
          <name>skip</name>
          <type>boolean</type>
          <required>false</required>
          <editable>true</editable>
          <description>Skip the execution when true, very handy when using together with maven.test.skip.</description>
        </parameter>
        <parameter>
          <name>src</name>
          <type>java.io.File</type>
          <required>true</required>
          <editable>true</editable>
          <description>DataSet file</description>
        </parameter>
        <parameter>
          <name>supportBatchStatement</name>
          <type>boolean</type>
          <required>false</required>
          <editable>true</editable>
          <description>Enable or disable usage of JDBC batched statement by DbUnit</description>
        </parameter>
        <parameter>
          <name>transaction</name>
          <type>boolean</type>
          <required>false</required>
          <editable>true</editable>
          <description>When true, place the entired operation in one transaction</description>
        </parameter>
        <parameter>
          <name>type</name>
          <type>java.lang.String</type>
          <required>true</required>
          <editable>true</editable>
          <description>Type of Database operation to perform. Supported types are UPDATE,
INSERT, DELETE, DELETE_ALL, REFRESH, CLEAN_INSERT, MSSQL_INSERT,
MSSQL_REFRESH, MSSQL_CLEAN_INSERT</description>
        </parameter>
        <parameter>
          <name>url</name>
          <type>java.lang.String</type>
          <required>true</required>
          <editable>true</editable>
          <description>The JDBC URL for the database to access, e.g. jdbc:db2:SAMPLE.</description>
        </parameter>
        <parameter>
          <name>useQualifiedTableNames</name>
          <type>boolean</type>
          <required>false</required>
          <editable>true</editable>
          <description>Enable or disable multiple schemas support by prefixing table names with the schema name.</description>
        </parameter>
        <parameter>
          <name>username</name>
          <type>java.lang.String</type>
          <required>false</required>
          <editable>true</editable>
          <description>Database username. If not given, it will be looked up through
settings.xml&apos;s server with ${settingsKey} as key</description>
        </parameter>
      </parameters>
      <configuration>
        <password implementation="java.lang.String">${password}</password>
        <settings implementation="org.apache.maven.settings.Settings">${settings}</settings>
        <transaction implementation="boolean" default-value="false">transaction</transaction>
        <type implementation="java.lang.String">type</type>
        <dataTypeFactoryName implementation="java.lang.String" default-value="org.dbunit.dataset.datatype.DefaultDataTypeFactory">${dataTypeFactoryName}</dataTypeFactoryName>
        <src implementation="java.io.File">${src}</src>
        <supportBatchStatement implementation="boolean" default-value="false">${supportBatchStatement}</supportBatchStatement>
        <settingsKey implementation="java.lang.String">${settingsKey}</settingsKey>
        <driver implementation="java.lang.String">${driver}</driver>
        <schema implementation="java.lang.String">${schema}</schema>
        <datatypeWarning implementation="boolean" default-value="false">${datatypeWarning}</datatypeWarning>
        <skip implementation="boolean" default-value="false">${skip}</skip>
        <useQualifiedTableNames implementation="boolean" default-value="false">${useQualifiedTableNames}</useQualifiedTableNames>
        <username implementation="java.lang.String">${username}</username>
        <escapePattern implementation="java.lang.String">${escapePattern}</escapePattern>
        <format implementation="java.lang.String" default-value="xml">${format}</format>
      </configuration>
    </mojo>
  </mojos>
  <dependencies/>
</plugin>