<plugin>
  <description></description>
  <groupId>org.codehaus.mojo</groupId>
  <artifactId>dependency-maven-plugin</artifactId>
  <version>1.0</version>
  <goalPrefix>dependency</goalPrefix>
  <isolatedRealm>false</isolatedRealm>
  <inheritedByDefault>true</inheritedByDefault>
  <mojos>
    <mojo>
      <goal>copy-dependencies</goal>
      <description>Goal that copies the project dependencies from the repository to a defined location.</description>
      <requiresDependencyResolution>compile</requiresDependencyResolution>
      <requiresDirectInvocation>false</requiresDirectInvocation>
      <requiresProject>true</requiresProject>
      <requiresReports>false</requiresReports>
      <aggregator>false</aggregator>
      <requiresOnline>false</requiresOnline>
      <inheritedByDefault>true</inheritedByDefault>
      <phase>process-sources</phase>
      <implementation>org.codehaus.mojo.dependency.CopyDependenciesMojo</implementation>
      <language>java</language>
      <instantiationStrategy>per-lookup</instantiationStrategy>
      <executionStrategy>once-per-session</executionStrategy>
      <parameters>
        <parameter>
          <name>outputDirectory</name>
          <type>java.io.File</type>
          <required>true</required>
          <editable>true</editable>
          <description>Output location used for mojo.</description>
        </parameter>
        <parameter>
          <name>reactorProjects</name>
          <type>java.util.List</type>
          <required>true</required>
          <editable>false</editable>
          <description>Contains the full list of projects in the reactor.</description>
        </parameter>
        <parameter>
          <name>stripVersion</name>
          <type>boolean</type>
          <required>false</required>
          <editable>true</editable>
          <description>Strip artifact version during copy</description>
        </parameter>
      </parameters>
      <configuration>
        <outputDirectory implementation="java.io.File" default-value="${project.build.directory}/dependency">${outputDirectory}</outputDirectory>
        <reactorProjects implementation="java.util.List">${reactorProjects}</reactorProjects>
        <stripVersion implementation="boolean" default-value="false">${stripVersion}</stripVersion>
      </configuration>
      <requirements>
        <requirement>
          <role>org.codehaus.plexus.archiver.manager.ArchiverManager</role>
          <field-name>archiverManager</field-name>
        </requirement>
      </requirements>
    </mojo>
    <mojo>
      <goal>copy</goal>
      <description>Goal that copies a list of artifacts from the repository to defined locations.</description>
      <requiresDirectInvocation>false</requiresDirectInvocation>
      <requiresProject>true</requiresProject>
      <requiresReports>false</requiresReports>
      <aggregator>false</aggregator>
      <requiresOnline>false</requiresOnline>
      <inheritedByDefault>true</inheritedByDefault>
      <phase>process-sources</phase>
      <implementation>org.codehaus.mojo.dependency.CopyMojo</implementation>
      <language>java</language>
      <instantiationStrategy>per-lookup</instantiationStrategy>
      <executionStrategy>once-per-session</executionStrategy>
      <parameters>
        <parameter>
          <name>artifactItems</name>
          <type>java.util.ArrayList</type>
          <required>true</required>
          <editable>true</editable>
          <description>Collection of ArtifactItems to work on. (ArtifactItem contains groupId, artifactId, version, type, location, destFile, markerFile and overwrite.) See &quot;How To Use&quot; and &quot;Javadoc&quot; for details.</description>
        </parameter>
        <parameter>
          <name>local</name>
          <type>org.apache.maven.artifact.repository.ArtifactRepository</type>
          <required>true</required>
          <editable>false</editable>
          <description>Location of the local repository.</description>
        </parameter>
        <parameter>
          <name>outputDirectory</name>
          <type>java.io.File</type>
          <required>true</required>
          <editable>true</editable>
          <description>Default location used for mojo unless overridden in ArtifactItem</description>
        </parameter>
        <parameter>
          <name>project</name>
          <type>org.apache.maven.project.MavenProject</type>
          <required>true</required>
          <editable>false</editable>
          <description>POM</description>
        </parameter>
        <parameter>
          <name>remoteRepos</name>
          <type>java.util.List</type>
          <required>true</required>
          <editable>false</editable>
          <description>List of Remote Repositories used by the resolver</description>
        </parameter>
        <parameter>
          <name>stripVersion</name>
          <type>boolean</type>
          <required>false</required>
          <editable>true</editable>
          <description>Strip artifact version during copy</description>
        </parameter>
      </parameters>
      <configuration>
        <outputDirectory implementation="java.io.File" default-value="${project.build.directory}/dependency">${outputDirectory}</outputDirectory>
        <local implementation="org.apache.maven.artifact.repository.ArtifactRepository">${localRepository}</local>
        <project implementation="org.apache.maven.project.MavenProject">${project}</project>
        <stripVersion implementation="boolean" default-value="false">${stripVersion}</stripVersion>
        <remoteRepos implementation="java.util.List">${project.remoteArtifactRepositories}</remoteRepos>
      </configuration>
      <requirements>
        <requirement>
          <role>org.apache.maven.artifact.resolver.ArtifactResolver</role>
          <field-name>resolver</field-name>
        </requirement>
        <requirement>
          <role>org.apache.maven.artifact.factory.ArtifactFactory</role>
          <field-name>factory</field-name>
        </requirement>
        <requirement>
          <role>org.codehaus.plexus.archiver.manager.ArchiverManager</role>
          <field-name>archiverManager</field-name>
        </requirement>
      </requirements>
    </mojo>
    <mojo>
      <goal>unpack-dependencies</goal>
      <description>Goal that unpacks the project dependencies from the repository to a defined location.</description>
      <requiresDependencyResolution>compile</requiresDependencyResolution>
      <requiresDirectInvocation>false</requiresDirectInvocation>
      <requiresProject>true</requiresProject>
      <requiresReports>false</requiresReports>
      <aggregator>false</aggregator>
      <requiresOnline>false</requiresOnline>
      <inheritedByDefault>true</inheritedByDefault>
      <phase>process-sources</phase>
      <implementation>org.codehaus.mojo.dependency.UnpackDependenciesMojo</implementation>
      <language>java</language>
      <instantiationStrategy>per-lookup</instantiationStrategy>
      <executionStrategy>once-per-session</executionStrategy>
      <parameters>
        <parameter>
          <name>outputDirectory</name>
          <type>java.io.File</type>
          <required>true</required>
          <editable>true</editable>
          <description>Output location used for mojo.</description>
        </parameter>
        <parameter>
          <name>reactorProjects</name>
          <type>java.util.List</type>
          <required>true</required>
          <editable>false</editable>
          <description>Contains the full list of projects in the reactor.</description>
        </parameter>
        <parameter>
          <name>unpackMarkersDirectory</name>
          <type>java.io.File</type>
          <required>true</required>
          <editable>false</editable>
          <description>Directory to store flag files after unpack</description>
        </parameter>
      </parameters>
      <configuration>
        <outputDirectory implementation="java.io.File" default-value="${project.build.directory}/dependency">${outputDirectory}</outputDirectory>
        <reactorProjects implementation="java.util.List">${reactorProjects}</reactorProjects>
        <unpackMarkersDirectory implementation="java.io.File">${project.build.directory}/maven-dependency-plugin-markers</unpackMarkersDirectory>
      </configuration>
      <requirements>
        <requirement>
          <role>org.codehaus.plexus.archiver.manager.ArchiverManager</role>
          <field-name>archiverManager</field-name>
        </requirement>
      </requirements>
    </mojo>
    <mojo>
      <goal>unpack</goal>
      <description>Goal that retrieves a list of artifacts from the repository and unpacks them in a defined location.</description>
      <requiresDirectInvocation>false</requiresDirectInvocation>
      <requiresProject>true</requiresProject>
      <requiresReports>false</requiresReports>
      <aggregator>false</aggregator>
      <requiresOnline>false</requiresOnline>
      <inheritedByDefault>true</inheritedByDefault>
      <phase>process-sources</phase>
      <implementation>org.codehaus.mojo.dependency.UnpackMojo</implementation>
      <language>java</language>
      <instantiationStrategy>per-lookup</instantiationStrategy>
      <executionStrategy>once-per-session</executionStrategy>
      <parameters>
        <parameter>
          <name>artifactItems</name>
          <type>java.util.ArrayList</type>
          <required>true</required>
          <editable>true</editable>
          <description>Collection of ArtifactItems to work on. (ArtifactItem contains groupId, artifactId, version, type, location, destFile, markerFile and overwrite.) See &quot;How To Use&quot; and &quot;Javadoc&quot; for details.</description>
        </parameter>
        <parameter>
          <name>local</name>
          <type>org.apache.maven.artifact.repository.ArtifactRepository</type>
          <required>true</required>
          <editable>false</editable>
          <description>Location of the local repository.</description>
        </parameter>
        <parameter>
          <name>outputDirectory</name>
          <type>java.io.File</type>
          <required>true</required>
          <editable>true</editable>
          <description>Default location used for mojo unless overridden in ArtifactItem</description>
        </parameter>
        <parameter>
          <name>project</name>
          <type>org.apache.maven.project.MavenProject</type>
          <required>true</required>
          <editable>false</editable>
          <description>POM</description>
        </parameter>
        <parameter>
          <name>remoteRepos</name>
          <type>java.util.List</type>
          <required>true</required>
          <editable>false</editable>
          <description>List of Remote Repositories used by the resolver</description>
        </parameter>
        <parameter>
          <name>unpackMarkersDirectory</name>
          <type>java.io.File</type>
          <required>false</required>
          <editable>true</editable>
          <description>Directory to store flag files after unpack</description>
        </parameter>
      </parameters>
      <configuration>
        <outputDirectory implementation="java.io.File" default-value="${project.build.directory}/dependency">${outputDirectory}</outputDirectory>
        <local implementation="org.apache.maven.artifact.repository.ArtifactRepository">${localRepository}</local>
        <project implementation="org.apache.maven.project.MavenProject">${project}</project>
        <remoteRepos implementation="java.util.List">${project.remoteArtifactRepositories}</remoteRepos>
        <unpackMarkersDirectory implementation="java.io.File">${project.build.directory}/maven-dependency-plugin-markers</unpackMarkersDirectory>
      </configuration>
      <requirements>
        <requirement>
          <role>org.apache.maven.artifact.resolver.ArtifactResolver</role>
          <field-name>resolver</field-name>
        </requirement>
        <requirement>
          <role>org.apache.maven.artifact.factory.ArtifactFactory</role>
          <field-name>factory</field-name>
        </requirement>
        <requirement>
          <role>org.codehaus.plexus.archiver.manager.ArchiverManager</role>
          <field-name>archiverManager</field-name>
        </requirement>
      </requirements>
    </mojo>
  </mojos>
  <dependencies/>
</plugin>