<plugin>
  <description></description>
  <groupId>org.codehaus.mojo</groupId>
  <artifactId>exec-maven-plugin</artifactId>
  <version>1.0</version>
  <goalPrefix>exec</goalPrefix>
  <isolatedRealm>false</isolatedRealm>
  <inheritedByDefault>true</inheritedByDefault>
  <mojos>
    <mojo>
      <goal>java</goal>
      <description>Executes the supplied java class with the enclosing project&apos;s dependencies as classpath.</description>
      <requiresDependencyResolution>runtime</requiresDependencyResolution>
      <requiresDirectInvocation>false</requiresDirectInvocation>
      <requiresProject>true</requiresProject>
      <requiresReports>false</requiresReports>
      <aggregator>false</aggregator>
      <requiresOnline>false</requiresOnline>
      <inheritedByDefault>true</inheritedByDefault>
      <executePhase>validate</executePhase>
      <implementation>org.codehaus.mojo.exec.ExecJavaMojo</implementation>
      <language>java</language>
      <instantiationStrategy>per-lookup</instantiationStrategy>
      <executionStrategy>once-per-session</executionStrategy>
      <parameters>
        <parameter>
          <name>arguments</name>
          <type>java.lang.String</type>
          <required>false</required>
          <editable>true</editable>
          <description>The class arguments.</description>
        </parameter>
        <parameter>
          <name>keepAlive</name>
          <type>boolean</type>
          <required>false</required>
          <editable>true</editable>
          <description>Indicates if mojo should be kept running after the mainclass terminates. Usefull for serverlike apps with deamonthreads.</description>
        </parameter>
        <parameter>
          <name>killAfter</name>
          <type>long</type>
          <required>false</required>
          <editable>true</editable>
          <description>Keep the program running for n millis before terminating.</description>
        </parameter>
        <parameter>
          <name>mainClass</name>
          <type>java.lang.String</type>
          <required>true</required>
          <editable>true</editable>
          <description>The main class to execute.</description>
        </parameter>
        <parameter>
          <name>project</name>
          <type>org.apache.maven.project.MavenProject</type>
          <required>true</required>
          <editable>false</editable>
          <description>The enclosing project.</description>
        </parameter>
        <parameter>
          <name>systemProperties</name>
          <type>org.codehaus.mojo.exec.Property</type>
          <required>false</required>
          <editable>true</editable>
          <description>A list of system properties to be passed..</description>
        </parameter>
      </parameters>
      <configuration>
        <arguments implementation="java.lang.String">${exec.arguments}</arguments>
        <mainClass implementation="java.lang.String">${exec.mainClass}</mainClass>
        <killAfter implementation="long" default-value="-1">${exec.killAfter}</killAfter>
        <project implementation="org.apache.maven.project.MavenProject">${project}</project>
        <keepAlive implementation="boolean" default-value="false">${exec.keepAlive}</keepAlive>
      </configuration>
    </mojo>
    <mojo>
      <goal>exec</goal>
      <description>A Plugin for executing external programs.</description>
      <requiresDependencyResolution>runtime</requiresDependencyResolution>
      <requiresDirectInvocation>false</requiresDirectInvocation>
      <requiresProject>true</requiresProject>
      <requiresReports>false</requiresReports>
      <aggregator>false</aggregator>
      <requiresOnline>false</requiresOnline>
      <inheritedByDefault>true</inheritedByDefault>
      <implementation>org.codehaus.mojo.exec.ExecMojo</implementation>
      <language>java</language>
      <instantiationStrategy>per-lookup</instantiationStrategy>
      <executionStrategy>once-per-session</executionStrategy>
      <parameters>
        <parameter>
          <name>arguments</name>
          <type>java.util.List</type>
          <required>false</required>
          <editable>true</editable>
          <description>Can be of type &lt;code&gt;&amp;lt;argument&amp;gt;&lt;/code&gt; or &lt;code&gt;&amp;lt;classpath&amp;gt;&lt;/code&gt; Can be overriden using &quot;exec.args&quot; env. variable</description>
        </parameter>
        <parameter>
          <name>basedir</name>
          <type>java.io.File</type>
          <required>true</required>
          <editable>false</editable>
          <description></description>
        </parameter>
        <parameter>
          <name>executable</name>
          <type>java.lang.String</type>
          <required>true</required>
          <editable>true</editable>
          <description></description>
        </parameter>
        <parameter>
          <name>project</name>
          <type>org.apache.maven.project.MavenProject</type>
          <required>true</required>
          <editable>true</editable>
          <description></description>
        </parameter>
        <parameter>
          <name>workingDirectory</name>
          <type>java.io.File</type>
          <required>false</required>
          <editable>true</editable>
          <description></description>
        </parameter>
      </parameters>
      <configuration>
        <executable implementation="java.lang.String">${exec.executable}</executable>
        <workingDirectory implementation="java.io.File">${exec.workingdir}</workingDirectory>
        <project implementation="org.apache.maven.project.MavenProject">${project}</project>
        <basedir implementation="java.io.File">${basedir}</basedir>
      </configuration>
    </mojo>
  </mojos>
  <dependencies/>
</plugin>