<plugin>
  <description></description>
  <groupId>org.codehaus.mojo</groupId>
  <artifactId>javacc-maven-plugin</artifactId>
  <version>2.0</version>
  <goalPrefix>javacc</goalPrefix>
  <isolatedRealm>false</isolatedRealm>
  <inheritedByDefault>true</inheritedByDefault>
  <mojos>
    <mojo>
      <goal>javacc</goal>
      <description></description>
      <requiresDirectInvocation>false</requiresDirectInvocation>
      <requiresProject>true</requiresProject>
      <requiresReports>false</requiresReports>
      <aggregator>false</aggregator>
      <requiresOnline>false</requiresOnline>
      <inheritedByDefault>true</inheritedByDefault>
      <phase>generate-sources</phase>
      <implementation>org.codehaus.mojo.javacc.JavaCCMojo</implementation>
      <language>java</language>
      <instantiationStrategy>per-lookup</instantiationStrategy>
      <executionStrategy>once-per-session</executionStrategy>
      <parameters>
        <parameter>
          <name>buildParser</name>
          <type>java.lang.Boolean</type>
          <required>false</required>
          <editable>true</editable>
          <description></description>
        </parameter>
        <parameter>
          <name>buildTokenManager</name>
          <type>java.lang.Boolean</type>
          <required>false</required>
          <editable>true</editable>
          <description></description>
        </parameter>
        <parameter>
          <name>cacheTokens</name>
          <type>java.lang.Boolean</type>
          <required>false</required>
          <editable>true</editable>
          <description></description>
        </parameter>
        <parameter>
          <name>choiceAmbiguityCheck</name>
          <type>java.lang.Integer</type>
          <required>false</required>
          <editable>true</editable>
          <description></description>
        </parameter>
        <parameter>
          <name>commonTokenAction</name>
          <type>java.lang.Boolean</type>
          <required>false</required>
          <editable>true</editable>
          <description></description>
        </parameter>
        <parameter>
          <name>debugLookAhead</name>
          <type>java.lang.Boolean</type>
          <required>false</required>
          <editable>true</editable>
          <description></description>
        </parameter>
        <parameter>
          <name>debugParser</name>
          <type>java.lang.Boolean</type>
          <required>false</required>
          <editable>true</editable>
          <description></description>
        </parameter>
        <parameter>
          <name>debugTokenManager</name>
          <type>java.lang.Boolean</type>
          <required>false</required>
          <editable>true</editable>
          <description></description>
        </parameter>
        <parameter>
          <name>errorReporting</name>
          <type>java.lang.Boolean</type>
          <required>false</required>
          <editable>true</editable>
          <description></description>
        </parameter>
        <parameter>
          <name>forceLaCheck</name>
          <type>java.lang.Boolean</type>
          <required>false</required>
          <editable>true</editable>
          <description></description>
        </parameter>
        <parameter>
          <name>ignoreCase</name>
          <type>java.lang.Boolean</type>
          <required>false</required>
          <editable>true</editable>
          <description></description>
        </parameter>
        <parameter>
          <name>isStatic</name>
          <type>java.lang.Boolean</type>
          <required>false</required>
          <editable>true</editable>
          <description></description>
        </parameter>
        <parameter>
          <name>javaUnicodeEscape</name>
          <type>java.lang.Boolean</type>
          <required>false</required>
          <editable>true</editable>
          <description></description>
        </parameter>
        <parameter>
          <name>keepLineColumn</name>
          <type>java.lang.Boolean</type>
          <required>false</required>
          <editable>true</editable>
          <description></description>
        </parameter>
        <parameter>
          <name>lookAhead</name>
          <type>java.lang.Integer</type>
          <required>false</required>
          <editable>true</editable>
          <description></description>
        </parameter>
        <parameter>
          <name>optimizeTokenManager</name>
          <type>java.lang.Boolean</type>
          <required>false</required>
          <editable>true</editable>
          <description></description>
        </parameter>
        <parameter>
          <name>otherAmbiguityCheck</name>
          <type>java.lang.Integer</type>
          <required>false</required>
          <editable>true</editable>
          <description></description>
        </parameter>
        <parameter>
          <name>outputDirectory</name>
          <type>java.lang.String</type>
          <required>true</required>
          <editable>true</editable>
          <description>Directory where the output Java Files will be located.</description>
        </parameter>
        <parameter>
          <name>packageName</name>
          <type>java.lang.String</type>
          <required>false</required>
          <editable>true</editable>
          <description></description>
        </parameter>
        <parameter>
          <name>project</name>
          <type>org.apache.maven.project.MavenProject</type>
          <required>true</required>
          <editable>true</editable>
          <description></description>
        </parameter>
        <parameter>
          <name>sanityCheck</name>
          <type>java.lang.Boolean</type>
          <required>false</required>
          <editable>true</editable>
          <description></description>
        </parameter>
        <parameter>
          <name>sourceDirectory</name>
          <type>java.lang.String</type>
          <required>true</required>
          <editable>true</editable>
          <description>Directory where the JJ file(s) are located.</description>
        </parameter>
        <parameter>
          <name>staleMillis</name>
          <type>int</type>
          <required>false</required>
          <editable>true</editable>
          <description>The granularity in milliseconds of the last modification date for testing whether a source needs recompilation</description>
        </parameter>
        <parameter>
          <name>timestampDirectory</name>
          <type>java.lang.String</type>
          <required>false</required>
          <editable>true</editable>
          <description>the directory to store the processed .jj files</description>
        </parameter>
        <parameter>
          <name>unicodeInput</name>
          <type>java.lang.Boolean</type>
          <required>false</required>
          <editable>true</editable>
          <description></description>
        </parameter>
        <parameter>
          <name>userCharStream</name>
          <type>java.lang.Boolean</type>
          <required>false</required>
          <editable>true</editable>
          <description></description>
        </parameter>
        <parameter>
          <name>userTokenManager</name>
          <type>java.lang.Boolean</type>
          <required>false</required>
          <editable>true</editable>
          <description></description>
        </parameter>
      </parameters>
      <configuration>
        <unicodeInput implementation="java.lang.Boolean">${unicodeInput}</unicodeInput>
        <javaUnicodeEscape implementation="java.lang.Boolean">${javaUnicodeEscape}</javaUnicodeEscape>
        <debugParser implementation="java.lang.Boolean">${debugParser}</debugParser>
        <sourceDirectory implementation="java.lang.String">${basedir}/src/main/javacc</sourceDirectory>
        <debugLookAhead implementation="java.lang.Boolean">${debugLookAhead}</debugLookAhead>
        <errorReporting implementation="java.lang.Boolean">${errorReporting}</errorReporting>
        <ignoreCase implementation="java.lang.Boolean">${ignoreCase}</ignoreCase>
        <forceLaCheck implementation="java.lang.Boolean">${forceLaCheck}</forceLaCheck>
        <staleMillis implementation="int" default-value="0">${lastModGranularityMs}</staleMillis>
        <buildTokenManager implementation="java.lang.Boolean">${buildTokenManager}</buildTokenManager>
        <userCharStream implementation="java.lang.Boolean">${userCharStream}</userCharStream>
        <choiceAmbiguityCheck implementation="java.lang.Integer">${choiceAmbiguityCheck}</choiceAmbiguityCheck>
        <keepLineColumn implementation="java.lang.Boolean">${keepLineColumn}</keepLineColumn>
        <buildParser implementation="java.lang.Boolean">${buildParser}</buildParser>
        <outputDirectory implementation="java.lang.String">${project.build.directory}/generated-sources/javacc</outputDirectory>
        <cacheTokens implementation="java.lang.Boolean">${cacheTokens}</cacheTokens>
        <sanityCheck implementation="java.lang.Boolean">${sanityCheck}</sanityCheck>
        <packageName implementation="java.lang.String">${packageName}</packageName>
        <commonTokenAction implementation="java.lang.Boolean">${commonTokenAction}</commonTokenAction>
        <debugTokenManager implementation="java.lang.Boolean">${debugTokenManager}</debugTokenManager>
        <userTokenManager implementation="java.lang.Boolean">${userTokenManager}</userTokenManager>
        <timestampDirectory implementation="java.lang.String">${basedir}/target</timestampDirectory>
        <project implementation="org.apache.maven.project.MavenProject">${project}</project>
        <optimizeTokenManager implementation="java.lang.Boolean">${optimizeTokenManager}</optimizeTokenManager>
      </configuration>
    </mojo>
    <mojo>
      <goal>jjtree</goal>
      <description></description>
      <requiresDirectInvocation>false</requiresDirectInvocation>
      <requiresProject>true</requiresProject>
      <requiresReports>false</requiresReports>
      <aggregator>false</aggregator>
      <requiresOnline>false</requiresOnline>
      <inheritedByDefault>true</inheritedByDefault>
      <phase>generate-sources</phase>
      <implementation>org.codehaus.mojo.javacc.JJTreeMojo</implementation>
      <language>java</language>
      <instantiationStrategy>per-lookup</instantiationStrategy>
      <executionStrategy>once-per-session</executionStrategy>
      <parameters>
        <parameter>
          <name>buildNodeFiles</name>
          <type>java.lang.Boolean</type>
          <required>false</required>
          <editable>true</editable>
          <description></description>
        </parameter>
        <parameter>
          <name>multi</name>
          <type>java.lang.Boolean</type>
          <required>false</required>
          <editable>true</editable>
          <description></description>
        </parameter>
        <parameter>
          <name>nodeDefaultVoid</name>
          <type>java.lang.Boolean</type>
          <required>false</required>
          <editable>true</editable>
          <description></description>
        </parameter>
        <parameter>
          <name>nodeFactory</name>
          <type>java.lang.Boolean</type>
          <required>false</required>
          <editable>true</editable>
          <description></description>
        </parameter>
        <parameter>
          <name>nodePackage</name>
          <type>java.lang.String</type>
          <required>false</required>
          <editable>true</editable>
          <description></description>
        </parameter>
        <parameter>
          <name>nodePrefix</name>
          <type>java.lang.String</type>
          <required>false</required>
          <editable>true</editable>
          <description></description>
        </parameter>
        <parameter>
          <name>nodeScopeHook</name>
          <type>java.lang.Boolean</type>
          <required>false</required>
          <editable>true</editable>
          <description></description>
        </parameter>
        <parameter>
          <name>nodeUsesParser</name>
          <type>java.lang.Boolean</type>
          <required>false</required>
          <editable>true</editable>
          <description></description>
        </parameter>
        <parameter>
          <name>outputDirectory</name>
          <type>java.lang.String</type>
          <required>true</required>
          <editable>true</editable>
          <description>Directory where the output Java Files will be located.</description>
        </parameter>
        <parameter>
          <name>project</name>
          <type>org.apache.maven.project.MavenProject</type>
          <required>true</required>
          <editable>true</editable>
          <description></description>
        </parameter>
        <parameter>
          <name>sourceDirectory</name>
          <type>java.lang.String</type>
          <required>true</required>
          <editable>true</editable>
          <description>Directory where the JJT file(s) are located.</description>
        </parameter>
        <parameter>
          <name>staleMillis</name>
          <type>int</type>
          <required>false</required>
          <editable>true</editable>
          <description>The granularity in milliseconds of the last modification date for testing whether a source needs recompilation</description>
        </parameter>
        <parameter>
          <name>staticOption</name>
          <type>java.lang.Boolean</type>
          <required>false</required>
          <editable>true</editable>
          <description></description>
        </parameter>
        <parameter>
          <name>timestampDirectory</name>
          <type>java.lang.String</type>
          <required>false</required>
          <editable>true</editable>
          <description>the directory to store the processed .jjt files</description>
        </parameter>
        <parameter>
          <name>visitor</name>
          <type>java.lang.Boolean</type>
          <required>false</required>
          <editable>true</editable>
          <description></description>
        </parameter>
        <parameter>
          <name>visitorException</name>
          <type>java.lang.String</type>
          <required>false</required>
          <editable>true</editable>
          <description></description>
        </parameter>
      </parameters>
      <configuration>
        <staticOption implementation="java.lang.Boolean">${staticOption}</staticOption>
        <multi implementation="java.lang.Boolean">${multi}</multi>
        <visitorException implementation="java.lang.String">${visitorException}</visitorException>
        <buildNodeFiles implementation="java.lang.Boolean">${buildNodeFiles}</buildNodeFiles>
        <nodeScopeHook implementation="java.lang.Boolean">${nodeScopeHook}</nodeScopeHook>
        <sourceDirectory implementation="java.lang.String">${basedir}/src/main/jjtree</sourceDirectory>
        <nodeFactory implementation="java.lang.Boolean">${nodeFactory}</nodeFactory>
        <nodeDefaultVoid implementation="java.lang.Boolean">${nodeDefaultVoid}</nodeDefaultVoid>
        <staleMillis implementation="int" default-value="0">${lastModGranularityMs}</staleMillis>
        <visitor implementation="java.lang.Boolean">${visitor}</visitor>
        <nodePrefix implementation="java.lang.String">${nodePrefix}</nodePrefix>
        <outputDirectory implementation="java.lang.String">${project.build.directory}/generated-sources/jjtree</outputDirectory>
        <timestampDirectory implementation="java.lang.String">${basedir}/target</timestampDirectory>
        <nodePackage implementation="java.lang.String">${nodePackage}</nodePackage>
        <project implementation="org.apache.maven.project.MavenProject">${project}</project>
        <nodeUsesParser implementation="java.lang.Boolean">${nodeUsesParser}</nodeUsesParser>
      </configuration>
    </mojo>
  </mojos>
  <dependencies/>
</plugin>