<plugin>
  <description>Maven2 plugins which generates NCSS and CCN code metrics.</description>
  <groupId>org.codehaus.mojo</groupId>
  <artifactId>javancss-maven-plugin</artifactId>
  <version>2.0-beta-2</version>
  <goalPrefix>javancss</goalPrefix>
  <isolatedRealm>false</isolatedRealm>
  <inheritedByDefault>true</inheritedByDefault>
  <mojos>
    <mojo>
      <goal>report</goal>
      <description>Generates a JavaNCSS report based on this module&apos;s source code.</description>
      <requiresDirectInvocation>false</requiresDirectInvocation>
      <requiresProject>true</requiresProject>
      <requiresReports>false</requiresReports>
      <aggregator>false</aggregator>
      <requiresOnline>false</requiresOnline>
      <inheritedByDefault>true</inheritedByDefault>
      <implementation>org.codehaus.mojo.javancss.NcssReportMojo</implementation>
      <language>java</language>
      <instantiationStrategy>per-lookup</instantiationStrategy>
      <executionStrategy>once-per-session</executionStrategy>
      <parameters>
        <parameter>
          <name>excludes</name>
          <type>java.lang.String[]</type>
          <required>false</required>
          <editable>true</editable>
          <description>List of ant-style patterns used to specify the java sources that should be excluded when running JavaNCSS. When
none specified all .java files in the project source directories are excluded.</description>
        </parameter>
        <parameter>
          <name>forceEncoding</name>
          <type>java.lang.String</type>
          <required>false</required>
          <editable>true</editable>
          <description>Encoding to use when reading the javancss xml file. This should match the encoding used in the source files that javancss is parsing.
It defaults to the &lt;em&gt;System.getProperty(&quot;file.encoding&quot;);&lt;/em&gt;, but you can override it.</description>
        </parameter>
        <parameter>
          <name>includes</name>
          <type>java.lang.String[]</type>
          <required>false</required>
          <editable>true</editable>
          <description>List of ant-style patterns used to specify the java sources that should be excluded when running JavaNCSS. When
none specified all .java files in the project source directories are included.</description>
        </parameter>
        <parameter>
          <name>lineThreshold</name>
          <type>int</type>
          <required>true</required>
          <editable>true</editable>
          <description>Specifies the maximum number of lines to take into account into the reports.</description>
        </parameter>
        <parameter>
          <name>linkXRef</name>
          <type>boolean</type>
          <required>false</required>
          <editable>true</editable>
          <description>Link the violation line numbers to the source xref. Defaults to true and will link automatically if jxr plugin is
being used.</description>
        </parameter>
        <parameter>
          <name>outputDirectory</name>
          <type>java.io.File</type>
          <required>true</required>
          <editable>false</editable>
          <description>Specifies the directory where the HTML report will be generated.</description>
        </parameter>
        <parameter>
          <name>project</name>
          <type>org.apache.maven.project.MavenProject</type>
          <required>true</required>
          <editable>false</editable>
          <description></description>
        </parameter>
        <parameter>
          <name>reactorProjects</name>
          <type>java.util.List</type>
          <required>false</required>
          <editable>false</editable>
          <description>The projects in the reactor for aggregation report.</description>
        </parameter>
        <parameter>
          <name>sourceDirectory</name>
          <type>java.io.File</type>
          <required>true</required>
          <editable>false</editable>
          <description>Specifies the location of the source files to be used.</description>
        </parameter>
        <parameter>
          <name>tempFileName</name>
          <type>java.lang.String</type>
          <required>true</required>
          <editable>true</editable>
          <description>Specified the name of the temporary file generated by Javancss prior report generation.</description>
        </parameter>
        <parameter>
          <name>xmlOutputDirectory</name>
          <type>java.io.File</type>
          <required>true</required>
          <editable>true</editable>
          <description>Specifies the directory where the XML report will be generated.</description>
        </parameter>
        <parameter>
          <name>xrefLocation</name>
          <type>java.io.File</type>
          <required>false</required>
          <editable>true</editable>
          <description>Location of the Xrefs to link to.</description>
        </parameter>
      </parameters>
      <configuration>
        <linkXRef implementation="boolean" default-value="true">${linkXRef}</linkXRef>
        <xmlOutputDirectory implementation="java.io.File" default-value="${project.build.directory}"/>
        <outputDirectory implementation="java.io.File">${project.reporting.outputDirectory}</outputDirectory>
        <sourceDirectory implementation="java.io.File">${project.build.sourceDirectory}</sourceDirectory>
        <tempFileName implementation="java.lang.String" default-value="javancss-raw-report.xml"/>
        <project implementation="org.apache.maven.project.MavenProject">${project}</project>
        <lineThreshold implementation="int" default-value="30"/>
        <xrefLocation implementation="java.io.File" default-value="${project.build.directory}/site/xref"/>
        <reactorProjects implementation="java.util.List">${reactorProjects}</reactorProjects>
      </configuration>
      <requirements>
        <requirement>
          <role>org.codehaus.doxia.site.renderer.SiteRenderer</role>
          <field-name>siteRenderer</field-name>
        </requirement>
      </requirements>
    </mojo>
    <mojo>
      <goal>check</goal>
      <description>Check the build if for any Method with a ccn greater than a limit in the source code.

Fails the build if told so.</description>
      <requiresDirectInvocation>false</requiresDirectInvocation>
      <requiresProject>true</requiresProject>
      <requiresReports>false</requiresReports>
      <aggregator>false</aggregator>
      <requiresOnline>false</requiresOnline>
      <inheritedByDefault>true</inheritedByDefault>
      <phase>verify</phase>
      <executeGoal>report</executeGoal>
      <implementation>org.codehaus.mojo.javancss.NcssViolationCheckMojo</implementation>
      <language>java</language>
      <instantiationStrategy>per-lookup</instantiationStrategy>
      <executionStrategy>once-per-session</executionStrategy>
      <parameters>
        <parameter>
          <name>ccnLimit</name>
          <type>int</type>
          <required>true</required>
          <editable>true</editable>
          <description>CCN Limit, any code with a ccn greater than this number will generate a violation</description>
        </parameter>
        <parameter>
          <name>failOnViolation</name>
          <type>boolean</type>
          <required>true</required>
          <editable>true</editable>
          <description>Whether to fail the build if the validation check fails.</description>
        </parameter>
        <parameter>
          <name>ncssLimit</name>
          <type>int</type>
          <required>true</required>
          <editable>true</editable>
          <description>ncss Limit, any code with a ncss greater than this number will generate a violation</description>
        </parameter>
        <parameter>
          <name>tempFileName</name>
          <type>java.lang.String</type>
          <required>true</required>
          <editable>true</editable>
          <description>Name of the file holding the xml file generated by JavaNCSS</description>
        </parameter>
        <parameter>
          <name>xmlOutputDirectory</name>
          <type>java.io.File</type>
          <required>true</required>
          <editable>true</editable>
          <description>Specifies the directory where the XML report will be generated.</description>
        </parameter>
      </parameters>
      <configuration>
        <xmlOutputDirectory implementation="java.io.File" default-value="${project.build.directory}"/>
        <tempFileName implementation="java.lang.String" default-value="javancss-raw-report.xml"/>
        <failOnViolation implementation="boolean" default-value="true"/>
        <ccnLimit implementation="int" default-value="10"/>
        <ncssLimit implementation="int" default-value="100"/>
      </configuration>
    </mojo>
  </mojos>
  <dependencies/>
</plugin>