<plugin>
  <description>JAXB2 compiler plugin used to create object graph from XSDs based on the JAXB 2.0 implementation.</description>
  <groupId>org.codehaus.mojo</groupId>
  <artifactId>jaxb2-maven-plugin</artifactId>
  <version>1.1</version>
  <goalPrefix>jaxb2</goalPrefix>
  <isolatedRealm>false</isolatedRealm>
  <inheritedByDefault>true</inheritedByDefault>
  <mojos>
    <mojo>
      <goal>xjc</goal>
      <description>&lt;p&gt;A Maven 2 plugin which parse xsd and binding files (xjb) and produces a corresponding object model based on the JAXB Xjc parsing engine.&lt;/p&gt;</description>
      <requiresDependencyResolution>runtime</requiresDependencyResolution>
      <requiresDirectInvocation>false</requiresDirectInvocation>
      <requiresProject>true</requiresProject>
      <requiresReports>false</requiresReports>
      <aggregator>false</aggregator>
      <requiresOnline>false</requiresOnline>
      <inheritedByDefault>true</inheritedByDefault>
      <phase>generate-sources</phase>
      <implementation>org.codehaus.mojo.jaxb2.XjcMojo</implementation>
      <language>java</language>
      <instantiationStrategy>per-lookup</instantiationStrategy>
      <executionStrategy>once-per-session</executionStrategy>
      <parameters>
        <parameter>
          <name>bindingDirectory</name>
          <type>java.io.File</type>
          <required>false</required>
          <editable>true</editable>
          <description>The binding directory for xjb files</description>
        </parameter>
        <parameter>
          <name>bindingFiles</name>
          <type>java.lang.String</type>
          <required>false</required>
          <editable>true</editable>
          <description>List of files to use for bindings, comma delimited. If none, then all xjb files are used in the bindingDirectory</description>
        </parameter>
        <parameter>
          <name>catalog</name>
          <type>java.io.File</type>
          <required>false</required>
          <editable>true</editable>
          <description>Catalog file to resolve external entity references support TR9401, XCatalog, and OASIS XML Catalog format.</description>
        </parameter>
        <parameter>
          <name>clearOutputDir</name>
          <type>boolean</type>
          <required>false</required>
          <editable>true</editable>
          <description>Clears the output directory on each run. Defaults to &apos;true&apos; but if false, will not clear the directory.</description>
        </parameter>
        <parameter>
          <name>dtd</name>
          <type>boolean</type>
          <required>false</required>
          <editable>true</editable>
          <description>Treat input schemas as XML DTD (experimental, unsupported).</description>
        </parameter>
        <parameter>
          <name>explicitAnnotation</name>
          <type>boolean</type>
          <required>false</required>
          <editable>true</editable>
          <description>Allow generation of explicit annotations that are needed for JAXB2 to work on RetroTranslator.</description>
        </parameter>
        <parameter>
          <name>extension</name>
          <type>boolean</type>
          <required>false</required>
          <editable>true</editable>
          <description>Allow to use the JAXB Vendor Extensions.</description>
        </parameter>
        <parameter>
          <name>httpproxy</name>
          <type>java.lang.String</type>
          <required>false</required>
          <editable>true</editable>
          <description>Set HTTP/HTTPS proxy. Format is [user[:password]@]proxyHost[:proxyPort]</description>
        </parameter>
        <parameter>
          <name>npa</name>
          <type>boolean</type>
          <required>false</required>
          <editable>true</editable>
          <description>Suppress generation of package level annotations (package-info.java)</description>
        </parameter>
        <parameter>
          <name>nv</name>
          <type>boolean</type>
          <required>false</required>
          <editable>true</editable>
          <description>Do not perform strict validation of the input schema(s)</description>
        </parameter>
        <parameter>
          <name>outputDirectory</name>
          <type>java.io.File</type>
          <required>true</required>
          <editable>true</editable>
          <description>The working directory to create the generated java source files.</description>
        </parameter>
        <parameter>
          <name>packageName</name>
          <type>java.lang.String</type>
          <required>false</required>
          <editable>true</editable>
          <description>The package in which the source files will be generated.</description>
        </parameter>
        <parameter>
          <name>project</name>
          <type>org.apache.maven.project.MavenProject</type>
          <required>true</required>
          <editable>true</editable>
          <description>The default maven project object</description>
        </parameter>
        <parameter>
          <name>quiet</name>
          <type>boolean</type>
          <required>false</required>
          <editable>true</editable>
          <description>Suppress compiler output</description>
        </parameter>
        <parameter>
          <name>readOnly</name>
          <type>boolean</type>
          <required>false</required>
          <editable>true</editable>
          <description>Generated files will be in read-only mode</description>
        </parameter>
        <parameter>
          <name>relaxng</name>
          <type>boolean</type>
          <required>false</required>
          <editable>true</editable>
          <description>Treat input schemas as RELAX NG (experimental, unsupported).</description>
        </parameter>
        <parameter>
          <name>relaxngCompact</name>
          <type>boolean</type>
          <required>false</required>
          <editable>true</editable>
          <description>Treat input as RELAX NG compact syntax (experimental,unsupported)</description>
        </parameter>
        <parameter>
          <name>schemaDirectory</name>
          <type>java.io.File</type>
          <required>true</required>
          <editable>true</editable>
          <description>The schema directory or xsd files</description>
        </parameter>
        <parameter>
          <name>schemaFiles</name>
          <type>java.lang.String</type>
          <required>false</required>
          <editable>true</editable>
          <description>List of files to use for bindings, comma delimited. If none, then all xsd files are used in the schemaDirectory</description>
        </parameter>
        <parameter>
          <name>staleFile</name>
          <type>java.io.File</type>
          <required>true</required>
          <editable>true</editable>
          <description>The location of the flag file used to determine if the output is stale.</description>
        </parameter>
        <parameter>
          <name>verbose</name>
          <type>boolean</type>
          <required>false</required>
          <editable>true</editable>
          <description>Be extra verbose</description>
        </parameter>
        <parameter>
          <name>wsdl</name>
          <type>boolean</type>
          <required>false</required>
          <editable>true</editable>
          <description>Treat input as WSDL and compile schemas inside it (experimental,unsupported)</description>
        </parameter>
        <parameter>
          <name>xjcPlugins</name>
          <type>java.lang.String</type>
          <required>false</required>
          <editable>true</editable>
          <description>Space separated string of plugin names, for instance &lt;code&gt;fluent-api somethingelse&lt;/code&gt;; These will be passed on to XJC as &lt;code&gt;&quot;-Xfluent-api&quot; &quot;-Xsomethingelse&quot;&lt;/code&gt; options.</description>
        </parameter>
        <parameter>
          <name>xmlschema</name>
          <type>boolean</type>
          <required>false</required>
          <editable>true</editable>
          <description>Treat input as W3C XML Schema (default)</description>
        </parameter>
      </parameters>
      <configuration>
        <bindingDirectory implementation="java.io.File">${basedir}/src/main/xjb</bindingDirectory>
        <extension implementation="boolean" default-value="false"/>
        <nv implementation="boolean" default-value="false"/>
        <relaxngCompact implementation="boolean" default-value="false"/>
        <schemaDirectory implementation="java.io.File">${basedir}/src/main/xsd</schemaDirectory>
        <clearOutputDir implementation="boolean" default-value="true"/>
        <xjcPlugins implementation="java.lang.String">${xjcPlugins}</xjcPlugins>
        <relaxng implementation="boolean" default-value="false"/>
        <staleFile implementation="java.io.File" default-value="${project.build.directory}/generated-sources/jaxb/.staleFlag"/>
        <outputDirectory implementation="java.io.File">${project.build.directory}/generated-sources/jaxb</outputDirectory>
        <quiet implementation="boolean" default-value="false"/>
        <xmlschema implementation="boolean" default-value="true"/>
        <explicitAnnotation implementation="boolean" default-value="false"/>
        <dtd implementation="boolean" default-value="false"/>
        <verbose implementation="boolean" default-value="false"/>
        <project implementation="org.apache.maven.project.MavenProject">${project}</project>
        <readOnly implementation="boolean" default-value="false"/>
        <wsdl implementation="boolean" default-value="false"/>
        <npa implementation="boolean" default-value="false"/>
      </configuration>
    </mojo>
  </mojos>
  <dependencies/>
</plugin>