<plugin>
  <description></description>
  <groupId>org.codehaus.mojo</groupId>
  <artifactId>jboss-maven-plugin</artifactId>
  <version>1.3</version>
  <goalPrefix>jboss</goalPrefix>
  <isolatedRealm>false</isolatedRealm>
  <inheritedByDefault>true</inheritedByDefault>
  <mojos>
    <mojo>
      <goal>configure</goal>
      <description>ConfigureJBossMojo</description>
      <requiresDirectInvocation>false</requiresDirectInvocation>
      <requiresProject>true</requiresProject>
      <requiresReports>false</requiresReports>
      <aggregator>false</aggregator>
      <requiresOnline>false</requiresOnline>
      <inheritedByDefault>true</inheritedByDefault>
      <implementation>org.codehaus.mojo.jboss.ConfigureJBossMojo</implementation>
      <language>java</language>
      <instantiationStrategy>per-lookup</instantiationStrategy>
      <executionStrategy>once-per-session</executionStrategy>
      <parameters>
        <parameter>
          <name>confDir</name>
          <type>java.io.File</type>
          <required>false</required>
          <editable>true</editable>
          <description>The directory for overrides to the conf diretory</description>
        </parameter>
        <parameter>
          <name>deployDir</name>
          <type>java.io.File</type>
          <required>false</required>
          <editable>true</editable>
          <description>The directory for overrides to the deploy diretory</description>
        </parameter>
        <parameter>
          <name>jbossHome</name>
          <type>java.lang.String</type>
          <required>true</required>
          <editable>true</editable>
          <description>The location to JBoss Home. This is a required configuration parameter (unless JBOSS_HOME is set).</description>
        </parameter>
        <parameter>
          <name>libDir</name>
          <type>java.io.File</type>
          <required>false</required>
          <editable>true</editable>
          <description>The directory for overrides to the lib diretory</description>
        </parameter>
        <parameter>
          <name>outputDirectory</name>
          <type>java.io.File</type>
          <required>false</required>
          <editable>true</editable>
          <description></description>
        </parameter>
        <parameter>
          <name>serverName</name>
          <type>java.lang.String</type>
          <required>true</required>
          <editable>true</editable>
          <description>The server name</description>
        </parameter>
      </parameters>
      <configuration>
        <libDir implementation="java.io.File">${basedir}/jboss/lib</libDir>
        <jbossHome implementation="java.lang.String">ENV</jbossHome>
        <outputDirectory implementation="java.io.File">${project.build.directory}/jboss</outputDirectory>
        <serverName implementation="java.lang.String">default</serverName>
        <confDir implementation="java.io.File">${basedir}/jboss/conf</confDir>
        <deployDir implementation="java.io.File">${basedir}/jboss/conf</deployDir>
      </configuration>
    </mojo>
    <mojo>
      <goal>deploy</goal>
      <description>Deploys a directory or file to JBoss via JMX</description>
      <requiresDirectInvocation>false</requiresDirectInvocation>
      <requiresProject>true</requiresProject>
      <requiresReports>false</requiresReports>
      <aggregator>false</aggregator>
      <requiresOnline>false</requiresOnline>
      <inheritedByDefault>true</inheritedByDefault>
      <implementation>org.codehaus.mojo.jboss.DeployMojo</implementation>
      <language>java</language>
      <instantiationStrategy>per-lookup</instantiationStrategy>
      <executionStrategy>once-per-session</executionStrategy>
      <parameters>
        <parameter>
          <name>deployUrlPath</name>
          <type>java.lang.String</type>
          <required>true</required>
          <editable>true</editable>
          <description>The deployment URL</description>
        </parameter>
        <parameter>
          <name>fileName</name>
          <type>java.lang.String</type>
          <required>true</required>
          <editable>true</editable>
          <description>The name of the file or directory to deploy or undeploy.</description>
        </parameter>
        <parameter>
          <name>hostName</name>
          <type>java.lang.String</type>
          <required>true</required>
          <editable>true</editable>
          <description>The host jboss is running on</description>
        </parameter>
        <parameter>
          <name>port</name>
          <type>int</type>
          <required>true</required>
          <editable>true</editable>
          <description>The port jboss is running on</description>
        </parameter>
        <parameter>
          <name>server</name>
          <type>java.lang.String</type>
          <required>false</required>
          <editable>true</editable>
          <description>The server id to use when authenticating with Tomcat manager, or &lt;code&gt;null&lt;/code&gt; to use defaults.</description>
        </parameter>
      </parameters>
      <configuration>
        <fileName implementation="java.lang.String">${project.build.directory}/${project.build.finalName}.${project.packaging}</fileName>
        <hostName implementation="java.lang.String">localhost</hostName>
        <deployUrlPath implementation="java.lang.String">/jmx-console/HtmlAdaptor?action=invokeOpByName&amp;name=jboss.system:service%3DMainDeployer&amp;methodName=deploy&amp;argType=java.net.URL&amp;arg0=</deployUrlPath>
        <port implementation="int">8080</port>
      </configuration>
      <requirements>
        <requirement>
          <role>org.apache.maven.artifact.manager.WagonManager</role>
          <field-name>wagonManager</field-name>
        </requirement>
      </requirements>
    </mojo>
    <mojo>
      <goal>harddeploy</goal>
      <description>Hard deploys the file by copying it to the $JBOSS_HOME/server/[serverName]/deploy directory</description>
      <requiresDirectInvocation>false</requiresDirectInvocation>
      <requiresProject>true</requiresProject>
      <requiresReports>false</requiresReports>
      <aggregator>false</aggregator>
      <requiresOnline>false</requiresOnline>
      <inheritedByDefault>true</inheritedByDefault>
      <implementation>org.codehaus.mojo.jboss.HardDeployMojo</implementation>
      <language>java</language>
      <instantiationStrategy>per-lookup</instantiationStrategy>
      <executionStrategy>once-per-session</executionStrategy>
      <parameters>
        <parameter>
          <name>fileName</name>
          <type>java.lang.String</type>
          <required>true</required>
          <editable>true</editable>
          <description>The name of the file or directory to deploy or undeploy.</description>
        </parameter>
        <parameter>
          <name>jbossHome</name>
          <type>java.lang.String</type>
          <required>true</required>
          <editable>true</editable>
          <description>The location to JBoss Home. This is a required configuration parameter (unless JBOSS_HOME is set).</description>
        </parameter>
        <parameter>
          <name>outputDirectory</name>
          <type>java.io.File</type>
          <required>false</required>
          <editable>true</editable>
          <description></description>
        </parameter>
        <parameter>
          <name>serverName</name>
          <type>java.lang.String</type>
          <required>true</required>
          <editable>true</editable>
          <description>The server name</description>
        </parameter>
      </parameters>
      <configuration>
        <jbossHome implementation="java.lang.String">ENV</jbossHome>
        <outputDirectory implementation="java.io.File">${project.build.directory}/jboss</outputDirectory>
        <fileName implementation="java.lang.String">${project.build.directory}/${project.build.finalName}.${project.packaging}</fileName>
        <serverName implementation="java.lang.String">default</serverName>
      </configuration>
    </mojo>
    <mojo>
      <goal>start</goal>
      <description>Starts JBoss</description>
      <requiresDirectInvocation>false</requiresDirectInvocation>
      <requiresProject>true</requiresProject>
      <requiresReports>false</requiresReports>
      <aggregator>false</aggregator>
      <requiresOnline>false</requiresOnline>
      <inheritedByDefault>true</inheritedByDefault>
      <implementation>org.codehaus.mojo.jboss.StartMojo</implementation>
      <language>java</language>
      <instantiationStrategy>per-lookup</instantiationStrategy>
      <executionStrategy>once-per-session</executionStrategy>
      <parameters>
        <parameter>
          <name>jbossHome</name>
          <type>java.lang.String</type>
          <required>true</required>
          <editable>true</editable>
          <description>The location to JBoss Home. This is a required configuration parameter (unless JBOSS_HOME is set).</description>
        </parameter>
        <parameter>
          <name>outputDirectory</name>
          <type>java.io.File</type>
          <required>false</required>
          <editable>true</editable>
          <description></description>
        </parameter>
        <parameter>
          <name>serverName</name>
          <type>java.lang.String</type>
          <required>true</required>
          <editable>true</editable>
          <description>The server name</description>
        </parameter>
      </parameters>
      <configuration>
        <jbossHome implementation="java.lang.String">ENV</jbossHome>
        <outputDirectory implementation="java.io.File">${project.build.directory}/jboss</outputDirectory>
        <serverName implementation="java.lang.String">default</serverName>
      </configuration>
    </mojo>
    <mojo>
      <goal>stop</goal>
      <description>Stops JBoss</description>
      <requiresDirectInvocation>false</requiresDirectInvocation>
      <requiresProject>true</requiresProject>
      <requiresReports>false</requiresReports>
      <aggregator>false</aggregator>
      <requiresOnline>false</requiresOnline>
      <inheritedByDefault>true</inheritedByDefault>
      <implementation>org.codehaus.mojo.jboss.StopMojo</implementation>
      <language>java</language>
      <instantiationStrategy>per-lookup</instantiationStrategy>
      <executionStrategy>once-per-session</executionStrategy>
      <parameters>
        <parameter>
          <name>jbossHome</name>
          <type>java.lang.String</type>
          <required>true</required>
          <editable>true</editable>
          <description>The location to JBoss Home. This is a required configuration parameter (unless JBOSS_HOME is set).</description>
        </parameter>
        <parameter>
          <name>outputDirectory</name>
          <type>java.io.File</type>
          <required>false</required>
          <editable>true</editable>
          <description></description>
        </parameter>
        <parameter>
          <name>serverName</name>
          <type>java.lang.String</type>
          <required>true</required>
          <editable>true</editable>
          <description>The server name</description>
        </parameter>
      </parameters>
      <configuration>
        <jbossHome implementation="java.lang.String">ENV</jbossHome>
        <outputDirectory implementation="java.io.File">${project.build.directory}/jboss</outputDirectory>
        <serverName implementation="java.lang.String">default</serverName>
      </configuration>
    </mojo>
    <mojo>
      <goal>undeploy</goal>
      <description>Undeploys a directory or file from JBoss via JMX</description>
      <requiresDirectInvocation>false</requiresDirectInvocation>
      <requiresProject>true</requiresProject>
      <requiresReports>false</requiresReports>
      <aggregator>false</aggregator>
      <requiresOnline>false</requiresOnline>
      <inheritedByDefault>true</inheritedByDefault>
      <implementation>org.codehaus.mojo.jboss.UndeployMojo</implementation>
      <language>java</language>
      <instantiationStrategy>per-lookup</instantiationStrategy>
      <executionStrategy>once-per-session</executionStrategy>
      <parameters>
        <parameter>
          <name>fileName</name>
          <type>java.lang.String</type>
          <required>true</required>
          <editable>true</editable>
          <description>The name of the file or directory to deploy or undeploy.</description>
        </parameter>
        <parameter>
          <name>hostName</name>
          <type>java.lang.String</type>
          <required>true</required>
          <editable>true</editable>
          <description>The host jboss is running on</description>
        </parameter>
        <parameter>
          <name>port</name>
          <type>int</type>
          <required>true</required>
          <editable>true</editable>
          <description>The port jboss is running on</description>
        </parameter>
        <parameter>
          <name>server</name>
          <type>java.lang.String</type>
          <required>false</required>
          <editable>true</editable>
          <description>The server id to use when authenticating with Tomcat manager, or &lt;code&gt;null&lt;/code&gt; to use defaults.</description>
        </parameter>
        <parameter>
          <name>undeployUrlPath</name>
          <type>java.lang.String</type>
          <required>true</required>
          <editable>true</editable>
          <description>The undeployment URL</description>
        </parameter>
      </parameters>
      <configuration>
        <fileName implementation="java.lang.String">${project.build.directory}/${project.build.finalName}.${project.packaging}</fileName>
        <hostName implementation="java.lang.String">localhost</hostName>
        <undeployUrlPath implementation="java.lang.String">/jmx-console/HtmlAdaptor?action=invokeOpByName&amp;name=jboss.system:service%3DMainDeployer&amp;methodName=undeploy&amp;argType=java.net.URL&amp;arg0=</undeployUrlPath>
        <port implementation="int">8080</port>
      </configuration>
      <requirements>
        <requirement>
          <role>org.apache.maven.artifact.manager.WagonManager</role>
          <field-name>wagonManager</field-name>
        </requirement>
      </requirements>
    </mojo>
  </mojos>
  <dependencies/>
</plugin>