<plugin>
  <description>Maven 2 plugin that generates JDepend reports for your projects.</description>
  <groupId>org.codehaus.mojo</groupId>
  <artifactId>jdepend-maven-plugin</artifactId>
  <version>2.0-beta-1</version>
  <goalPrefix>jdepend</goalPrefix>
  <isolatedRealm>false</isolatedRealm>
  <inheritedByDefault>true</inheritedByDefault>
  <mojos>
    <mojo>
      <goal>generate</goal>
      <description>Runs jdepend and generates a site report.</description>
      <requiresDirectInvocation>false</requiresDirectInvocation>
      <requiresProject>true</requiresProject>
      <requiresReports>false</requiresReports>
      <aggregator>false</aggregator>
      <requiresOnline>false</requiresOnline>
      <inheritedByDefault>true</inheritedByDefault>
      <executePhase>compile</executePhase>
      <implementation>org.codehaus.mojo.jdepend.JDependMojo</implementation>
      <language>java</language>
      <instantiationStrategy>per-lookup</instantiationStrategy>
      <executionStrategy>once-per-session</executionStrategy>
      <parameters>
        <parameter>
          <name>argument</name>
          <type>java.lang.String</type>
          <required>false</required>
          <editable>false</editable>
          <description></description>
        </parameter>
        <parameter>
          <name>classDirectory</name>
          <type>java.lang.String</type>
          <required>true</required>
          <editable>true</editable>
          <description>Directory containing the class files.</description>
        </parameter>
        <parameter>
          <name>outputDirectory</name>
          <type>java.lang.String</type>
          <required>true</required>
          <editable>true</editable>
          <description>Directory where the generated output site files will be located</description>
        </parameter>
        <parameter>
          <name>project</name>
          <type>org.apache.maven.project.MavenProject</type>
          <required>false</required>
          <editable>false</editable>
          <description></description>
        </parameter>
        <parameter>
          <name>projectDirectory</name>
          <type>java.lang.String</type>
          <required>false</required>
          <editable>true</editable>
          <description>Directory of the project</description>
        </parameter>
        <parameter>
          <name>reportFile</name>
          <type>java.lang.String</type>
          <required>true</required>
          <editable>false</editable>
          <description>Location of the generated jdepend xml report</description>
        </parameter>
      </parameters>
      <configuration>
        <argument implementation="java.lang.String" default-value="-file"/>
        <outputDirectory implementation="java.lang.String">${project.build.directory}/site</outputDirectory>
        <reportFile implementation="java.lang.String">${project.build.directory}/jdepend-report.xml</reportFile>
        <project implementation="org.apache.maven.project.MavenProject">${project}</project>
        <classDirectory implementation="java.lang.String">${project.build.outputDirectory}</classDirectory>
        <projectDirectory implementation="java.lang.String">${basedir}</projectDirectory>
      </configuration>
      <requirements>
        <requirement>
          <role>org.codehaus.doxia.site.renderer.SiteRenderer</role>
          <field-name>siteRenderer</field-name>
        </requirement>
      </requirements>
    </mojo>
  </mojos>
  <dependencies/>
</plugin>