<plugin>
  <groupId>org.codehaus.mojo</groupId>
  <artifactId>jxr-maven-plugin</artifactId>
  <version>2.0-beta-1</version>
  <goalPrefix>jxr</goalPrefix>
  <isolatedRealm>false</isolatedRealm>
  <inheritedByDefault>true</inheritedByDefault>
  <mojos>
    <mojo>
      <goal>jxr</goal>
      <requiresDirectInvocation>false</requiresDirectInvocation>
      <requiresProject>true</requiresProject>
      <requiresReports>false</requiresReports>
      <aggregator>false</aggregator>
      <requiresOnline>false</requiresOnline>
      <inheritedByDefault>true</inheritedByDefault>
      <implementation>org.apache.maven.plugin.jxr.JxrReport</implementation>
      <language>java</language>
      <instantiationStrategy>per-lookup</instantiationStrategy>
      <executionStrategy>once-per-session</executionStrategy>
      <parameters>
        <parameter>
          <name>bottom</name>
          <type>java.lang.String</type>
          <required>false</required>
          <editable>true</editable>
          <description>String uses at the bottom of the Xref HTML files.</description>
        </parameter>
        <parameter>
          <name>destDir</name>
          <type>java.lang.String</type>
          <required>false</required>
          <editable>true</editable>
          <description>Folder where the Xref files will be copied to.</description>
        </parameter>
        <parameter>
          <name>docTitle</name>
          <type>java.lang.String</type>
          <required>false</required>
          <editable>true</editable>
          <description>Title of main page of the Xref HTML files.</description>
        </parameter>
        <parameter>
          <name>inputEncoding</name>
          <type>java.lang.String</type>
          <required>false</required>
          <editable>true</editable>
          <description>File input encoding.</description>
        </parameter>
        <parameter>
          <name>javadocDir</name>
          <type>java.lang.String</type>
          <required>false</required>
          <editable>true</editable>
          <description>Folder where Javadoc is generated for this project.</description>
        </parameter>
        <parameter>
          <name>outputDirectory</name>
          <type>java.lang.String</type>
          <required>true</required>
          <editable>true</editable>
          <description>Output folder where the main page of the report will be generated.</description>
        </parameter>
        <parameter>
          <name>outputEncoding</name>
          <type>java.lang.String</type>
          <required>false</required>
          <editable>true</editable>
          <description>File output encoding.</description>
        </parameter>
        <parameter>
          <name>project</name>
          <type>org.apache.maven.project.MavenProject</type>
          <required>true</required>
          <editable>true</editable>
          <description></description>
        </parameter>
        <parameter>
          <name>sourceDirs</name>
          <type>java.util.List</type>
          <required>true</required>
          <editable>false</editable>
          <description>Source directories of the project.</description>
        </parameter>
        <parameter>
          <name>stylesheet</name>
          <type>java.lang.String</type>
          <required>false</required>
          <editable>true</editable>
          <description>Style sheet used for the Xref HTML files. Should not be used. If used, should be an absolute path, like "${basedir}/myStyles.css".</description>
        </parameter>
        <parameter>
          <name>templateDir</name>
          <type>java.lang.String</type>
          <required>false</required>
          <editable>true</editable>
          <description>Directory where Velocity templates can be found to generate overviews, frames and summaries. Should not be used. If used, should be an absolute path, like "${basedir}/myTemplates".</description>
        </parameter>
        <parameter>
          <name>testSourceDirs</name>
          <type>java.util.List</type>
          <required>true</required>
          <editable>false</editable>
          <description>Test directories of the project.</description>
        </parameter>
        <parameter>
          <name>windowTitle</name>
          <type>java.lang.String</type>
          <required>false</required>
          <editable>true</editable>
          <description>Title of window of the Xref HTML files.</description>
        </parameter>
      </parameters>
      <configuration>
        <testSourceDirs implementation="java.util.List">${project.testCompileSourceRoots}</testSourceDirs>
        <inputEncoding implementation="java.lang.String" default-value="ISO-8859-1"/>
        <windowTitle implementation="java.lang.String">${project.name} ${project.version} Reference</windowTitle>
        <destDir implementation="java.lang.String">${project.build.directory}/site/xref</destDir>
        <javadocDir implementation="java.lang.String">${project.build.directory}/site/apidocs</javadocDir>
        <stylesheet implementation="java.lang.String" default-value="stylesheet.css"/>
        <outputDirectory implementation="java.lang.String">${project.build.directory}/site</outputDirectory>
        <templateDir implementation="java.lang.String" default-value="templates"/>
        <sourceDirs implementation="java.util.List">${project.compileSourceRoots}</sourceDirs>
        <bottom implementation="java.lang.String">Copyright &amp;copy; ${project.inceptionYear} ${project.organization.name}. All Rights Reserved.</bottom>
        <outputEncoding implementation="java.lang.String" default-value="ISO-8859-1"/>
        <project implementation="org.apache.maven.project.MavenProject">${project}</project>
        <docTitle implementation="java.lang.String">${project.name} ${project.version} Reference</docTitle>
      </configuration>
      <requirements>
        <requirement>
          <role>org.codehaus.doxia.site.renderer.SiteRenderer</role>
          <field-name>siteRenderer</field-name>
        </requirement>
      </requirements>
    </mojo>
  </mojos>
  <dependencies/>
</plugin>