<plugin>
  <description></description>
  <groupId>org.codehaus.mojo</groupId>
  <artifactId>keytool-maven-plugin</artifactId>
  <version>1.0-beta-1</version>
  <goalPrefix>keytool</goalPrefix>
  <isolatedRealm>false</isolatedRealm>
  <inheritedByDefault>true</inheritedByDefault>
  <mojos>
    <mojo>
      <goal>clean</goal>
      <description>A Mojo that deletes a generated keystore file.</description>
      <requiresDirectInvocation>false</requiresDirectInvocation>
      <requiresProject>true</requiresProject>
      <requiresReports>false</requiresReports>
      <aggregator>false</aggregator>
      <requiresOnline>false</requiresOnline>
      <inheritedByDefault>true</inheritedByDefault>
      <phase>clean</phase>
      <implementation>org.codehaus.mojo.keytool.CleanKeyMojo</implementation>
      <language>java</language>
      <instantiationStrategy>per-lookup</instantiationStrategy>
      <executionStrategy>once-per-session</executionStrategy>
      <parameters>
        <parameter>
          <name>keystore</name>
          <type>java.lang.String</type>
          <required>false</required>
          <editable>true</editable>
          <description>See &lt;a href=&quot;http://java.sun.com/j2se/1.4.2/docs/tooldocs/windows/keytool.html#Commands&quot;&gt;options&lt;/a&gt;.</description>
        </parameter>
        <parameter>
          <name>workingDirectory</name>
          <type>java.io.File</type>
          <required>true</required>
          <editable>true</editable>
          <description>Where to execute the keytool command.</description>
        </parameter>
      </parameters>
      <configuration>
        <keystore implementation="java.lang.String">${keystore}</keystore>
        <workingDirectory implementation="java.io.File" default-value="${basedir}">${workingdir}</workingDirectory>
      </configuration>
    </mojo>
    <mojo>
      <goal>genkey</goal>
      <description>Generates a keystore. &lt;p/&gt; Implemented as a wrapper around the SDK &lt;code&gt;keytool -genkey&lt;/code&gt; command. &lt;pre&gt; -genkey [-v] [-protected] [-alias &amp;lt;alias&gt;] [-keyalg &amp;lt;keyalg&gt;] [-keysize &amp;lt;keysize&gt;] [-sigalg &amp;lt;sigalg&gt;] [-dname &amp;lt;dname&gt;] [-validity &amp;lt;valDays&gt;] [-keypass &amp;lt;keypass&gt;] [-keystore &amp;lt;keystore&gt;] [-storepass &amp;lt;storepass&gt;] [-storetype &amp;lt;storetype&gt;] [-providerName &amp;lt;name&gt;] [-providerClass &amp;lt;provider_class_name&gt; [-providerArg &amp;lt;arg&gt;]] ... &lt;/pre&gt;</description>
      <requiresDirectInvocation>false</requiresDirectInvocation>
      <requiresProject>true</requiresProject>
      <requiresReports>false</requiresReports>
      <aggregator>false</aggregator>
      <requiresOnline>false</requiresOnline>
      <inheritedByDefault>true</inheritedByDefault>
      <phase>package</phase>
      <implementation>org.codehaus.mojo.keytool.GenkeyMojo</implementation>
      <language>java</language>
      <instantiationStrategy>per-lookup</instantiationStrategy>
      <executionStrategy>once-per-session</executionStrategy>
      <parameters>
        <parameter>
          <name>alias</name>
          <type>java.lang.String</type>
          <required>false</required>
          <editable>true</editable>
          <description>See &lt;a href=&quot;http://java.sun.com/j2se/1.4.2/docs/tooldocs/windows/keytool.html#Commands&quot;&gt;options&lt;/a&gt;.</description>
        </parameter>
        <parameter>
          <name>dname</name>
          <type>java.lang.String</type>
          <required>false</required>
          <editable>true</editable>
          <description>See &lt;a href=&quot;http://java.sun.com/j2se/1.4.2/docs/tooldocs/windows/keytool.html#Commands&quot;&gt;options&lt;/a&gt;.</description>
        </parameter>
        <parameter>
          <name>keyalg</name>
          <type>java.lang.String</type>
          <required>false</required>
          <editable>true</editable>
          <description>See &lt;a href=&quot;http://java.sun.com/j2se/1.4.2/docs/tooldocs/windows/keytool.html#Commands&quot;&gt;options&lt;/a&gt;.</description>
        </parameter>
        <parameter>
          <name>keypass</name>
          <type>java.lang.String</type>
          <required>false</required>
          <editable>true</editable>
          <description>See &lt;a href=&quot;http://java.sun.com/j2se/1.4.2/docs/tooldocs/windows/keytool.html#Commands&quot;&gt;options&lt;/a&gt;.</description>
        </parameter>
        <parameter>
          <name>keysize</name>
          <type>java.lang.String</type>
          <required>false</required>
          <editable>true</editable>
          <description>See &lt;a href=&quot;http://java.sun.com/j2se/1.4.2/docs/tooldocs/windows/keytool.html#Commands&quot;&gt;options&lt;/a&gt;.</description>
        </parameter>
        <parameter>
          <name>keystore</name>
          <type>java.lang.String</type>
          <required>false</required>
          <editable>true</editable>
          <description>See &lt;a href=&quot;http://java.sun.com/j2se/1.4.2/docs/tooldocs/windows/keytool.html#Commands&quot;&gt;options&lt;/a&gt;.</description>
        </parameter>
        <parameter>
          <name>sigalg</name>
          <type>java.lang.String</type>
          <required>false</required>
          <editable>true</editable>
          <description>See &lt;a href=&quot;http://java.sun.com/j2se/1.4.2/docs/tooldocs/windows/keytool.html#Commands&quot;&gt;options&lt;/a&gt;.</description>
        </parameter>
        <parameter>
          <name>storepass</name>
          <type>java.lang.String</type>
          <required>false</required>
          <editable>true</editable>
          <description>See &lt;a href=&quot;http://java.sun.com/j2se/1.4.2/docs/tooldocs/windows/keytool.html#Commands&quot;&gt;options&lt;/a&gt;.</description>
        </parameter>
        <parameter>
          <name>storetype</name>
          <type>java.lang.String</type>
          <required>false</required>
          <editable>true</editable>
          <description>See &lt;a href=&quot;http://java.sun.com/j2se/1.4.2/docs/tooldocs/windows/keytool.html#Commands&quot;&gt;options&lt;/a&gt;.</description>
        </parameter>
        <parameter>
          <name>validity</name>
          <type>java.lang.String</type>
          <required>false</required>
          <editable>true</editable>
          <description>See &lt;a href=&quot;http://java.sun.com/j2se/1.4.2/docs/tooldocs/windows/keytool.html#Commands&quot;&gt;options&lt;/a&gt;.</description>
        </parameter>
        <parameter>
          <name>verbose</name>
          <type>boolean</type>
          <required>false</required>
          <editable>true</editable>
          <description>Enable verbose See &lt;a href=&quot;http://java.sun.com/j2se/1.4.2/docs/tooldocs/windows/keytool.html#Commands&quot;&gt;options&lt;/a&gt;.</description>
        </parameter>
        <parameter>
          <name>workingDirectory</name>
          <type>java.io.File</type>
          <required>true</required>
          <editable>true</editable>
          <description>Where to execute the keytool command.</description>
        </parameter>
      </parameters>
      <configuration>
        <storepass implementation="java.lang.String">${storepass}</storepass>
        <dname implementation="java.lang.String">${dname}</dname>
        <keystore implementation="java.lang.String">${keystore}</keystore>
        <validity implementation="java.lang.String">${validity}</validity>
        <workingDirectory implementation="java.io.File" default-value="${basedir}">${workingdir}</workingDirectory>
        <verbose implementation="boolean" default-value="false">${verbose}</verbose>
        <keysize implementation="java.lang.String">${keysize}</keysize>
        <keyalg implementation="java.lang.String">${keyalg}</keyalg>
        <sigalg implementation="java.lang.String">${sigalg}</sigalg>
        <keypass implementation="java.lang.String">${keypass}</keypass>
        <storetype implementation="java.lang.String">${storetype}</storetype>
        <alias implementation="java.lang.String">${alias}</alias>
      </configuration>
    </mojo>
  </mojos>
  <dependencies/>
</plugin>