<plugin>
  <description></description>
  <groupId>org.codehaus.mojo</groupId>
  <artifactId>local-config-maven-plugin</artifactId>
  <version>1.0-alpha-1</version>
  <goalPrefix>local-config</goalPrefix>
  <isolatedRealm>false</isolatedRealm>
  <inheritedByDefault>true</inheritedByDefault>
  <mojos>
    <mojo>
      <goal>check</goal>
      <description>Check a local file for the serial number of the last update.</description>
      <requiresDirectInvocation>false</requiresDirectInvocation>
      <requiresProject>true</requiresProject>
      <requiresReports>false</requiresReports>
      <aggregator>false</aggregator>
      <requiresOnline>false</requiresOnline>
      <inheritedByDefault>true</inheritedByDefault>
      <implementation>org.codehaus.mojo.localconfig.CheckLocalConfigMojo</implementation>
      <language>java</language>
      <instantiationStrategy>per-lookup</instantiationStrategy>
      <executionStrategy>once-per-session</executionStrategy>
      <parameters>
        <parameter>
          <name>checkFile</name>
          <type>java.io.File</type>
          <required>true</required>
          <editable>true</editable>
          <description>The check-file to look at for lastUpdate.</description>
        </parameter>
        <parameter>
          <name>failIfUpToDate</name>
          <type>boolean</type>
          <required>true</required>
          <editable>true</editable>
          <description>Fail the build (read: configuration) if the serial number is present and up-to-date.</description>
        </parameter>
        <parameter>
          <name>serialNumber</name>
          <type>java.lang.String</type>
          <required>true</required>
          <editable>true</editable>
          <description>The serial number to check the check-file for.</description>
        </parameter>
      </parameters>
      <configuration>
        <failIfUpToDate implementation="boolean" default-value="true"/>
        <serialNumber implementation="java.lang.String" default-value="${project.version}"/>
      </configuration>
    </mojo>
    <mojo>
      <goal>configure</goal>
      <description>Modify the user&apos;s local environment, given a set of archives containing the new copies of the files to overwrite.</description>
      <requiresDirectInvocation>false</requiresDirectInvocation>
      <requiresProject>true</requiresProject>
      <requiresReports>false</requiresReports>
      <aggregator>false</aggregator>
      <requiresOnline>false</requiresOnline>
      <inheritedByDefault>true</inheritedByDefault>
      <implementation>org.codehaus.mojo.localconfig.LocalConfigMojo</implementation>
      <language>java</language>
      <instantiationStrategy>per-lookup</instantiationStrategy>
      <executionStrategy>once-per-session</executionStrategy>
      <parameters>
        <parameter>
          <name>configurationArchives</name>
          <type>java.util.List</type>
          <required>true</required>
          <editable>true</editable>
          <description>The list of archive expansions to perform in this local configuration. List items are of type: org.apache.maven.plugins.localconfig.ArchiveExpansion.</description>
        </parameter>
        <parameter>
          <name>tempExpansionDir</name>
          <type>java.io.File</type>
          <required>true</required>
          <editable>true</editable>
          <description>This is a temporary location to which the mojo will expand all archives, to facilitate scanning and filtering of files contained within. Scanning, so it can process includes and excludes; filtering, so it can prompt the user for any input required to customize the files to the local environment.</description>
        </parameter>
      </parameters>
      <configuration>
        <tempExpansionDir implementation="java.io.File" default-value="${project.build.directory}/local-config-workdir/config-archives"/>
      </configuration>
      <requirements>
        <requirement>
          <role>org.codehaus.mojo.tools.fs.archive.ArchiveExpander</role>
          <field-name>archiveExpander</field-name>
        </requirement>
      </requirements>
    </mojo>
    <mojo>
      <goal>touch</goal>
      <description>Touch a local file to write the serial number of current last update.</description>
      <requiresDirectInvocation>false</requiresDirectInvocation>
      <requiresProject>true</requiresProject>
      <requiresReports>false</requiresReports>
      <aggregator>false</aggregator>
      <requiresOnline>false</requiresOnline>
      <inheritedByDefault>true</inheritedByDefault>
      <implementation>org.codehaus.mojo.localconfig.TouchLocalConfigMojo</implementation>
      <language>java</language>
      <instantiationStrategy>per-lookup</instantiationStrategy>
      <executionStrategy>once-per-session</executionStrategy>
      <parameters>
        <parameter>
          <name>checkFile</name>
          <type>java.io.File</type>
          <required>true</required>
          <editable>true</editable>
          <description>The check-file to write for lastUpdate.</description>
        </parameter>
        <parameter>
          <name>serialNumber</name>
          <type>java.lang.String</type>
          <required>true</required>
          <editable>true</editable>
          <description>The serial number to write to the check-file.</description>
        </parameter>
      </parameters>
      <configuration>
        <serialNumber implementation="java.lang.String" default-value="${project.version}"/>
      </configuration>
    </mojo>
  </mojos>
  <dependencies/>
</plugin>