<plugin>
  <description></description>
  <groupId>org.codehaus.mojo</groupId>
  <artifactId>make-maven-plugin</artifactId>
  <version>1.0-alpha-2</version>
  <goalPrefix>make</goalPrefix>
  <isolatedRealm>false</isolatedRealm>
  <inheritedByDefault>true</inheritedByDefault>
  <mojos>
    <mojo>
      <goal>autoreconf</goal>
      <description>Execute autoreconf with command line arguments.</description>
      <requiresDirectInvocation>false</requiresDirectInvocation>
      <requiresProject>false</requiresProject>
      <requiresReports>false</requiresReports>
      <aggregator>false</aggregator>
      <requiresOnline>false</requiresOnline>
      <inheritedByDefault>true</inheritedByDefault>
      <phase>process-resources</phase>
      <implementation>org.codehaus.mojo.autotools.AutoreconfExecMojo</implementation>
      <language>java</language>
      <instantiationStrategy>per-lookup</instantiationStrategy>
      <executionStrategy>once-per-session</executionStrategy>
      <parameters>
        <parameter>
          <name>arguments</name>
          <type>java.util.List</type>
          <required>false</required>
          <editable>true</editable>
          <description></description>
        </parameter>
        <parameter>
          <name>environment</name>
          <type>java.util.Properties</type>
          <required>false</required>
          <editable>true</editable>
          <description></description>
        </parameter>
        <parameter>
          <name>ignoreErrors</name>
          <type>boolean</type>
          <required>false</required>
          <editable>true</editable>
          <description></description>
        </parameter>
        <parameter>
          <name>ignoreFailures</name>
          <type>boolean</type>
          <required>false</required>
          <editable>true</editable>
          <description></description>
        </parameter>
        <parameter>
          <name>project</name>
          <type>org.apache.maven.project.MavenProject</type>
          <required>true</required>
          <editable>false</editable>
          <description>MavenProject instance used to resolve property expressions from within Ant.</description>
        </parameter>
        <parameter>
          <name>workDir</name>
          <type>java.io.File</type>
          <required>false</required>
          <editable>true</editable>
          <description>The temporary working directory where the project is actually built. By default, this is within the &apos;/target&apos; directory.</description>
        </parameter>
      </parameters>
      <configuration>
        <workDir implementation="java.io.File" default-value="${project.build.directory}">${workDir}</workDir>
        <project implementation="org.apache.maven.project.MavenProject" default-value="${project}"/>
      </configuration>
    </mojo>
    <mojo>
      <goal>chmod</goal>
      <description>Change the file/directory mode on a list of files.</description>
      <requiresDirectInvocation>false</requiresDirectInvocation>
      <requiresProject>true</requiresProject>
      <requiresReports>false</requiresReports>
      <aggregator>false</aggregator>
      <requiresOnline>false</requiresOnline>
      <inheritedByDefault>true</inheritedByDefault>
      <implementation>org.codehaus.mojo.make.util.ChmodMojo</implementation>
      <language>java</language>
      <instantiationStrategy>per-lookup</instantiationStrategy>
      <executionStrategy>once-per-session</executionStrategy>
      <parameters>
        <parameter>
          <name>chmodPaths</name>
          <type>java.util.List</type>
          <required>true</required>
          <editable>true</editable>
          <description>The list of paths to chmod.</description>
        </parameter>
        <parameter>
          <name>mode</name>
          <type>java.lang.String</type>
          <required>true</required>
          <editable>true</editable>
          <description>The chmod mode to use.</description>
        </parameter>
        <parameter>
          <name>project</name>
          <type>org.apache.maven.project.MavenProject</type>
          <required>true</required>
          <editable>false</editable>
          <description></description>
        </parameter>
        <parameter>
          <name>recursive</name>
          <type>boolean</type>
          <required>false</required>
          <editable>true</editable>
          <description>Whether to execute recursively, as in the case where directories are being targeted.</description>
        </parameter>
      </parameters>
      <configuration>
        <recursive implementation="boolean" default-value="false"/>
        <mode implementation="java.lang.String" default-value="+x"/>
        <project implementation="org.apache.maven.project.MavenProject" default-value="${project}"/>
      </configuration>
    </mojo>
    <mojo>
      <goal>chown</goal>
      <description>Change the ownership on a set of paths. Assumes you have sudo installed and configured.</description>
      <requiresDirectInvocation>false</requiresDirectInvocation>
      <requiresProject>true</requiresProject>
      <requiresReports>false</requiresReports>
      <aggregator>false</aggregator>
      <requiresOnline>false</requiresOnline>
      <inheritedByDefault>true</inheritedByDefault>
      <implementation>org.codehaus.mojo.make.util.ChownMojo</implementation>
      <language>java</language>
      <instantiationStrategy>per-lookup</instantiationStrategy>
      <executionStrategy>once-per-session</executionStrategy>
      <parameters>
        <parameter>
          <name>chownPaths</name>
          <type>java.util.List</type>
          <required>true</required>
          <editable>true</editable>
          <description>The list of paths to chown.</description>
        </parameter>
        <parameter>
          <name>group</name>
          <type>java.lang.String</type>
          <required>false</required>
          <editable>true</editable>
          <description>The group to use.</description>
        </parameter>
        <parameter>
          <name>project</name>
          <type>org.apache.maven.project.MavenProject</type>
          <required>true</required>
          <editable>false</editable>
          <description></description>
        </parameter>
        <parameter>
          <name>recursive</name>
          <type>boolean</type>
          <required>false</required>
          <editable>true</editable>
          <description>Whether to execute recursively, as in the case where directories are being targeted.</description>
        </parameter>
        <parameter>
          <name>user</name>
          <type>java.lang.String</type>
          <required>true</required>
          <editable>true</editable>
          <description>The user to use.</description>
        </parameter>
      </parameters>
      <configuration>
        <user implementation="java.lang.String" default-value="${user.name}"/>
        <recursive implementation="boolean" default-value="false"/>
        <project implementation="org.apache.maven.project.MavenProject" default-value="${project}"/>
      </configuration>
    </mojo>
    <mojo>
      <goal>make-clean</goal>
      <description>Remove from source directory all files generated during the make process.</description>
      <requiresDirectInvocation>false</requiresDirectInvocation>
      <requiresProject>true</requiresProject>
      <requiresReports>false</requiresReports>
      <aggregator>false</aggregator>
      <requiresOnline>false</requiresOnline>
      <inheritedByDefault>true</inheritedByDefault>
      <implementation>org.codehaus.mojo.make.MakeCleanExecMojo</implementation>
      <language>java</language>
      <instantiationStrategy>per-lookup</instantiationStrategy>
      <executionStrategy>once-per-session</executionStrategy>
      <parameters>
        <parameter>
          <name>artifacts</name>
          <type>java.util.Set</type>
          <required>true</required>
          <editable>false</editable>
          <description>The dependency artifacts of this project, for resolving @pathOf(..)@ expressions. These are of type org.apache.maven.artifact.Artifact, and are keyed by groupId:artifactId, using org.apache.maven.artifact.ArtifactUtils.versionlessKey(..) for consistent formatting.</description>
        </parameter>
        <parameter>
          <name>cleanBinaries</name>
          <type>boolean</type>
          <required>false</required>
          <editable>true</editable>
          <description>Whether we should remove the program binaries and object files from the source code directory.</description>
        </parameter>
        <parameter>
          <name>cleanConfig</name>
          <type>boolean</type>
          <required>false</required>
          <editable>true</editable>
          <description>Whether we should remove the files that the configuration process generated.</description>
        </parameter>
        <parameter>
          <name>destDir</name>
          <type>java.lang.String</type>
          <required>true</required>
          <editable>true</editable>
          <description>The classic Make DEST_DIR parameter</description>
        </parameter>
        <parameter>
          <name>environment</name>
          <type>java.util.Properties</type>
          <required>false</required>
          <editable>true</editable>
          <description></description>
        </parameter>
        <parameter>
          <name>filesets</name>
          <type>java.util.List</type>
          <required>false</required>
          <editable>true</editable>
          <description>The list of filesets to delete, in addition to the default directories.</description>
        </parameter>
        <parameter>
          <name>localRepository</name>
          <type>org.apache.maven.artifact.repository.ArtifactRepository</type>
          <required>true</required>
          <editable>false</editable>
          <description></description>
        </parameter>
        <parameter>
          <name>makeWorkDir</name>
          <type>java.io.File</type>
          <required>false</required>
          <editable>true</editable>
          <description>The temporary working directory where the project is actually built.</description>
        </parameter>
        <parameter>
          <name>messageLevel</name>
          <type>java.lang.String</type>
          <required>false</required>
          <editable>true</editable>
          <description>The Ant messageLevel to use.</description>
        </parameter>
        <parameter>
          <name>project</name>
          <type>org.apache.maven.project.MavenProject</type>
          <required>true</required>
          <editable>false</editable>
          <description>MavenProject instance used to resolve property expressions from within Ant.</description>
        </parameter>
        <parameter>
          <name>remotePluginRepositories</name>
          <type>java.util.List</type>
          <required>true</required>
          <editable>false</editable>
          <description></description>
        </parameter>
        <parameter>
          <name>remoteRepositories</name>
          <type>java.util.List</type>
          <required>true</required>
          <editable>false</editable>
          <description></description>
        </parameter>
        <parameter>
          <name>session</name>
          <type>org.apache.maven.execution.MavenSession</type>
          <required>true</required>
          <editable>false</editable>
          <description></description>
        </parameter>
        <parameter>
          <name>verbose</name>
          <type>boolean</type>
          <required>false</required>
          <editable>true</editable>
          <description>Be verbose in the debug log-level?</description>
        </parameter>
        <parameter>
          <name>workDir</name>
          <type>java.io.File</type>
          <required>false</required>
          <editable>true</editable>
          <description>The temporary working directory where the project is actually built. By default, this is within the &apos;/target&apos; directory.</description>
        </parameter>
      </parameters>
      <configuration>
        <cleanBinaries implementation="boolean" default-value="true"/>
        <workDir implementation="java.io.File" default-value="${project.build.directory}/${project.artifactId}-${project.version}">${workDir}</workDir>
        <messageLevel implementation="java.lang.String" default-value="info">${messageLevel}</messageLevel>
        <cleanConfig implementation="boolean" default-value="false"/>
        <remoteRepositories implementation="java.util.List" default-value="${project.remoteArtifactRepositories}"/>
        <localRepository implementation="org.apache.maven.artifact.repository.ArtifactRepository" default-value="${localRepository}"/>
        <session implementation="org.apache.maven.execution.MavenSession" default-value="${session}"/>
        <remotePluginRepositories implementation="java.util.List" default-value="${project.pluginArtifactRepositories}"/>
        <verbose implementation="boolean" default-value="false"/>
        <project implementation="org.apache.maven.project.MavenProject" default-value="${project}"/>
        <artifacts implementation="java.util.Set">${project.artifacts}</artifacts>
      </configuration>
      <requirements>
        <requirement>
          <role>org.apache.maven.project.MavenProjectBuilder</role>
          <field-name>projectBuilder</field-name>
        </requirement>
        <requirement>
          <role>org.apache.maven.artifact.factory.ArtifactFactory</role>
          <field-name>artifactFactory</field-name>
        </requirement>
      </requirements>
    </mojo>
    <mojo>
      <goal>configure</goal>
      <description>Execute the configure (or similar) script to prepare the project directory for Make execution (or similar).</description>
      <requiresDependencyResolution>test</requiresDependencyResolution>
      <requiresDirectInvocation>false</requiresDirectInvocation>
      <requiresProject>true</requiresProject>
      <requiresReports>false</requiresReports>
      <aggregator>false</aggregator>
      <requiresOnline>false</requiresOnline>
      <inheritedByDefault>true</inheritedByDefault>
      <phase>process-sources</phase>
      <implementation>org.codehaus.mojo.make.ConfigExecMojo</implementation>
      <language>java</language>
      <instantiationStrategy>per-lookup</instantiationStrategy>
      <executionStrategy>once-per-session</executionStrategy>
      <parameters>
        <parameter>
          <name>artifacts</name>
          <type>java.util.Set</type>
          <required>true</required>
          <editable>false</editable>
          <description>The dependency artifacts of this project, for resolving @pathOf(..)@ expressions. These are of type org.apache.maven.artifact.Artifact, and are keyed by groupId:artifactId, using org.apache.maven.artifact.ArtifactUtils.versionlessKey(..) for consistent formatting.</description>
        </parameter>
        <parameter>
          <name>chmodConfigCommand</name>
          <alias>chmod.config</alias>
          <type>boolean</type>
          <required>false</required>
          <editable>true</editable>
          <description>Whether to set the Executable bit for the configure script on the filesystem.</description>
        </parameter>
        <parameter>
          <name>configCheckFile</name>
          <type>java.lang.String</type>
          <required>false</required>
          <editable>true</editable>
          <description>This is a file location checked before and after the configure execution, if specified. If the file is not touched during configuration, this mojo will fail.</description>
        </parameter>
        <parameter>
          <name>configCommand</name>
          <type>java.lang.String</type>
          <required>false</required>
          <editable>true</editable>
          <description>The command path. The default is &quot;./configure&quot; in the work directory.</description>
        </parameter>
        <parameter>
          <name>configOptions</name>
          <type>java.util.List</type>
          <required>false</required>
          <editable>true</editable>
          <description>The list of command-line arguments to the configuration script. An example might be: &lt;p/&gt; &quot;--with-ssl=/path/to/openssl&quot; &lt;p/&gt; NOTE: The expressions &quot;@destDir@&quot; and &quot;@pathOf(groupId:artifactId)@&quot; are available for use here. The first will substitute the value of the destDir parameter (described below) in place of the token, and the second will substitute the systemPath of the dependency referenced by groupId:artifactId for the expression. For example: &lt;p/&gt; &quot;--ssldir=@destDir@&quot; &quot;--with-ssl=@pathOf(org.openssl:openssl)@&quot;</description>
        </parameter>
        <parameter>
          <name>configWorkDir</name>
          <type>java.io.File</type>
          <required>false</required>
          <editable>true</editable>
          <description>The temporary working directory where the project is actually built. By default, this is within the &apos;/target&apos; directory.</description>
        </parameter>
        <parameter>
          <name>destDir</name>
          <type>java.lang.String</type>
          <required>true</required>
          <editable>true</editable>
          <description>The classic Make DEST_DIR parameter</description>
        </parameter>
        <parameter>
          <name>environment</name>
          <type>java.util.Properties</type>
          <required>false</required>
          <editable>true</editable>
          <description></description>
        </parameter>
        <parameter>
          <name>localRepository</name>
          <type>org.apache.maven.artifact.repository.ArtifactRepository</type>
          <required>true</required>
          <editable>false</editable>
          <description></description>
        </parameter>
        <parameter>
          <name>messageLevel</name>
          <type>java.lang.String</type>
          <required>false</required>
          <editable>true</editable>
          <description>The Ant messageLevel to use.</description>
        </parameter>
        <parameter>
          <name>prefix</name>
          <type>java.lang.String</type>
          <required>false</required>
          <editable>true</editable>
          <description>The configure prefix, to let the RPM harvester know how to build the dir structure.</description>
        </parameter>
        <parameter>
          <name>project</name>
          <type>org.apache.maven.project.MavenProject</type>
          <required>true</required>
          <editable>false</editable>
          <description>MavenProject instance used to resolve property expressions from within Ant.</description>
        </parameter>
        <parameter>
          <name>remotePluginRepositories</name>
          <type>java.util.List</type>
          <required>true</required>
          <editable>false</editable>
          <description></description>
        </parameter>
        <parameter>
          <name>remoteRepositories</name>
          <type>java.util.List</type>
          <required>true</required>
          <editable>false</editable>
          <description></description>
        </parameter>
        <parameter>
          <name>searchForConfigCommand</name>
          <type>boolean</type>
          <required>false</required>
          <editable>true</editable>
          <description>Whether the workDir and other locations should be searched for the configure executable.</description>
        </parameter>
        <parameter>
          <name>session</name>
          <type>org.apache.maven.execution.MavenSession</type>
          <required>true</required>
          <editable>false</editable>
          <description></description>
        </parameter>
        <parameter>
          <name>skipConfig</name>
          <alias>make.config.skip</alias>
          <type>boolean</type>
          <required>false</required>
          <editable>true</editable>
          <description>Whether we should skip the configuration step of the Make process for this project. This is merely a short-circuit mechanism, since this mojo will be included in a standard lifecycle mapping.</description>
        </parameter>
        <parameter>
          <name>workDir</name>
          <type>java.io.File</type>
          <required>false</required>
          <editable>true</editable>
          <description>The temporary working directory where the project is actually built. By default, this is within the &apos;/target&apos; directory.</description>
        </parameter>
      </parameters>
      <configuration>
        <workDir implementation="java.io.File" default-value="${project.build.directory}/${project.artifactId}-${project.version}">${workDir}</workDir>
        <messageLevel implementation="java.lang.String" default-value="info">${messageLevel}</messageLevel>
        <remoteRepositories implementation="java.util.List" default-value="${project.remoteArtifactRepositories}"/>
        <skipConfig implementation="boolean" default-value="false">${skipConfig}</skipConfig>
        <localRepository implementation="org.apache.maven.artifact.repository.ArtifactRepository" default-value="${localRepository}"/>
        <session implementation="org.apache.maven.execution.MavenSession" default-value="${session}"/>
        <remotePluginRepositories implementation="java.util.List" default-value="${project.pluginArtifactRepositories}"/>
        <project implementation="org.apache.maven.project.MavenProject" default-value="${project}"/>
        <configCommand implementation="java.lang.String" default-value="./configure"/>
        <searchForConfigCommand implementation="boolean" default-value="true"/>
        <artifacts implementation="java.util.Set">${project.artifacts}</artifacts>
      </configuration>
      <requirements>
        <requirement>
          <role>org.apache.maven.project.MavenProjectBuilder</role>
          <field-name>projectBuilder</field-name>
        </requirement>
        <requirement>
          <role>org.apache.maven.artifact.factory.ArtifactFactory</role>
          <field-name>artifactFactory</field-name>
        </requirement>
      </requirements>
    </mojo>
    <mojo>
      <goal>compile</goal>
      <description>Execute a Make-ish compile target to generate binaries from the project source.</description>
      <requiresDependencyResolution>test</requiresDependencyResolution>
      <requiresDirectInvocation>false</requiresDirectInvocation>
      <requiresProject>true</requiresProject>
      <requiresReports>false</requiresReports>
      <aggregator>false</aggregator>
      <requiresOnline>false</requiresOnline>
      <inheritedByDefault>true</inheritedByDefault>
      <phase>compile</phase>
      <implementation>org.codehaus.mojo.make.CompileExecMojo</implementation>
      <language>java</language>
      <instantiationStrategy>per-lookup</instantiationStrategy>
      <executionStrategy>once-per-session</executionStrategy>
      <parameters>
        <parameter>
          <name>artifacts</name>
          <type>java.util.Set</type>
          <required>true</required>
          <editable>false</editable>
          <description>The dependency artifacts of this project, for resolving @pathOf(..)@ expressions. These are of type org.apache.maven.artifact.Artifact, and are keyed by groupId:artifactId, using org.apache.maven.artifact.ArtifactUtils.versionlessKey(..) for consistent formatting.</description>
        </parameter>
        <parameter>
          <name>chmodCompileCommand</name>
          <alias>chmod.compile</alias>
          <type>boolean</type>
          <required>false</required>
          <editable>true</editable>
          <description>Whether to set the Executable bit for the compile command.</description>
        </parameter>
        <parameter>
          <name>compileCheckFile</name>
          <type>java.lang.String</type>
          <required>false</required>
          <editable>true</editable>
          <description>A check file that will be monitored to verify modification before allowing the compile execution to succeed. If empty, this option is not used.</description>
        </parameter>
        <parameter>
          <name>compileCommand</name>
          <type>java.lang.String</type>
          <required>false</required>
          <editable>true</editable>
          <description>The actual shell command to run in order to compile the sources; defaults to &apos;make&apos;.</description>
        </parameter>
        <parameter>
          <name>compileOptions</name>
          <type>java.util.List</type>
          <required>false</required>
          <editable>true</editable>
          <description>The list of command-line arguments to supply for the command invocation. No expressions are currently allowed here, beyond those resolved inside the pom.xml.</description>
        </parameter>
        <parameter>
          <name>compileTarget</name>
          <type>java.lang.String</type>
          <required>false</required>
          <editable>true</editable>
          <description>The Make target to execute. In many cases, this doesn&apos;t have to be supplied, since the default target commonly compiles the code.</description>
        </parameter>
        <parameter>
          <name>destDir</name>
          <type>java.lang.String</type>
          <required>true</required>
          <editable>true</editable>
          <description>The classic Make DEST_DIR parameter</description>
        </parameter>
        <parameter>
          <name>environment</name>
          <type>java.util.Properties</type>
          <required>false</required>
          <editable>true</editable>
          <description></description>
        </parameter>
        <parameter>
          <name>localRepository</name>
          <type>org.apache.maven.artifact.repository.ArtifactRepository</type>
          <required>true</required>
          <editable>false</editable>
          <description></description>
        </parameter>
        <parameter>
          <name>makeCompileWorkDir</name>
          <type>java.io.File</type>
          <required>false</required>
          <editable>true</editable>
          <description>The temporary working directory where the project is actually built. By default, this is within the &apos;/target&apos; directory.</description>
        </parameter>
        <parameter>
          <name>messageLevel</name>
          <type>java.lang.String</type>
          <required>false</required>
          <editable>true</editable>
          <description>The Ant messageLevel to use.</description>
        </parameter>
        <parameter>
          <name>project</name>
          <type>org.apache.maven.project.MavenProject</type>
          <required>true</required>
          <editable>false</editable>
          <description>MavenProject instance used to resolve property expressions from within Ant.</description>
        </parameter>
        <parameter>
          <name>remotePluginRepositories</name>
          <type>java.util.List</type>
          <required>true</required>
          <editable>false</editable>
          <description></description>
        </parameter>
        <parameter>
          <name>remoteRepositories</name>
          <type>java.util.List</type>
          <required>true</required>
          <editable>false</editable>
          <description></description>
        </parameter>
        <parameter>
          <name>session</name>
          <type>org.apache.maven.execution.MavenSession</type>
          <required>true</required>
          <editable>false</editable>
          <description></description>
        </parameter>
        <parameter>
          <name>skipCompile</name>
          <alias>make.compile.skip</alias>
          <type>boolean</type>
          <required>false</required>
          <editable>true</editable>
          <description>Whether we should skip the Make compile step for this project. This is merely a short-circuit mechanism, since this mojo will be included in a standard lifecycle mapping.</description>
        </parameter>
        <parameter>
          <name>workDir</name>
          <type>java.io.File</type>
          <required>false</required>
          <editable>true</editable>
          <description>The temporary working directory where the project is actually built. By default, this is within the &apos;/target&apos; directory.</description>
        </parameter>
      </parameters>
      <configuration>
        <workDir implementation="java.io.File" default-value="${project.build.directory}/${project.artifactId}-${project.version}">${workDir}</workDir>
        <messageLevel implementation="java.lang.String" default-value="info">${messageLevel}</messageLevel>
        <remoteRepositories implementation="java.util.List" default-value="${project.remoteArtifactRepositories}"/>
        <skipCompile implementation="boolean" default-value="false">${skipCompile}</skipCompile>
        <localRepository implementation="org.apache.maven.artifact.repository.ArtifactRepository" default-value="${localRepository}"/>
        <session implementation="org.apache.maven.execution.MavenSession" default-value="${session}"/>
        <remotePluginRepositories implementation="java.util.List" default-value="${project.pluginArtifactRepositories}"/>
        <project implementation="org.apache.maven.project.MavenProject" default-value="${project}"/>
        <artifacts implementation="java.util.Set">${project.artifacts}</artifacts>
      </configuration>
      <requirements>
        <requirement>
          <role>org.apache.maven.project.MavenProjectBuilder</role>
          <field-name>projectBuilder</field-name>
        </requirement>
        <requirement>
          <role>org.apache.maven.artifact.factory.ArtifactFactory</role>
          <field-name>artifactFactory</field-name>
        </requirement>
      </requirements>
    </mojo>
    <mojo>
      <goal>test</goal>
      <description>Execute a Make (or similar) target to test the compiled binary.</description>
      <requiresDependencyResolution>test</requiresDependencyResolution>
      <requiresDirectInvocation>false</requiresDirectInvocation>
      <requiresProject>true</requiresProject>
      <requiresReports>false</requiresReports>
      <aggregator>false</aggregator>
      <requiresOnline>false</requiresOnline>
      <inheritedByDefault>true</inheritedByDefault>
      <phase>test</phase>
      <implementation>org.codehaus.mojo.make.TestExecMojo</implementation>
      <language>java</language>
      <instantiationStrategy>per-lookup</instantiationStrategy>
      <executionStrategy>once-per-session</executionStrategy>
      <parameters>
        <parameter>
          <name>artifacts</name>
          <type>java.util.Set</type>
          <required>true</required>
          <editable>false</editable>
          <description>The dependency artifacts of this project, for resolving @pathOf(..)@ expressions. These are of type org.apache.maven.artifact.Artifact, and are keyed by groupId:artifactId, using org.apache.maven.artifact.ArtifactUtils.versionlessKey(..) for consistent formatting.</description>
        </parameter>
        <parameter>
          <name>chmodTestCommand</name>
          <alias>chmod.test</alias>
          <type>boolean</type>
          <required>false</required>
          <editable>true</editable>
          <description>Whether to set the Executable bit for the test command.</description>
        </parameter>
        <parameter>
          <name>destDir</name>
          <type>java.lang.String</type>
          <required>true</required>
          <editable>true</editable>
          <description>The classic Make DEST_DIR parameter</description>
        </parameter>
        <parameter>
          <name>environment</name>
          <type>java.util.Properties</type>
          <required>false</required>
          <editable>true</editable>
          <description></description>
        </parameter>
        <parameter>
          <name>ignoreTestFailures</name>
          <type>boolean</type>
          <required>false</required>
          <editable>true</editable>
          <description>Whether we should prevent the test mojo from failing if there are test failures.</description>
        </parameter>
        <parameter>
          <name>localRepository</name>
          <type>org.apache.maven.artifact.repository.ArtifactRepository</type>
          <required>true</required>
          <editable>false</editable>
          <description></description>
        </parameter>
        <parameter>
          <name>makeTestWorkDir</name>
          <type>java.io.File</type>
          <required>false</required>
          <editable>true</editable>
          <description>The temporary working directory where the project is actually built. By default, this is within the &apos;/target&apos; directory.</description>
        </parameter>
        <parameter>
          <name>messageLevel</name>
          <type>java.lang.String</type>
          <required>false</required>
          <editable>true</editable>
          <description>The Ant messageLevel to use.</description>
        </parameter>
        <parameter>
          <name>project</name>
          <type>org.apache.maven.project.MavenProject</type>
          <required>true</required>
          <editable>false</editable>
          <description>MavenProject instance used to resolve property expressions from within Ant.</description>
        </parameter>
        <parameter>
          <name>remotePluginRepositories</name>
          <type>java.util.List</type>
          <required>true</required>
          <editable>false</editable>
          <description></description>
        </parameter>
        <parameter>
          <name>remoteRepositories</name>
          <type>java.util.List</type>
          <required>true</required>
          <editable>false</editable>
          <description></description>
        </parameter>
        <parameter>
          <name>session</name>
          <type>org.apache.maven.execution.MavenSession</type>
          <required>true</required>
          <editable>false</editable>
          <description></description>
        </parameter>
        <parameter>
          <name>skipTest</name>
          <alias>maven.test.skip</alias>
          <type>boolean</type>
          <required>false</required>
          <editable>true</editable>
          <description>Whether we should skip testing this project. This is merely a short-circuit mechanism, since this mojo will be included in a standard lifecycle mapping.</description>
        </parameter>
        <parameter>
          <name>testCheckFile</name>
          <type>java.lang.String</type>
          <required>false</required>
          <editable>true</editable>
          <description>A file which should be modified during the tests...if this is set and not updated, the mojo will fail.</description>
        </parameter>
        <parameter>
          <name>testCommand</name>
          <type>java.lang.String</type>
          <required>false</required>
          <editable>true</editable>
          <description>The command we should invoke to run the tests.</description>
        </parameter>
        <parameter>
          <name>testOptions</name>
          <type>java.util.List</type>
          <required>false</required>
          <editable>true</editable>
          <description>Command-line options for use in the test command invocation. No expressions are currently supported here, other than those resolved inside the pom.xml.</description>
        </parameter>
        <parameter>
          <name>testTarget</name>
          <type>java.lang.String</type>
          <required>false</required>
          <editable>true</editable>
          <description>The Make test target to execute.</description>
        </parameter>
        <parameter>
          <name>workDir</name>
          <type>java.io.File</type>
          <required>false</required>
          <editable>true</editable>
          <description>The temporary working directory where the project is actually built. By default, this is within the &apos;/target&apos; directory.</description>
        </parameter>
      </parameters>
      <configuration>
        <workDir implementation="java.io.File" default-value="${project.build.directory}/${project.artifactId}-${project.version}">${workDir}</workDir>
        <messageLevel implementation="java.lang.String" default-value="info">${messageLevel}</messageLevel>
        <remoteRepositories implementation="java.util.List" default-value="${project.remoteArtifactRepositories}"/>
        <localRepository implementation="org.apache.maven.artifact.repository.ArtifactRepository" default-value="${localRepository}"/>
        <session implementation="org.apache.maven.execution.MavenSession" default-value="${session}"/>
        <remotePluginRepositories implementation="java.util.List" default-value="${project.pluginArtifactRepositories}"/>
        <project implementation="org.apache.maven.project.MavenProject" default-value="${project}"/>
        <skipTest implementation="boolean" default-value="false">${skipTest}</skipTest>
        <artifacts implementation="java.util.Set">${project.artifacts}</artifacts>
      </configuration>
      <requirements>
        <requirement>
          <role>org.apache.maven.project.MavenProjectBuilder</role>
          <field-name>projectBuilder</field-name>
        </requirement>
        <requirement>
          <role>org.apache.maven.artifact.factory.ArtifactFactory</role>
          <field-name>artifactFactory</field-name>
        </requirement>
      </requirements>
    </mojo>
    <mojo>
      <goal>validate-pom</goal>
      <description>Validate that the required project property &apos;prefix&apos; is available in the current project before allowing it to continue. This property is required to allow @pathOf(..)@ style references work, as in the make plugin&apos;s mojos.</description>
      <requiresDirectInvocation>false</requiresDirectInvocation>
      <requiresProject>true</requiresProject>
      <requiresReports>false</requiresReports>
      <aggregator>false</aggregator>
      <requiresOnline>false</requiresOnline>
      <inheritedByDefault>true</inheritedByDefault>
      <phase>validate</phase>
      <implementation>org.codehaus.mojo.make.CheckInstallPrefixMojo</implementation>
      <language>java</language>
      <instantiationStrategy>per-lookup</instantiationStrategy>
      <executionStrategy>once-per-session</executionStrategy>
      <parameters>
        <parameter>
          <name>project</name>
          <type>org.apache.maven.project.MavenProject</type>
          <required>true</required>
          <editable>false</editable>
          <description>Project instance to validate before building the RPM.</description>
        </parameter>
      </parameters>
      <configuration>
        <project implementation="org.apache.maven.project.MavenProject" default-value="${project}"/>
      </configuration>
    </mojo>
    <mojo>
      <goal>make-dist</goal>
      <description></description>
      <requiresDirectInvocation>false</requiresDirectInvocation>
      <requiresProject>true</requiresProject>
      <requiresReports>false</requiresReports>
      <aggregator>false</aggregator>
      <requiresOnline>false</requiresOnline>
      <inheritedByDefault>true</inheritedByDefault>
      <implementation>org.codehaus.mojo.make.MakeDistExecMojo</implementation>
      <language>java</language>
      <instantiationStrategy>per-lookup</instantiationStrategy>
      <executionStrategy>once-per-session</executionStrategy>
      <parameters>
        <parameter>
          <name>artifacts</name>
          <type>java.util.Set</type>
          <required>true</required>
          <editable>false</editable>
          <description>The dependency artifacts of this project, for resolving @pathOf(..)@ expressions. These are of type org.apache.maven.artifact.Artifact, and are keyed by groupId:artifactId, using org.apache.maven.artifact.ArtifactUtils.versionlessKey(..) for consistent formatting.</description>
        </parameter>
        <parameter>
          <name>command</name>
          <type>java.lang.String</type>
          <required>false</required>
          <editable>true</editable>
          <description>The command to execute the &apos;make&apos; program.</description>
        </parameter>
        <parameter>
          <name>destDir</name>
          <type>java.lang.String</type>
          <required>true</required>
          <editable>true</editable>
          <description>The classic Make DEST_DIR parameter</description>
        </parameter>
        <parameter>
          <name>environment</name>
          <type>java.util.Properties</type>
          <required>false</required>
          <editable>true</editable>
          <description></description>
        </parameter>
        <parameter>
          <name>localRepository</name>
          <type>org.apache.maven.artifact.repository.ArtifactRepository</type>
          <required>true</required>
          <editable>false</editable>
          <description></description>
        </parameter>
        <parameter>
          <name>messageLevel</name>
          <type>java.lang.String</type>
          <required>false</required>
          <editable>true</editable>
          <description>The Ant messageLevel to use.</description>
        </parameter>
        <parameter>
          <name>options</name>
          <type>java.util.List</type>
          <required>false</required>
          <editable>true</editable>
          <description>Commandline options for the execution of make.</description>
        </parameter>
        <parameter>
          <name>project</name>
          <type>org.apache.maven.project.MavenProject</type>
          <required>true</required>
          <editable>false</editable>
          <description>MavenProject instance used to resolve property expressions from within Ant.</description>
        </parameter>
        <parameter>
          <name>remotePluginRepositories</name>
          <type>java.util.List</type>
          <required>true</required>
          <editable>false</editable>
          <description></description>
        </parameter>
        <parameter>
          <name>remoteRepositories</name>
          <type>java.util.List</type>
          <required>true</required>
          <editable>false</editable>
          <description></description>
        </parameter>
        <parameter>
          <name>session</name>
          <type>org.apache.maven.execution.MavenSession</type>
          <required>true</required>
          <editable>false</editable>
          <description></description>
        </parameter>
        <parameter>
          <name>skip</name>
          <type>boolean</type>
          <required>false</required>
          <editable>true</editable>
          <description>Set this parameter to skip this goal.</description>
        </parameter>
        <parameter>
          <name>sourceArchive</name>
          <type>java.lang.String</type>
          <required>false</required>
          <editable>true</editable>
          <description></description>
        </parameter>
        <parameter>
          <name>sourceArchivePath</name>
          <type>java.lang.String</type>
          <required>false</required>
          <editable>true</editable>
          <description></description>
        </parameter>
        <parameter>
          <name>target</name>
          <type>java.lang.String</type>
          <required>false</required>
          <editable>true</editable>
          <description>The make target to execute.</description>
        </parameter>
        <parameter>
          <name>workDir</name>
          <type>java.io.File</type>
          <required>false</required>
          <editable>true</editable>
          <description>The temporary working directory where the project is actually built. By default, this is within the &apos;/target&apos; directory.</description>
        </parameter>
      </parameters>
      <configuration>
        <localRepository implementation="org.apache.maven.artifact.repository.ArtifactRepository" default-value="${localRepository}"/>
        <target implementation="java.lang.String" default-value="dist">${target}</target>
        <remotePluginRepositories implementation="java.util.List" default-value="${project.pluginArtifactRepositories}"/>
        <session implementation="org.apache.maven.execution.MavenSession" default-value="${session}"/>
        <sourceArchive implementation="java.lang.String" default-value="${project.artifactId}-${project.version}.tar.gz">${sourceArchive}</sourceArchive>
        <command implementation="java.lang.String" default-value="make">${command}</command>
        <workDir implementation="java.io.File" default-value="${project.build.directory}/${project.artifactId}-${project.version}">${workDir}</workDir>
        <messageLevel implementation="java.lang.String" default-value="info">${messageLevel}</messageLevel>
        <skip implementation="boolean" default-value="false">${skip}</skip>
        <remoteRepositories implementation="java.util.List" default-value="${project.remoteArtifactRepositories}"/>
        <project implementation="org.apache.maven.project.MavenProject" default-value="${project}"/>
        <sourceArchivePath implementation="java.lang.String" default-value="${basedir}/src/main/project">${sourceArchivePath}</sourceArchivePath>
        <artifacts implementation="java.util.Set">${project.artifacts}</artifacts>
      </configuration>
      <requirements>
        <requirement>
          <role>org.apache.maven.project.MavenProjectHelper</role>
          <field-name>projectHelper</field-name>
        </requirement>
        <requirement>
          <role>org.apache.maven.project.MavenProjectBuilder</role>
          <field-name>projectBuilder</field-name>
        </requirement>
        <requirement>
          <role>org.apache.maven.artifact.factory.ArtifactFactory</role>
          <field-name>artifactFactory</field-name>
        </requirement>
      </requirements>
    </mojo>
    <mojo>
      <goal>make-install</goal>
      <description>Execute a Make-ish install target to assemble the compiled binaries into a temporary destination directory (work dir) for harvesting by a packager of some sort (like RPM).</description>
      <requiresDependencyResolution>test</requiresDependencyResolution>
      <requiresDirectInvocation>false</requiresDirectInvocation>
      <requiresProject>true</requiresProject>
      <requiresReports>false</requiresReports>
      <aggregator>false</aggregator>
      <requiresOnline>false</requiresOnline>
      <inheritedByDefault>true</inheritedByDefault>
      <phase>package</phase>
      <implementation>org.codehaus.mojo.make.MakeInstallExecMojo</implementation>
      <language>java</language>
      <instantiationStrategy>per-lookup</instantiationStrategy>
      <executionStrategy>once-per-session</executionStrategy>
      <parameters>
        <parameter>
          <name>artifacts</name>
          <type>java.util.Set</type>
          <required>true</required>
          <editable>false</editable>
          <description>The dependency artifacts of this project, for resolving @pathOf(..)@ expressions. These are of type org.apache.maven.artifact.Artifact, and are keyed by groupId:artifactId, using org.apache.maven.artifact.ArtifactUtils.versionlessKey(..) for consistent formatting.</description>
        </parameter>
        <parameter>
          <name>chmodInstallCommand</name>
          <alias>chmod.install</alias>
          <type>boolean</type>
          <required>false</required>
          <editable>true</editable>
          <description>Whether to set the Executable bit for the install command.</description>
        </parameter>
        <parameter>
          <name>destDir</name>
          <type>java.lang.String</type>
          <required>true</required>
          <editable>true</editable>
          <description>The classic Make DEST_DIR parameter</description>
        </parameter>
        <parameter>
          <name>environment</name>
          <type>java.util.Properties</type>
          <required>false</required>
          <editable>true</editable>
          <description></description>
        </parameter>
        <parameter>
          <name>installCheckFile</name>
          <type>java.lang.String</type>
          <required>false</required>
          <editable>true</editable>
          <description>An optional check file to monitor before and after the installation process. If this file is specified and is not changed during installation to the work directory, the mojo fails.</description>
        </parameter>
        <parameter>
          <name>installCommand</name>
          <type>java.lang.String</type>
          <required>false</required>
          <editable>true</editable>
          <description>Shell command used to install the project binaries into the work directory.</description>
        </parameter>
        <parameter>
          <name>installOptions</name>
          <type>java.util.List</type>
          <required>false</required>
          <editable>true</editable>
          <description>Command-line options used in the install command invocation. No expressions are supported here, other than those resolved wihtin the pom.xml.</description>
        </parameter>
        <parameter>
          <name>installTarget</name>
          <type>java.lang.String</type>
          <required>false</required>
          <editable>true</editable>
          <description>The Make target which should be executed; default is &apos;install&apos;</description>
        </parameter>
        <parameter>
          <name>localRepository</name>
          <type>org.apache.maven.artifact.repository.ArtifactRepository</type>
          <required>true</required>
          <editable>false</editable>
          <description></description>
        </parameter>
        <parameter>
          <name>makeInstallWorkDir</name>
          <type>java.io.File</type>
          <required>false</required>
          <editable>true</editable>
          <description>The temporary working directory where the project is actually built. By default, this is within the &apos;/target&apos; directory.</description>
        </parameter>
        <parameter>
          <name>messageLevel</name>
          <type>java.lang.String</type>
          <required>false</required>
          <editable>true</editable>
          <description>The Ant messageLevel to use.</description>
        </parameter>
        <parameter>
          <name>project</name>
          <type>org.apache.maven.project.MavenProject</type>
          <required>true</required>
          <editable>false</editable>
          <description>MavenProject instance used to resolve property expressions from within Ant.</description>
        </parameter>
        <parameter>
          <name>remotePluginRepositories</name>
          <type>java.util.List</type>
          <required>true</required>
          <editable>false</editable>
          <description></description>
        </parameter>
        <parameter>
          <name>remoteRepositories</name>
          <type>java.util.List</type>
          <required>true</required>
          <editable>false</editable>
          <description></description>
        </parameter>
        <parameter>
          <name>session</name>
          <type>org.apache.maven.execution.MavenSession</type>
          <required>true</required>
          <editable>false</editable>
          <description></description>
        </parameter>
        <parameter>
          <name>skipInstall</name>
          <alias>make.install.skip</alias>
          <type>boolean</type>
          <required>false</required>
          <editable>true</editable>
          <description>Whether we should skip the install target of the Make process for this project. This is merely a short-circuit mechanism, since this mojo will be included in a standard lifecycle mapping.</description>
        </parameter>
        <parameter>
          <name>workDir</name>
          <type>java.io.File</type>
          <required>false</required>
          <editable>true</editable>
          <description>The temporary working directory where the project is actually built. By default, this is within the &apos;/target&apos; directory.</description>
        </parameter>
      </parameters>
      <configuration>
        <skipInstall implementation="boolean" default-value="false">${skipInstall}</skipInstall>
        <workDir implementation="java.io.File" default-value="${project.build.directory}/${project.artifactId}-${project.version}">${workDir}</workDir>
        <messageLevel implementation="java.lang.String" default-value="info">${messageLevel}</messageLevel>
        <remoteRepositories implementation="java.util.List" default-value="${project.remoteArtifactRepositories}"/>
        <localRepository implementation="org.apache.maven.artifact.repository.ArtifactRepository" default-value="${localRepository}"/>
        <session implementation="org.apache.maven.execution.MavenSession" default-value="${session}"/>
        <remotePluginRepositories implementation="java.util.List" default-value="${project.pluginArtifactRepositories}"/>
        <project implementation="org.apache.maven.project.MavenProject" default-value="${project}"/>
        <artifacts implementation="java.util.Set">${project.artifacts}</artifacts>
      </configuration>
      <requirements>
        <requirement>
          <role>org.apache.maven.project.MavenProjectBuilder</role>
          <field-name>projectBuilder</field-name>
        </requirement>
        <requirement>
          <role>org.apache.maven.artifact.factory.ArtifactFactory</role>
          <field-name>artifactFactory</field-name>
        </requirement>
      </requirements>
    </mojo>
  </mojos>
  <dependencies/>
</plugin>