<plugin>
  <description></description>
  <groupId>org.codehaus.mojo</groupId>
  <artifactId>minijar-maven-plugin</artifactId>
  <version>1.0-alpha-2</version>
  <goalPrefix>minijar</goalPrefix>
  <isolatedRealm>false</isolatedRealm>
  <inheritedByDefault>true</inheritedByDefault>
  <mojos>
    <mojo>
      <goal>minijars</goal>
      <description>Creates stripped down versions of the dependencies.</description>
      <requiresDependencyResolution>compile</requiresDependencyResolution>
      <requiresDirectInvocation>false</requiresDirectInvocation>
      <requiresProject>true</requiresProject>
      <requiresReports>false</requiresReports>
      <aggregator>false</aggregator>
      <requiresOnline>false</requiresOnline>
      <inheritedByDefault>true</inheritedByDefault>
      <executePhase>package</executePhase>
      <implementation>org.codehaus.mojo.minijar.MiniJarsMojo</implementation>
      <language>java</language>
      <instantiationStrategy>per-lookup</instantiationStrategy>
      <executionStrategy>once-per-session</executionStrategy>
      <parameters>
        <parameter>
          <name>buildDirectory</name>
          <type>java.io.File</type>
          <required>true</required>
          <editable>false</editable>
          <description></description>
        </parameter>
        <parameter>
          <name>createUeberJar</name>
          <type>boolean</type>
          <required>false</required>
          <editable>false</editable>
          <description></description>
        </parameter>
        <parameter>
          <name>project</name>
          <type>org.apache.maven.project.MavenProject</type>
          <required>true</required>
          <editable>false</editable>
          <description></description>
        </parameter>
      </parameters>
      <configuration>
        <buildDirectory implementation="java.io.File">${project.build.directory}</buildDirectory>
        <createUeberJar implementation="boolean" default-value="true">${createUeberJar}</createUeberJar>
        <project implementation="org.apache.maven.project.MavenProject">${project}</project>
      </configuration>
    </mojo>
    <mojo>
      <goal>ueberjar</goal>
      <description>Creates an ueberjar including all dependencies into one jar.</description>
      <requiresDependencyResolution>compile</requiresDependencyResolution>
      <requiresDirectInvocation>false</requiresDirectInvocation>
      <requiresProject>true</requiresProject>
      <requiresReports>false</requiresReports>
      <aggregator>false</aggregator>
      <requiresOnline>false</requiresOnline>
      <inheritedByDefault>true</inheritedByDefault>
      <implementation>org.codehaus.mojo.minijar.UeberJarMojo</implementation>
      <language>java</language>
      <instantiationStrategy>per-lookup</instantiationStrategy>
      <executionStrategy>once-per-session</executionStrategy>
      <parameters>
        <parameter>
          <name>buildDirectory</name>
          <type>java.io.File</type>
          <required>true</required>
          <editable>false</editable>
          <description></description>
        </parameter>
        <parameter>
          <name>createUeberJar</name>
          <type>boolean</type>
          <required>false</required>
          <editable>false</editable>
          <description></description>
        </parameter>
        <parameter>
          <name>dependenciesToHide</name>
          <type>java.util.ArrayList</type>
          <required>false</required>
          <editable>true</editable>
          <description></description>
        </parameter>
        <parameter>
          <name>excludes</name>
          <type>java.util.ArrayList</type>
          <required>false</required>
          <editable>true</editable>
          <description></description>
        </parameter>
        <parameter>
          <name>hiddenPackageName</name>
          <type>java.lang.String</type>
          <required>false</required>
          <editable>false</editable>
          <description></description>
        </parameter>
        <parameter>
          <name>includeArtifact</name>
          <type>boolean</type>
          <required>false</required>
          <editable>false</editable>
          <description></description>
        </parameter>
        <parameter>
          <name>project</name>
          <type>org.apache.maven.project.MavenProject</type>
          <required>true</required>
          <editable>false</editable>
          <description></description>
        </parameter>
        <parameter>
          <name>renameClasses</name>
          <type>boolean</type>
          <required>false</required>
          <editable>false</editable>
          <description></description>
        </parameter>
        <parameter>
          <name>stripUnusedClasses</name>
          <type>boolean</type>
          <required>false</required>
          <editable>true</editable>
          <description></description>
        </parameter>
      </parameters>
      <configuration>
        <renameClasses implementation="boolean" default-value="true">${renameClasses}</renameClasses>
        <buildDirectory implementation="java.io.File">${project.build.directory}</buildDirectory>
        <createUeberJar implementation="boolean" default-value="true">${createUeberJar}</createUeberJar>
        <includeArtifact implementation="boolean" default-value="true">${includeArtifact}</includeArtifact>
        <project implementation="org.apache.maven.project.MavenProject">${project}</project>
        <hiddenPackageName implementation="java.lang.String" default-value="hidden">${hiddenPackageName}</hiddenPackageName>
        <stripUnusedClasses implementation="boolean" default-value="true">${stripUnusedClasses}</stripUnusedClasses>
      </configuration>
      <requirements>
        <requirement>
          <role>org.apache.maven.project.MavenProjectHelper</role>
          <field-name>projectHelper</field-name>
        </requirement>
      </requirements>
    </mojo>
  </mojos>
  <dependencies/>
</plugin>