<plugin>
  <description></description>
  <groupId>org.codehaus.mojo</groupId>
  <artifactId>minijar-maven-plugin</artifactId>
  <version>1.0-alpha-3</version>
  <goalPrefix>minijar</goalPrefix>
  <isolatedRealm>false</isolatedRealm>
  <inheritedByDefault>true</inheritedByDefault>
  <mojos>
    <mojo>
      <goal>minijars</goal>
      <description>Creates stripped down versions of the dependencies.</description>
      <requiresDependencyResolution>compile</requiresDependencyResolution>
      <requiresDirectInvocation>false</requiresDirectInvocation>
      <requiresProject>true</requiresProject>
      <requiresReports>false</requiresReports>
      <aggregator>false</aggregator>
      <requiresOnline>false</requiresOnline>
      <inheritedByDefault>true</inheritedByDefault>
      <executePhase>package</executePhase>
      <implementation>org.codehaus.mojo.minijar.MiniJarsMojo</implementation>
      <language>java</language>
      <instantiationStrategy>per-lookup</instantiationStrategy>
      <executionStrategy>once-per-session</executionStrategy>
      <parameters>
        <parameter>
          <name>buildDirectory</name>
          <type>java.io.File</type>
          <required>true</required>
          <editable>false</editable>
          <description></description>
        </parameter>
        <parameter>
          <name>excludeDependencies</name>
          <type>java.util.HashSet</type>
          <required>false</required>
          <editable>true</editable>
          <description>If provided the default is to include all dependencies
but remove the ones specified. This parameter is mutual
exclusive to includeDependencies.</description>
        </parameter>
        <parameter>
          <name>excludeDependenciesInRelocation</name>
          <type>java.util.HashSet</type>
          <required>false</required>
          <editable>true</editable>
          <description>If provided the default is to relocate all dependencies
but exclude the ones specified. This parameter is mutual
exclusive to includeDependenciesInRelocation.</description>
        </parameter>
        <parameter>
          <name>includeDependencies</name>
          <type>java.util.HashSet</type>
          <required>false</required>
          <editable>true</editable>
          <description>If provided the default is to include no dependencies
but the ones specified. This parameter is mutual
exclusive to excludeDependencies.</description>
        </parameter>
        <parameter>
          <name>includeDependenciesInRelocation</name>
          <type>java.util.HashSet</type>
          <required>false</required>
          <editable>true</editable>
          <description>If provided the default is to relocate no dependencies
but the ones specified. This parameter is mutual
exclusive to excludeDependenciesInRelocation.</description>
        </parameter>
        <parameter>
          <name>keepUnusedClasses</name>
          <type>java.util.HashSet</type>
          <required>false</required>
          <editable>true</editable>
          <description>Explicitly mark classes matching the given patterns to be
kept - no matter whether the analysis of minijar suggests
otherwise.</description>
        </parameter>
        <parameter>
          <name>keepUnusedClassesFromArtifacts</name>
          <type>java.util.HashSet</type>
          <required>false</required>
          <editable>true</editable>
          <description>Explicitly mark all classes from the specified artifacts to be
kept - no matter whether the analysis of minijar would suggest
to remove (some of) them.</description>
        </parameter>
        <parameter>
          <name>name</name>
          <type>java.lang.String</type>
          <required>false</required>
          <editable>true</editable>
          <description>Defines the pattern of the name of final ueber jar.
Possible substitutions are [artifactId] [version] and [groupId].</description>
        </parameter>
        <parameter>
          <name>project</name>
          <type>org.apache.maven.project.MavenProject</type>
          <required>true</required>
          <editable>false</editable>
          <description></description>
        </parameter>
        <parameter>
          <name>stripUnusedClasses</name>
          <type>boolean</type>
          <required>false</required>
          <editable>true</editable>
          <description>By default minijar will analyse the class dependencies and remove
classes that are not required for the execution of the project.
See the &quot;keep..&quot; parameters to explicitly override the behaviour
for classes or resource that only loaded via reflection or set
this parameter to false to turn off the magic.</description>
        </parameter>
      </parameters>
      <configuration>
        <keepUnusedClassesFromArtifacts implementation="java.util.HashSet">${keepUnusedClassesFromArtifacts}</keepUnusedClassesFromArtifacts>
        <buildDirectory implementation="java.io.File">${project.build.directory}</buildDirectory>
        <includeDependencies implementation="java.util.HashSet">${includeDependencies}</includeDependencies>
        <project implementation="org.apache.maven.project.MavenProject">${project}</project>
        <includeDependenciesInRelocation implementation="java.util.HashSet">${includeDependenciesInRelocation}</includeDependenciesInRelocation>
        <excludeDependenciesInRelocation implementation="java.util.HashSet">${excludeDependenciesInRelocation}</excludeDependenciesInRelocation>
        <name implementation="java.lang.String" default-value="[artifactId]-[version]-mini.jar">${name}</name>
        <excludeDependencies implementation="java.util.HashSet">${excludeDependencies}</excludeDependencies>
        <keepUnusedClasses implementation="java.util.HashSet">${keepUnusedClasses}</keepUnusedClasses>
        <stripUnusedClasses implementation="boolean" default-value="true">${stripUnusedClasses}</stripUnusedClasses>
      </configuration>
    </mojo>
    <mojo>
      <goal>ueberjar</goal>
      <description>Creates an ueberjar including all dependencies into one jar.</description>
      <requiresDependencyResolution>compile</requiresDependencyResolution>
      <requiresDirectInvocation>false</requiresDirectInvocation>
      <requiresProject>true</requiresProject>
      <requiresReports>false</requiresReports>
      <aggregator>false</aggregator>
      <requiresOnline>false</requiresOnline>
      <inheritedByDefault>true</inheritedByDefault>
      <executePhase>package</executePhase>
      <implementation>org.codehaus.mojo.minijar.UeberJarMojo</implementation>
      <language>java</language>
      <instantiationStrategy>per-lookup</instantiationStrategy>
      <executionStrategy>once-per-session</executionStrategy>
      <parameters>
        <parameter>
          <name>buildDirectory</name>
          <type>java.io.File</type>
          <required>true</required>
          <editable>false</editable>
          <description></description>
        </parameter>
        <parameter>
          <name>excludeDependencies</name>
          <type>java.util.HashSet</type>
          <required>false</required>
          <editable>true</editable>
          <description>If provided the default is to include all dependencies
but remove the ones specified. This parameter is mutual
exclusive to includeDependencies.</description>
        </parameter>
        <parameter>
          <name>excludeDependenciesInRelocation</name>
          <type>java.util.HashSet</type>
          <required>false</required>
          <editable>true</editable>
          <description>If provided the default is to relocate all dependencies
but exclude the ones specified. This parameter is mutual
exclusive to includeDependenciesInRelocation.</description>
        </parameter>
        <parameter>
          <name>includeArtifact</name>
          <type>boolean</type>
          <required>false</required>
          <editable>true</editable>
          <description>Defines whether the original artifact should be include so that
the ueberjar is basically self contained. If set to false the
ueberjar will only include the dependencies of the project.</description>
        </parameter>
        <parameter>
          <name>includeDependencies</name>
          <type>java.util.HashSet</type>
          <required>false</required>
          <editable>true</editable>
          <description>If provided the default is to include no dependencies
but the ones specified. This parameter is mutual
exclusive to excludeDependencies.</description>
        </parameter>
        <parameter>
          <name>includeDependenciesInRelocation</name>
          <type>java.util.HashSet</type>
          <required>false</required>
          <editable>true</editable>
          <description>If provided the default is to relocate no dependencies
but the ones specified. This parameter is mutual
exclusive to excludeDependenciesInRelocation.</description>
        </parameter>
        <parameter>
          <name>keepUnusedClasses</name>
          <type>java.util.HashSet</type>
          <required>false</required>
          <editable>true</editable>
          <description>Explicitly mark classes matching the given patterns to be
kept - no matter whether the analysis of minijar suggests
otherwise.</description>
        </parameter>
        <parameter>
          <name>keepUnusedClassesFromArtifacts</name>
          <type>java.util.HashSet</type>
          <required>false</required>
          <editable>true</editable>
          <description>Explicitly mark all classes from the specified artifacts to be
kept - no matter whether the analysis of minijar would suggest
to remove (some of) them.</description>
        </parameter>
        <parameter>
          <name>name</name>
          <type>java.lang.String</type>
          <required>false</required>
          <editable>true</editable>
          <description>Defines the pattern of the name of final ueber jar.
Possible substitutions are [artifactId] [version] and [groupId].</description>
        </parameter>
        <parameter>
          <name>project</name>
          <type>org.apache.maven.project.MavenProject</type>
          <required>true</required>
          <editable>false</editable>
          <description></description>
        </parameter>
        <parameter>
          <name>replaceArtifact</name>
          <type>boolean</type>
          <required>false</required>
          <editable>true</editable>
          <description>By default the new ueberjar gets attached as an additional
artifact. If you want to replace the orignal artifact set
this to true.</description>
        </parameter>
        <parameter>
          <name>stripUnusedClasses</name>
          <type>boolean</type>
          <required>false</required>
          <editable>true</editable>
          <description>By default minijar will analyse the class dependencies and remove
classes that are not required for the execution of the project.
See the &quot;keep..&quot; parameters to explicitly override the behaviour
for classes or resource that only loaded via reflection or set
this parameter to false to turn off the magic.</description>
        </parameter>
      </parameters>
      <configuration>
        <keepUnusedClassesFromArtifacts implementation="java.util.HashSet">${keepUnusedClassesFromArtifacts}</keepUnusedClassesFromArtifacts>
        <buildDirectory implementation="java.io.File">${project.build.directory}</buildDirectory>
        <includeDependencies implementation="java.util.HashSet">${includeDependencies}</includeDependencies>
        <replaceArtifact implementation="boolean" default-value="false">${replaceArtifact}</replaceArtifact>
        <includeArtifact implementation="boolean" default-value="true">${includeArtifact}</includeArtifact>
        <project implementation="org.apache.maven.project.MavenProject">${project}</project>
        <includeDependenciesInRelocation implementation="java.util.HashSet">${includeDependenciesInRelocation}</includeDependenciesInRelocation>
        <excludeDependenciesInRelocation implementation="java.util.HashSet">${excludeDependenciesInRelocation}</excludeDependenciesInRelocation>
        <name implementation="java.lang.String" default-value="[artifactId]-[version]-ueber.jar">${name}</name>
        <excludeDependencies implementation="java.util.HashSet">${excludeDependencies}</excludeDependencies>
        <keepUnusedClasses implementation="java.util.HashSet">${keepUnusedClasses}</keepUnusedClasses>
        <stripUnusedClasses implementation="boolean" default-value="true">${stripUnusedClasses}</stripUnusedClasses>
      </configuration>
      <requirements>
        <requirement>
          <role>org.apache.maven.project.MavenProjectHelper</role>
          <field-name>projectHelper</field-name>
        </requirement>
      </requirements>
    </mojo>
  </mojos>
  <dependencies>
    <dependency>
      <groupId>junit</groupId>
      <artifactId>junit</artifactId>
      <type>jar</type>
      <version>3.8.1</version>
    </dependency>
    <dependency>
      <groupId>org.codehaus.plexus</groupId>
      <artifactId>plexus-container-default</artifactId>
      <type>jar</type>
      <version>1.0-alpha-8</version>
    </dependency>
    <dependency>
      <groupId>org.apache.maven</groupId>
      <artifactId>maven-model</artifactId>
      <type>jar</type>
      <version>2.0</version>
    </dependency>
    <dependency>
      <groupId>org.apache.maven</groupId>
      <artifactId>maven-profile</artifactId>
      <type>jar</type>
      <version>2.0</version>
    </dependency>
    <dependency>
      <groupId>asm</groupId>
      <artifactId>asm-tree</artifactId>
      <type>jar</type>
      <version>2.2.1</version>
    </dependency>
    <dependency>
      <groupId>classworlds</groupId>
      <artifactId>classworlds</artifactId>
      <type>jar</type>
      <version>1.1-alpha-2</version>
    </dependency>
    <dependency>
      <groupId>org.vafer</groupId>
      <artifactId>dependency</artifactId>
      <type>jar</type>
      <version>0.4</version>
    </dependency>
    <dependency>
      <groupId>org.codehaus.plexus</groupId>
      <artifactId>plexus-utils</artifactId>
      <type>jar</type>
      <version>1.4.1</version>
    </dependency>
    <dependency>
      <groupId>org.apache.maven</groupId>
      <artifactId>maven-repository-metadata</artifactId>
      <type>jar</type>
      <version>2.0</version>
    </dependency>
    <dependency>
      <groupId>asm</groupId>
      <artifactId>asm-util</artifactId>
      <type>jar</type>
      <version>2.2.1</version>
    </dependency>
    <dependency>
      <groupId>asm</groupId>
      <artifactId>asm-analysis</artifactId>
      <type>jar</type>
      <version>2.2.1</version>
    </dependency>
    <dependency>
      <groupId>org.apache.maven</groupId>
      <artifactId>maven-artifact-manager</artifactId>
      <type>jar</type>
      <version>2.0</version>
    </dependency>
    <dependency>
      <groupId>asm</groupId>
      <artifactId>asm-attrs</artifactId>
      <type>jar</type>
      <version>2.2.1</version>
    </dependency>
    <dependency>
      <groupId>org.apache.maven.wagon</groupId>
      <artifactId>wagon-provider-api</artifactId>
      <type>jar</type>
      <version>1.0-alpha-5</version>
    </dependency>
    <dependency>
      <groupId>org.apache.maven</groupId>
      <artifactId>maven-project</artifactId>
      <type>jar</type>
      <version>2.0</version>
    </dependency>
    <dependency>
      <groupId>asm</groupId>
      <artifactId>asm</artifactId>
      <type>jar</type>
      <version>2.2</version>
    </dependency>
    <dependency>
      <groupId>commons-io</groupId>
      <artifactId>commons-io</artifactId>
      <type>jar</type>
      <version>1.2</version>
    </dependency>
    <dependency>
      <groupId>org.apache.maven</groupId>
      <artifactId>maven-artifact</artifactId>
      <type>jar</type>
      <version>2.0</version>
    </dependency>
    <dependency>
      <groupId>org.apache.maven</groupId>
      <artifactId>maven-plugin-api</artifactId>
      <type>jar</type>
      <version>2.0</version>
    </dependency>
    <dependency>
      <groupId>asm</groupId>
      <artifactId>asm-commons</artifactId>
      <type>jar</type>
      <version>2.2.1</version>
    </dependency>
  </dependencies>
</plugin>