<plugin>
  <description></description>
  <groupId>org.codehaus.mojo</groupId>
  <artifactId>multibuild-optimizer-maven-plugin</artifactId>
  <version>1.0-alpha-2</version>
  <goalPrefix>multibuild-optimizer</goalPrefix>
  <isolatedRealm>false</isolatedRealm>
  <inheritedByDefault>true</inheritedByDefault>
  <mojos>
    <mojo>
      <goal>check-package-staleness</goal>
      <description>If the resulting package file from a previous build is encountered, this mojo will determine whether that file is newer than the newest source file. If so, it will advise any other plugins that check to skip the build.</description>
      <requiresDirectInvocation>false</requiresDirectInvocation>
      <requiresProject>true</requiresProject>
      <requiresReports>false</requiresReports>
      <aggregator>false</aggregator>
      <requiresOnline>false</requiresOnline>
      <inheritedByDefault>true</inheritedByDefault>
      <phase>validate</phase>
      <implementation>org.codehaus.mojo.multibuild.optimizer.SkipIfBuiltOptimizerMojo</implementation>
      <language>java</language>
      <instantiationStrategy>per-lookup</instantiationStrategy>
      <executionStrategy>once-per-session</executionStrategy>
      <parameters>
        <parameter>
          <name>archiveUrl</name>
          <type>java.lang.String</type>
          <required>false</required>
          <editable>true</editable>
          <description>URL from which to retrieve the project sources.</description>
        </parameter>
        <parameter>
          <name>checkArtifact</name>
          <type>boolean</type>
          <required>false</required>
          <editable>true</editable>
          <description>Flag telling this mojo to check the lastMod on the source artifact rather than other source locations.</description>
        </parameter>
        <parameter>
          <name>checkDirectory</name>
          <type>java.io.File</type>
          <required>false</required>
          <editable>true</editable>
          <description>The directory to check for updates, if not the compileSourceRoots...</description>
        </parameter>
        <parameter>
          <name>compileSourceRoots</name>
          <type>java.util.List</type>
          <required>true</required>
          <editable>false</editable>
          <description>The list of source directories to check for lastMod.</description>
        </parameter>
        <parameter>
          <name>excludes</name>
          <type>java.util.Set</type>
          <required>false</required>
          <editable>true</editable>
          <description>The list of patterns for files which should be excluded from the lastMod check.</description>
        </parameter>
        <parameter>
          <name>forceBuild</name>
          <alias>build.optimizer.override</alias>
          <type>boolean</type>
          <required>false</required>
          <editable>true</editable>
          <description>Whether to override the behavior of this mojo and force a build under any circumstances.</description>
        </parameter>
        <parameter>
          <name>includes</name>
          <type>java.util.Set</type>
          <required>false</required>
          <editable>true</editable>
          <description>The list of patterns for files which should be included in the lastMod check.</description>
        </parameter>
        <parameter>
          <name>localRepository</name>
          <type>org.apache.maven.artifact.repository.ArtifactRepository</type>
          <required>true</required>
          <editable>false</editable>
          <description></description>
        </parameter>
        <parameter>
          <name>project</name>
          <type>org.apache.maven.project.MavenProject</type>
          <required>true</required>
          <editable>false</editable>
          <description>The project currently being built.</description>
        </parameter>
        <parameter>
          <name>projectArtifact</name>
          <type>org.apache.maven.artifact.Artifact</type>
          <required>true</required>
          <editable>false</editable>
          <description>The artifact resulting from the project being built.</description>
        </parameter>
        <parameter>
          <name>remoteRepositories</name>
          <type>java.util.List</type>
          <required>true</required>
          <editable>false</editable>
          <description></description>
        </parameter>
        <parameter>
          <name>session</name>
          <type>org.apache.maven.execution.MavenSession</type>
          <required>true</required>
          <editable>false</editable>
          <description></description>
        </parameter>
        <parameter>
          <name>type</name>
          <type>java.lang.String</type>
          <required>false</required>
          <editable>true</editable>
          <description>The source artifact to check, if the &lt;code&gt;checkArtifact&lt;/code&gt; flag is set.</description>
        </parameter>
      </parameters>
      <configuration>
        <checkArtifact implementation="boolean" default-value="false">${checkSourceArtifact}</checkArtifact>
        <projectArtifact implementation="org.apache.maven.artifact.Artifact" default-value="${project.artifact}"/>
        <type implementation="java.lang.String" default-value="tar.gz"/>
        <remoteRepositories implementation="java.util.List" default-value="${project.remoteArtifactRepositories}"/>
        <localRepository implementation="org.apache.maven.artifact.repository.ArtifactRepository" default-value="${localRepository}"/>
        <session implementation="org.apache.maven.execution.MavenSession" default-value="${session}"/>
        <project implementation="org.apache.maven.project.MavenProject" default-value="${project}"/>
        <forceBuild implementation="boolean" default-value="false">${forceBuild}</forceBuild>
        <compileSourceRoots implementation="java.util.List" default-value="${project.compileSourceRoots}"/>
        <archiveUrl implementation="java.lang.String" default-value="${srcUrl}"/>
      </configuration>
      <requirements>
        <requirement>
          <role>org.apache.maven.artifact.resolver.ArtifactResolver</role>
          <field-name>resolver</field-name>
        </requirement>
        <requirement>
          <role>org.apache.maven.artifact.factory.ArtifactFactory</role>
          <field-name>artifactFactory</field-name>
        </requirement>
      </requirements>
    </mojo>
  </mojos>
  <dependencies/>
</plugin>