<plugin>
  <description></description>
  <groupId>org.codehaus.mojo</groupId>
  <artifactId>patch-maven-plugin</artifactId>
  <version>1.0-alpha-3</version>
  <goalPrefix>patch</goalPrefix>
  <isolatedRealm>false</isolatedRealm>
  <inheritedByDefault>true</inheritedByDefault>
  <mojos>
    <mojo>
      <goal>apply-directory</goal>
      <description>Apply a set of patches to project sources.</description>
      <requiresDirectInvocation>false</requiresDirectInvocation>
      <requiresProject>true</requiresProject>
      <requiresReports>false</requiresReports>
      <aggregator>false</aggregator>
      <requiresOnline>false</requiresOnline>
      <inheritedByDefault>true</inheritedByDefault>
      <phase>generate-sources</phase>
      <implementation>org.codehaus.mojo.patch.ApplyPatchDirectoryMojo</implementation>
      <language>java</language>
      <instantiationStrategy>per-lookup</instantiationStrategy>
      <executionStrategy>once-per-session</executionStrategy>
      <parameters>
        <parameter>
          <name>backups</name>
          <type>boolean</type>
          <required>false</required>
          <editable>true</editable>
          <description>Whether to make backups of the original files before modding them.</description>
        </parameter>
        <parameter>
          <name>ignoreWhitespace</name>
          <type>boolean</type>
          <required>false</required>
          <editable>true</editable>
          <description>Whether to ignore whitespaces when applying the patches.</description>
        </parameter>
        <parameter>
          <name>ignoredPatches</name>
          <type>java.util.List</type>
          <required>false</required>
          <editable>true</editable>
          <description>When the strictPatching flag is set, this parameter is useful to mark certain contents of the patch-source
directory that should be ignored without causing the build to fail.</description>
        </parameter>
        <parameter>
          <name>messageLevel</name>
          <type>java.lang.String</type>
          <required>false</required>
          <editable>true</editable>
          <description>The Ant messageLevel to use.</description>
        </parameter>
        <parameter>
          <name>patchFailureWatchPhrases</name>
          <type>java.util.List</type>
          <required>false</required>
          <editable>true</editable>
          <description>List of phrases to watch for in patch-command output. If one is found, it will cause the build to fail. All
phrases should be lower-case ONLY.</description>
        </parameter>
        <parameter>
          <name>patches</name>
          <type>java.util.List</type>
          <required>false</required>
          <editable>true</editable>
          <description>The list of patch file names (without directory information), supplying the order in which patches should be
applied.</description>
        </parameter>
        <parameter>
          <name>patchingEnabled</name>
          <type>boolean</type>
          <required>false</required>
          <editable>true</editable>
          <description>If set to true, the patch mojos will execute; otherwise, they will remain dormant. This is
a flag for disabling all patch-related activity in the build.</description>
        </parameter>
        <parameter>
          <name>project</name>
          <type>org.apache.maven.project.MavenProject</type>
          <required>true</required>
          <editable>false</editable>
          <description>MavenProject instance used to resolve Ant property expressions.</description>
        </parameter>
        <parameter>
          <name>reverse</name>
          <type>boolean</type>
          <required>false</required>
          <editable>true</editable>
          <description>Whether to treat these patches as having reversed source and dest in the patch syntax.</description>
        </parameter>
        <parameter>
          <name>session</name>
          <type>org.apache.maven.execution.MavenSession</type>
          <required>true</required>
          <editable>false</editable>
          <description></description>
        </parameter>
        <parameter>
          <name>skipApplication</name>
          <alias>patch.apply.skip</alias>
          <type>boolean</type>
          <required>false</required>
          <editable>true</editable>
          <description>Whether to skip this mojo&apos;s execution.</description>
        </parameter>
        <parameter>
          <name>strictPatching</name>
          <type>boolean</type>
          <required>true</required>
          <editable>true</editable>
          <description>Flag that, when set to true, will make sure that all patches included in the &apos;patches&apos; list must be present and
describe the full contents of the patch directory. If strictPatching is set to true, and the patches list has a
value that does not correspond to a file in the patch directory, the build will fail. If strictPatching is set to
true, and the patch directory contains files not listed in the patches parameter, the build will fail. If set to
false, only the patches listed in the patches parameter that have corresponding files will be applied; the rest
will be ignored. Default value for this parameter is true.</description>
        </parameter>
        <parameter>
          <name>strip</name>
          <type>int</type>
          <required>false</required>
          <editable>true</editable>
          <description>The number of directories to be stripped from patch file paths, before applying, starting from the leftmost, or
root-est.</description>
        </parameter>
        <parameter>
          <name>targetDirectory</name>
          <alias>patchTargetDir</alias>
          <type>java.io.File</type>
          <required>true</required>
          <editable>true</editable>
          <description>The target directory for applying patches. Files in this directory will be modified.</description>
        </parameter>
        <parameter>
          <name>useDefaultIgnores</name>
          <type>boolean</type>
          <required>false</required>
          <editable>true</editable>
          <description>Whether to exclude default ignored patch items, such as .svn or CVS directories.</description>
        </parameter>
      </parameters>
      <configuration>
        <messageLevel implementation="java.lang.String" default-value="info">${messageLevel}</messageLevel>
        <strictPatching implementation="boolean" default-value="true"/>
        <useDefaultIgnores implementation="boolean" default-value="true"/>
        <targetDirectory implementation="java.io.File" default-value="${project.build.sourceDirectory}"/>
        <patchingEnabled implementation="boolean" default-value="true">${patchingEnabled}</patchingEnabled>
        <session implementation="org.apache.maven.execution.MavenSession" default-value="${session}"/>
        <skipApplication implementation="boolean" default-value="false"/>
        <project implementation="org.apache.maven.project.MavenProject">${project}</project>
      </configuration>
    </mojo>
    <mojo>
      <goal>apply</goal>
      <description>Apply a set of patches to project sources.</description>
      <requiresDirectInvocation>false</requiresDirectInvocation>
      <requiresProject>true</requiresProject>
      <requiresReports>false</requiresReports>
      <aggregator>false</aggregator>
      <requiresOnline>false</requiresOnline>
      <inheritedByDefault>true</inheritedByDefault>
      <implementation>org.codehaus.mojo.patch.ApplyPatchesMojo</implementation>
      <language>java</language>
      <instantiationStrategy>per-lookup</instantiationStrategy>
      <executionStrategy>once-per-session</executionStrategy>
      <parameters>
        <parameter>
          <name>backups</name>
          <type>boolean</type>
          <required>false</required>
          <editable>true</editable>
          <description>Whether to make backups of the original files before modding them.</description>
        </parameter>
        <parameter>
          <name>destFile</name>
          <type>java.io.File</type>
          <required>false</required>
          <editable>true</editable>
          <description>The file which is the original file, plus modifications from the patch. Mutually exclusive with workDir.</description>
        </parameter>
        <parameter>
          <name>ignoreWhitespace</name>
          <type>boolean</type>
          <required>false</required>
          <editable>true</editable>
          <description>Whether to ignore whitespaces when applying the patches.</description>
        </parameter>
        <parameter>
          <name>messageLevel</name>
          <type>java.lang.String</type>
          <required>false</required>
          <editable>true</editable>
          <description>The Ant messageLevel to use.</description>
        </parameter>
        <parameter>
          <name>originalFile</name>
          <type>java.io.File</type>
          <required>false</required>
          <editable>true</editable>
          <description>The original file which will be modified by the patch. Mutually exclusive with workDir.</description>
        </parameter>
        <parameter>
          <name>patchFile</name>
          <type>java.io.File</type>
          <required>false</required>
          <editable>true</editable>
          <description>The single patch file to apply. Mutually exclusive with &apos;patches&apos;.</description>
        </parameter>
        <parameter>
          <name>patchSourceDir</name>
          <type>java.io.File</type>
          <required>false</required>
          <editable>true</editable>
          <description>The source directory from which to find patch files.</description>
        </parameter>
        <parameter>
          <name>patches</name>
          <type>java.util.List</type>
          <required>false</required>
          <editable>true</editable>
          <description>The list of patch files (relative to &apos;patchSourceDir&apos;) which should be applied.</description>
        </parameter>
        <parameter>
          <name>patchingEnabled</name>
          <type>boolean</type>
          <required>false</required>
          <editable>true</editable>
          <description>If set to true, the patch mojos will execute; otherwise, they will remain dormant. This is
a flag for disabling all patch-related activity in the build.</description>
        </parameter>
        <parameter>
          <name>project</name>
          <type>org.apache.maven.project.MavenProject</type>
          <required>true</required>
          <editable>false</editable>
          <description>MavenProject instance used to resolve Ant property expressions.</description>
        </parameter>
        <parameter>
          <name>reverse</name>
          <type>boolean</type>
          <required>false</required>
          <editable>true</editable>
          <description>Whether to treat these patches as having reversed source and dest in the patch syntax.</description>
        </parameter>
        <parameter>
          <name>session</name>
          <type>org.apache.maven.execution.MavenSession</type>
          <required>true</required>
          <editable>false</editable>
          <description></description>
        </parameter>
        <parameter>
          <name>skipApplication</name>
          <alias>patch.apply.skip</alias>
          <type>boolean</type>
          <required>false</required>
          <editable>true</editable>
          <description>Whether to skip this mojo&apos;s execution.</description>
        </parameter>
        <parameter>
          <name>strip</name>
          <type>int</type>
          <required>false</required>
          <editable>true</editable>
          <description>The number of directories to be stripped from patch file paths, before applying, starting from the leftmost, or
root-est.</description>
        </parameter>
        <parameter>
          <name>useDefaultIgnores</name>
          <type>boolean</type>
          <required>false</required>
          <editable>true</editable>
          <description>Whether to exclude default ignored patch items, such as .svn or CVS directories.</description>
        </parameter>
        <parameter>
          <name>workDir</name>
          <alias>patchTargetDir</alias>
          <type>java.io.File</type>
          <required>false</required>
          <editable>true</editable>
          <description>The target directory for applying patches. Files in this directory will be modified.</description>
        </parameter>
      </parameters>
      <configuration>
        <workDir implementation="java.io.File" default-value="${project.build.directory}"/>
        <messageLevel implementation="java.lang.String" default-value="info">${messageLevel}</messageLevel>
        <useDefaultIgnores implementation="boolean" default-value="true"/>
        <patchingEnabled implementation="boolean" default-value="true">${patchingEnabled}</patchingEnabled>
        <session implementation="org.apache.maven.execution.MavenSession" default-value="${session}"/>
        <skipApplication implementation="boolean" default-value="false"/>
        <project implementation="org.apache.maven.project.MavenProject">${project}</project>
        <patchSourceDir implementation="java.io.File" default-value="${project.build.directory}/patches"/>
      </configuration>
    </mojo>
    <mojo>
      <goal>package-patches</goal>
      <description></description>
      <requiresDirectInvocation>false</requiresDirectInvocation>
      <requiresProject>true</requiresProject>
      <requiresReports>false</requiresReports>
      <aggregator>false</aggregator>
      <requiresOnline>false</requiresOnline>
      <inheritedByDefault>true</inheritedByDefault>
      <phase>package</phase>
      <implementation>org.codehaus.mojo.patch.PackagePatchesMojo</implementation>
      <language>java</language>
      <instantiationStrategy>per-lookup</instantiationStrategy>
      <executionStrategy>once-per-session</executionStrategy>
      <parameters>
        <parameter>
          <name>artifactId</name>
          <type>java.lang.String</type>
          <required>true</required>
          <editable>false</editable>
          <description></description>
        </parameter>
        <parameter>
          <name>patchArchiveDestDir</name>
          <type>java.io.File</type>
          <required>true</required>
          <editable>false</editable>
          <description></description>
        </parameter>
        <parameter>
          <name>patchArtifactClassifier</name>
          <type>java.lang.String</type>
          <required>true</required>
          <editable>true</editable>
          <description></description>
        </parameter>
        <parameter>
          <name>patchArtifactType</name>
          <type>java.lang.String</type>
          <required>true</required>
          <editable>true</editable>
          <description></description>
        </parameter>
        <parameter>
          <name>patchingEnabled</name>
          <type>boolean</type>
          <required>false</required>
          <editable>true</editable>
          <description>If set to true, the patch mojos will execute; otherwise, they will remain dormant. This is
a flag for disabling all patch-related activity in the build.</description>
        </parameter>
        <parameter>
          <name>project</name>
          <type>org.apache.maven.project.MavenProject</type>
          <required>true</required>
          <editable>false</editable>
          <description>MavenProject instance used to resolve Ant property expressions.</description>
        </parameter>
        <parameter>
          <name>session</name>
          <type>org.apache.maven.execution.MavenSession</type>
          <required>true</required>
          <editable>false</editable>
          <description></description>
        </parameter>
        <parameter>
          <name>tarLongFileMode</name>
          <type>java.lang.String</type>
          <required>false</required>
          <editable>true</editable>
          <description>Handling mode for long file paths.</description>
        </parameter>
        <parameter>
          <name>useDefaultIgnores</name>
          <type>boolean</type>
          <required>false</required>
          <editable>true</editable>
          <description>Whether to exclude default ignored patch items, such as .svn or CVS directories.</description>
        </parameter>
        <parameter>
          <name>version</name>
          <type>java.lang.String</type>
          <required>true</required>
          <editable>false</editable>
          <description></description>
        </parameter>
      </parameters>
      <configuration>
        <tarLongFileMode implementation="java.lang.String" default-value="gnu"/>
        <useDefaultIgnores implementation="boolean" default-value="true"/>
        <patchArchiveDestDir implementation="java.io.File" default-value="${project.build.directory}"/>
        <patchingEnabled implementation="boolean" default-value="true">${patchingEnabled}</patchingEnabled>
        <session implementation="org.apache.maven.execution.MavenSession" default-value="${session}"/>
        <project implementation="org.apache.maven.project.MavenProject">${project}</project>
        <patchArtifactClassifier implementation="java.lang.String" default-value="patches"/>
        <version implementation="java.lang.String" default-value="${project.version}"/>
        <patchArtifactType implementation="java.lang.String" default-value="zip"/>
        <artifactId implementation="java.lang.String" default-value="${project.artifactId}"/>
      </configuration>
      <requirements>
        <requirement>
          <role>org.apache.maven.project.MavenProjectHelper</role>
          <field-name>projectHelper</field-name>
        </requirement>
        <requirement>
          <role>org.codehaus.plexus.archiver.manager.ArchiverManager</role>
          <field-name>archiverManager</field-name>
        </requirement>
      </requirements>
    </mojo>
    <mojo>
      <goal>get</goal>
      <description>Retrieve patch files from remote URLs</description>
      <requiresDirectInvocation>false</requiresDirectInvocation>
      <requiresProject>true</requiresProject>
      <requiresReports>false</requiresReports>
      <aggregator>false</aggregator>
      <requiresOnline>false</requiresOnline>
      <inheritedByDefault>true</inheritedByDefault>
      <phase>initialize</phase>
      <implementation>org.codehaus.mojo.patch.GetPatchesMojo</implementation>
      <language>java</language>
      <instantiationStrategy>per-lookup</instantiationStrategy>
      <executionStrategy>once-per-session</executionStrategy>
      <parameters>
        <parameter>
          <name>patchSourceDir</name>
          <type>java.io.File</type>
          <required>true</required>
          <editable>true</editable>
          <description>The directory into which to store downloaded patch files.</description>
        </parameter>
        <parameter>
          <name>project</name>
          <type>org.apache.maven.project.MavenProject</type>
          <required>true</required>
          <editable>false</editable>
          <description>The current project being built.</description>
        </parameter>
        <parameter>
          <name>session</name>
          <type>org.apache.maven.execution.MavenSession</type>
          <required>true</required>
          <editable>false</editable>
          <description></description>
        </parameter>
        <parameter>
          <name>skipRetrieval</name>
          <alias>patch.get.skip</alias>
          <type>boolean</type>
          <required>false</required>
          <editable>true</editable>
          <description>Whether to skip this mojo&apos;s execution.</description>
        </parameter>
        <parameter>
          <name>urls</name>
          <type>java.util.List</type>
          <required>false</required>
          <editable>true</editable>
          <description>URLs from which to retrieve the patch files.</description>
        </parameter>
      </parameters>
      <configuration>
        <skipRetrieval implementation="boolean" default-value="false"/>
        <session implementation="org.apache.maven.execution.MavenSession" default-value="${session}"/>
        <project implementation="org.apache.maven.project.MavenProject" default-value="${project}"/>
        <patchSourceDir implementation="java.io.File" default-value="${project.build.directory}/patches"/>
      </configuration>
      <requirements>
        <requirement>
          <role>org.apache.maven.artifact.manager.WagonManager</role>
          <field-name>wagonManager</field-name>
        </requirement>
      </requirements>
    </mojo>
    <mojo>
      <goal>purge-local-patch-artifact</goal>
      <description></description>
      <requiresDirectInvocation>false</requiresDirectInvocation>
      <requiresProject>true</requiresProject>
      <requiresReports>false</requiresReports>
      <aggregator>false</aggregator>
      <requiresOnline>false</requiresOnline>
      <inheritedByDefault>true</inheritedByDefault>
      <phase>install</phase>
      <implementation>org.codehaus.mojo.patch.PurgePatchArtifactFromLocalRepoMojo</implementation>
      <language>java</language>
      <instantiationStrategy>per-lookup</instantiationStrategy>
      <executionStrategy>once-per-session</executionStrategy>
      <parameters>
        <parameter>
          <name>localRepository</name>
          <type>org.apache.maven.artifact.repository.ArtifactRepository</type>
          <required>true</required>
          <editable>false</editable>
          <description></description>
        </parameter>
        <parameter>
          <name>patchingEnabled</name>
          <type>boolean</type>
          <required>false</required>
          <editable>true</editable>
          <description>If set to true, the patch mojos will execute; otherwise, they will remain dormant. This is
a flag for disabling all patch-related activity in the build.</description>
        </parameter>
        <parameter>
          <name>project</name>
          <type>org.apache.maven.project.MavenProject</type>
          <required>true</required>
          <editable>false</editable>
          <description>MavenProject instance used to resolve Ant property expressions.</description>
        </parameter>
        <parameter>
          <name>session</name>
          <type>org.apache.maven.execution.MavenSession</type>
          <required>true</required>
          <editable>false</editable>
          <description></description>
        </parameter>
        <parameter>
          <name>useDefaultIgnores</name>
          <type>boolean</type>
          <required>false</required>
          <editable>true</editable>
          <description>Whether to exclude default ignored patch items, such as .svn or CVS directories.</description>
        </parameter>
      </parameters>
      <configuration>
        <useDefaultIgnores implementation="boolean" default-value="true"/>
        <patchingEnabled implementation="boolean" default-value="true">${patchingEnabled}</patchingEnabled>
        <localRepository implementation="org.apache.maven.artifact.repository.ArtifactRepository" default-value="${localRepository}"/>
        <session implementation="org.apache.maven.execution.MavenSession" default-value="${session}"/>
        <project implementation="org.apache.maven.project.MavenProject">${project}</project>
      </configuration>
    </mojo>
    <mojo>
      <goal>resolve-patches</goal>
      <description></description>
      <requiresDirectInvocation>false</requiresDirectInvocation>
      <requiresProject>true</requiresProject>
      <requiresReports>false</requiresReports>
      <aggregator>false</aggregator>
      <requiresOnline>false</requiresOnline>
      <inheritedByDefault>true</inheritedByDefault>
      <phase>initialize</phase>
      <implementation>org.codehaus.mojo.patch.ResolvePatchesMojo</implementation>
      <language>java</language>
      <instantiationStrategy>per-lookup</instantiationStrategy>
      <executionStrategy>once-per-session</executionStrategy>
      <parameters>
        <parameter>
          <name>localRepository</name>
          <type>org.apache.maven.artifact.repository.ArtifactRepository</type>
          <required>true</required>
          <editable>false</editable>
          <description></description>
        </parameter>
        <parameter>
          <name>patchArtifactClassifier</name>
          <type>java.lang.String</type>
          <required>true</required>
          <editable>true</editable>
          <description></description>
        </parameter>
        <parameter>
          <name>patchArtifactType</name>
          <type>java.lang.String</type>
          <required>true</required>
          <editable>true</editable>
          <description></description>
        </parameter>
        <parameter>
          <name>patchArtifactUnpackDirectory</name>
          <type>java.io.File</type>
          <required>true</required>
          <editable>true</editable>
          <description></description>
        </parameter>
        <parameter>
          <name>patchArtifactUnpackSubpath</name>
          <type>java.lang.String</type>
          <required>false</required>
          <editable>true</editable>
          <description>This is the subpath within the unpacked patch-archive, where patches should reside.</description>
        </parameter>
        <parameter>
          <name>patchDirectory</name>
          <type>java.io.File</type>
          <required>true</required>
          <editable>true</editable>
          <description></description>
        </parameter>
        <parameter>
          <name>patchingEnabled</name>
          <type>boolean</type>
          <required>false</required>
          <editable>true</editable>
          <description>If set to true, the patch mojos will execute; otherwise, they will remain dormant. This is
a flag for disabling all patch-related activity in the build.</description>
        </parameter>
        <parameter>
          <name>project</name>
          <type>org.apache.maven.project.MavenProject</type>
          <required>true</required>
          <editable>false</editable>
          <description>MavenProject instance used to resolve Ant property expressions.</description>
        </parameter>
        <parameter>
          <name>projectArtifact</name>
          <type>org.apache.maven.artifact.Artifact</type>
          <required>true</required>
          <editable>false</editable>
          <description></description>
        </parameter>
        <parameter>
          <name>remoteRepositories</name>
          <type>java.util.List</type>
          <required>true</required>
          <editable>false</editable>
          <description></description>
        </parameter>
        <parameter>
          <name>session</name>
          <type>org.apache.maven.execution.MavenSession</type>
          <required>true</required>
          <editable>false</editable>
          <description></description>
        </parameter>
        <parameter>
          <name>skipResolution</name>
          <type>boolean</type>
          <required>false</required>
          <editable>true</editable>
          <description>If this flag is set, the mojo will not attempt patch-artifact resolution, but will instead
simply verify and then set the patch-source directory (parameter) as the location where patches
are available for other mojos to access/apply.</description>
        </parameter>
        <parameter>
          <name>useDefaultIgnores</name>
          <type>boolean</type>
          <required>false</required>
          <editable>true</editable>
          <description>Whether to exclude default ignored patch items, such as .svn or CVS directories.</description>
        </parameter>
      </parameters>
      <configuration>
        <patchDirectory implementation="java.io.File" default-value="src/patches">${patchDirectory}</patchDirectory>
        <projectArtifact implementation="org.apache.maven.artifact.Artifact" default-value="${project.artifact}"/>
        <remoteRepositories implementation="java.util.List" default-value="${project.remoteArtifactRepositories}"/>
        <useDefaultIgnores implementation="boolean" default-value="true"/>
        <patchArtifactUnpackDirectory implementation="java.io.File" default-value="${project.build.directory}/unpacked-patches"/>
        <patchingEnabled implementation="boolean" default-value="true">${patchingEnabled}</patchingEnabled>
        <localRepository implementation="org.apache.maven.artifact.repository.ArtifactRepository" default-value="${localRepository}"/>
        <session implementation="org.apache.maven.execution.MavenSession" default-value="${session}"/>
        <project implementation="org.apache.maven.project.MavenProject">${project}</project>
        <patchArtifactClassifier implementation="java.lang.String" default-value="patches"/>
        <skipResolution implementation="boolean" default-value="false">${skipResolution}</skipResolution>
        <patchArtifactType implementation="java.lang.String" default-value="zip"/>
      </configuration>
      <requirements>
        <requirement>
          <role>org.apache.maven.artifact.resolver.ArtifactResolver</role>
          <field-name>artifactResolver</field-name>
        </requirement>
        <requirement>
          <role>org.codehaus.plexus.archiver.manager.ArchiverManager</role>
          <field-name>archiverManager</field-name>
        </requirement>
      </requirements>
    </mojo>
  </mojos>
  <dependencies/>
</plugin>