<plugin>
  <description>Maven plugin for building Eclipse PDE projects</description>
  <groupId>org.codehaus.mojo</groupId>
  <artifactId>pde-maven-plugin</artifactId>
  <version>1.0-alpha-1</version>
  <goalPrefix>pde</goalPrefix>
  <isolatedRealm>false</isolatedRealm>
  <inheritedByDefault>true</inheritedByDefault>
  <mojos>
    <mojo>
      <goal>attach</goal>
      <description>Build PDE artifact.
Use this goal with Maven default build lifecycle.
The output of this build is deployable</description>
      <requiresDependencyResolution>test</requiresDependencyResolution>
      <requiresDirectInvocation>false</requiresDirectInvocation>
      <requiresProject>true</requiresProject>
      <requiresReports>false</requiresReports>
      <aggregator>true</aggregator>
      <requiresOnline>false</requiresOnline>
      <inheritedByDefault>true</inheritedByDefault>
      <phase>compile</phase>
      <implementation>org.codehaus.mojo.pde.EclipsePDEAttachMojo</implementation>
      <language>java</language>
      <instantiationStrategy>per-lookup</instantiationStrategy>
      <executionStrategy>once-per-session</executionStrategy>
      <parameters>
        <parameter>
          <name>antDebug</name>
          <type>boolean</type>
          <required>false</required>
          <editable>true</editable>
          <description>Ant debug capability</description>
        </parameter>
        <parameter>
          <name>antVerbose</name>
          <type>boolean</type>
          <required>false</required>
          <editable>true</editable>
          <description>Ant verbose capability</description>
        </parameter>
        <parameter>
          <name>buildProperties</name>
          <type>java.util.Map</type>
          <required>false</required>
          <editable>true</editable>
          <description>Additional system properties to be passed into PDE ant build. See the generated build.xml
files for list of overrideable properties. javacFailOnError=true is injected automatically if
not found.</description>
        </parameter>
        <parameter>
          <name>eclipseBuildScriptProperties</name>
          <type>java.util.Map</type>
          <required>false</required>
          <editable>true</editable>
          <description>Additional system properties to be passed into PDE eclipse.buildScript task which is use to
generete PDE Ant build files. buildDirectory and baseLocation are automatically injected if
not set.</description>
        </parameter>
        <parameter>
          <name>eclipseInstall</name>
          <type>java.io.File</type>
          <required>true</required>
          <editable>true</editable>
          <description>Eclipse Platform SDK Directory</description>
        </parameter>
        <parameter>
          <name>pdeBuildConfigDirectory</name>
          <type>java.lang.String</type>
          <required>false</required>
          <editable>true</editable>
          <description>When a product build is run, then the location of the PDE build configuration directory must
be specified. A product build will expect a build.properties file to exist in this directory.
You can use
${eclipseInstall}/plugins/org.eclipse.pde.build_{pdeBuildVersion}/templates/headless-build/build.properties
as a starter file. See
http://help.eclipse.org/help32/topic/org.eclipse.pde.doc.user/guide/tasks/pde_product_build.htm
Building an RCP application from a product configuration file for more details.</description>
        </parameter>
        <parameter>
          <name>pdeBuildTempFolder</name>
          <type>java.io.File</type>
          <required>false</required>
          <editable>true</editable>
          <description>PDE Ant build temporary directory</description>
        </parameter>
        <parameter>
          <name>pdeBuildVersion</name>
          <type>java.lang.String</type>
          <required>false</required>
          <editable>true</editable>
          <description>When a product build is run then use this version of the pde build scripts. The build scripts
are located at
${eclipseInstall}/plugins/org.eclipse.pde.build_{pdeBuildVersion}/scripts/productBuild</description>
        </parameter>
        <parameter>
          <name>pdeDirectory</name>
          <type>java.io.File</type>
          <required>true</required>
          <editable>false</editable>
          <description>Contains the PDE project source</description>
        </parameter>
        <parameter>
          <name>pdeProductFilename</name>
          <type>java.lang.String</type>
          <required>false</required>
          <editable>true</editable>
          <description>Build a product instead of a feature.

If defined then a PDE Product will be built (instead of the feature, fragment or plug-in).
This value defines the product file that will be used to build the product.</description>
        </parameter>
        <parameter>
          <name>project</name>
          <type>org.apache.maven.project.MavenProject</type>
          <required>true</required>
          <editable>false</editable>
          <description>The POM</description>
        </parameter>
      </parameters>
      <configuration>
        <pdeBuildVersion implementation="java.lang.String">${pdeBuildVersion}</pdeBuildVersion>
        <antVerbose implementation="boolean" default-value="false">${antVerbose}</antVerbose>
        <eclipseInstall implementation="java.io.File" default-value="c:/eclipse">${eclipseInstall}</eclipseInstall>
        <pdeBuildConfigDirectory implementation="java.lang.String" default-value="buildConfiguration">${pdeBuildConfigDirectory}</pdeBuildConfigDirectory>
        <antDebug implementation="boolean" default-value="false">${antDebug}</antDebug>
        <pdeProductFilename implementation="java.lang.String">${pdeProductFilename}</pdeProductFilename>
        <project implementation="org.apache.maven.project.MavenProject">${project}</project>
        <pdeDirectory implementation="java.io.File" default-value="${project.basedir}">${pdeDirectory}</pdeDirectory>
        <pdeBuildTempFolder implementation="java.io.File" default-value="${project.build.directory}/pdeTemp">${pdeTempDirectory}</pdeBuildTempFolder>
      </configuration>
      <requirements>
        <requirement>
          <role>org.apache.maven.artifact.factory.ArtifactFactory</role>
          <field-name>artifactFactory</field-name>
        </requirement>
      </requirements>
    </mojo>
    <mojo>
      <goal>clean</goal>
      <description>Clean Eclipse PDE generated files. Supports cleaning of features and products only.

TODO: Add support for cleaning of fragments, plugins.</description>
      <requiresDirectInvocation>false</requiresDirectInvocation>
      <requiresProject>false</requiresProject>
      <requiresReports>false</requiresReports>
      <aggregator>false</aggregator>
      <requiresOnline>false</requiresOnline>
      <inheritedByDefault>true</inheritedByDefault>
      <phase>clean</phase>
      <implementation>org.codehaus.mojo.pde.EclipsePDECleanMojo</implementation>
      <language>java</language>
      <instantiationStrategy>per-lookup</instantiationStrategy>
      <executionStrategy>once-per-session</executionStrategy>
      <parameters>
        <parameter>
          <name>antDebug</name>
          <type>boolean</type>
          <required>false</required>
          <editable>true</editable>
          <description>Ant debug capability</description>
        </parameter>
        <parameter>
          <name>antVerbose</name>
          <type>boolean</type>
          <required>false</required>
          <editable>true</editable>
          <description>Ant verbose capability</description>
        </parameter>
        <parameter>
          <name>eclipseInstall</name>
          <type>java.io.File</type>
          <required>true</required>
          <editable>true</editable>
          <description>Eclipse Platform SDK Directory</description>
        </parameter>
        <parameter>
          <name>pdeBuildConfigDirectory</name>
          <type>java.lang.String</type>
          <required>false</required>
          <editable>true</editable>
          <description>When a product build is run, then the location of the PDE build configuration directory must
be specified. A product build will expect a build.properties file to exist in this directory.
You can use
${eclipseInstall}/plugins/org.eclipse.pde.build_{pdeBuildVersion}/templates/headless-build/build.properties
as a starter file. See
http://help.eclipse.org/help32/topic/org.eclipse.pde.doc.user/guide/tasks/pde_product_build.htm
Building an RCP application from a product configuration file for more details.</description>
        </parameter>
        <parameter>
          <name>pdeBuildVersion</name>
          <type>java.lang.String</type>
          <required>false</required>
          <editable>true</editable>
          <description>When a product build is run then use this version of the pde build scripts. The build scripts
are located at
${eclipseInstall}/plugins/org.eclipse.pde.build_{pdeBuildVersion}/scripts/productBuild</description>
        </parameter>
        <parameter>
          <name>pdeDirectory</name>
          <type>java.io.File</type>
          <required>true</required>
          <editable>false</editable>
          <description>Contains the PDE project source</description>
        </parameter>
        <parameter>
          <name>pdeProductFilename</name>
          <type>java.lang.String</type>
          <required>false</required>
          <editable>true</editable>
          <description>Build a product instead of a feature.

If defined then a PDE Product will be built (instead of the feature, fragment or plug-in).
This value defines the product file that will be used to build the product.</description>
        </parameter>
        <parameter>
          <name>project</name>
          <type>org.apache.maven.project.MavenProject</type>
          <required>true</required>
          <editable>false</editable>
          <description>The POM</description>
        </parameter>
      </parameters>
      <configuration>
        <pdeBuildVersion implementation="java.lang.String">${pdeBuildVersion}</pdeBuildVersion>
        <antVerbose implementation="boolean" default-value="false">${antVerbose}</antVerbose>
        <eclipseInstall implementation="java.io.File" default-value="c:/eclipse">${eclipseInstall}</eclipseInstall>
        <pdeBuildConfigDirectory implementation="java.lang.String" default-value="buildConfiguration">${pdeBuildConfigDirectory}</pdeBuildConfigDirectory>
        <antDebug implementation="boolean" default-value="false">${antDebug}</antDebug>
        <pdeProductFilename implementation="java.lang.String">${pdeProductFilename}</pdeProductFilename>
        <project implementation="org.apache.maven.project.MavenProject">${project}</project>
        <pdeDirectory implementation="java.io.File" default-value="${project.basedir}">${pdeDirectory}</pdeDirectory>
      </configuration>
    </mojo>
    <mojo>
      <goal>ext</goal>
      <description>Build PDE artifact via this plugin&apos;s custom build lifecycle. The output of this build is
deployable.</description>
      <requiresDependencyResolution>test</requiresDependencyResolution>
      <requiresDirectInvocation>false</requiresDirectInvocation>
      <requiresProject>true</requiresProject>
      <requiresReports>false</requiresReports>
      <aggregator>true</aggregator>
      <requiresOnline>false</requiresOnline>
      <inheritedByDefault>true</inheritedByDefault>
      <phase>compile</phase>
      <implementation>org.codehaus.mojo.pde.EclipsePDEExtMojo</implementation>
      <language>java</language>
      <instantiationStrategy>per-lookup</instantiationStrategy>
      <executionStrategy>once-per-session</executionStrategy>
      <parameters>
        <parameter>
          <name>antDebug</name>
          <type>boolean</type>
          <required>false</required>
          <editable>true</editable>
          <description>Ant debug capability</description>
        </parameter>
        <parameter>
          <name>antVerbose</name>
          <type>boolean</type>
          <required>false</required>
          <editable>true</editable>
          <description>Ant verbose capability</description>
        </parameter>
        <parameter>
          <name>buildProperties</name>
          <type>java.util.Map</type>
          <required>false</required>
          <editable>true</editable>
          <description>Additional system properties to be passed into PDE ant build. See the generated build.xml
files for list of overrideable properties. javacFailOnError=true is injected automatically if
not found.</description>
        </parameter>
        <parameter>
          <name>eclipseBuildScriptProperties</name>
          <type>java.util.Map</type>
          <required>false</required>
          <editable>true</editable>
          <description>Additional system properties to be passed into PDE eclipse.buildScript task which is use to
generete PDE Ant build files. buildDirectory and baseLocation are automatically injected if
not set.</description>
        </parameter>
        <parameter>
          <name>eclipseInstall</name>
          <type>java.io.File</type>
          <required>true</required>
          <editable>true</editable>
          <description>Eclipse Platform SDK Directory</description>
        </parameter>
        <parameter>
          <name>pdeBuildConfigDirectory</name>
          <type>java.lang.String</type>
          <required>false</required>
          <editable>true</editable>
          <description>When a product build is run, then the location of the PDE build configuration directory must
be specified. A product build will expect a build.properties file to exist in this directory.
You can use
${eclipseInstall}/plugins/org.eclipse.pde.build_{pdeBuildVersion}/templates/headless-build/build.properties
as a starter file. See
http://help.eclipse.org/help32/topic/org.eclipse.pde.doc.user/guide/tasks/pde_product_build.htm
Building an RCP application from a product configuration file for more details.</description>
        </parameter>
        <parameter>
          <name>pdeBuildTempFolder</name>
          <type>java.io.File</type>
          <required>false</required>
          <editable>true</editable>
          <description>PDE Ant build temporary directory</description>
        </parameter>
        <parameter>
          <name>pdeBuildVersion</name>
          <type>java.lang.String</type>
          <required>false</required>
          <editable>true</editable>
          <description>When a product build is run then use this version of the pde build scripts. The build scripts
are located at
${eclipseInstall}/plugins/org.eclipse.pde.build_{pdeBuildVersion}/scripts/productBuild</description>
        </parameter>
        <parameter>
          <name>pdeDirectory</name>
          <type>java.io.File</type>
          <required>true</required>
          <editable>false</editable>
          <description>Contains the PDE project source</description>
        </parameter>
        <parameter>
          <name>pdeProductFilename</name>
          <type>java.lang.String</type>
          <required>false</required>
          <editable>true</editable>
          <description>Build a product instead of a feature.

If defined then a PDE Product will be built (instead of the feature, fragment or plug-in).
This value defines the product file that will be used to build the product.</description>
        </parameter>
        <parameter>
          <name>project</name>
          <type>org.apache.maven.project.MavenProject</type>
          <required>true</required>
          <editable>false</editable>
          <description>The POM</description>
        </parameter>
      </parameters>
      <configuration>
        <pdeBuildVersion implementation="java.lang.String">${pdeBuildVersion}</pdeBuildVersion>
        <antVerbose implementation="boolean" default-value="false">${antVerbose}</antVerbose>
        <eclipseInstall implementation="java.io.File" default-value="c:/eclipse">${eclipseInstall}</eclipseInstall>
        <pdeBuildConfigDirectory implementation="java.lang.String" default-value="buildConfiguration">${pdeBuildConfigDirectory}</pdeBuildConfigDirectory>
        <antDebug implementation="boolean" default-value="false">${antDebug}</antDebug>
        <pdeProductFilename implementation="java.lang.String">${pdeProductFilename}</pdeProductFilename>
        <project implementation="org.apache.maven.project.MavenProject">${project}</project>
        <pdeDirectory implementation="java.io.File" default-value="${project.basedir}">${pdeDirectory}</pdeDirectory>
        <pdeBuildTempFolder implementation="java.io.File" default-value="${project.build.directory}/pdeTemp">${pdeTempDirectory}</pdeBuildTempFolder>
      </configuration>
    </mojo>
    <mojo>
      <goal>pde</goal>
      <description>Build PDE artifact. The output is not deployable.</description>
      <requiresDependencyResolution>test</requiresDependencyResolution>
      <requiresDirectInvocation>false</requiresDirectInvocation>
      <requiresProject>false</requiresProject>
      <requiresReports>false</requiresReports>
      <aggregator>true</aggregator>
      <requiresOnline>false</requiresOnline>
      <inheritedByDefault>true</inheritedByDefault>
      <phase>compile</phase>
      <implementation>org.codehaus.mojo.pde.EclipsePDEMojo</implementation>
      <language>java</language>
      <instantiationStrategy>per-lookup</instantiationStrategy>
      <executionStrategy>once-per-session</executionStrategy>
      <parameters>
        <parameter>
          <name>antDebug</name>
          <type>boolean</type>
          <required>false</required>
          <editable>true</editable>
          <description>Ant debug capability</description>
        </parameter>
        <parameter>
          <name>antVerbose</name>
          <type>boolean</type>
          <required>false</required>
          <editable>true</editable>
          <description>Ant verbose capability</description>
        </parameter>
        <parameter>
          <name>buildProperties</name>
          <type>java.util.Map</type>
          <required>false</required>
          <editable>true</editable>
          <description>Additional system properties to be passed into PDE ant build. See the generated build.xml
files for list of overrideable properties. javacFailOnError=true is injected automatically if
not found.</description>
        </parameter>
        <parameter>
          <name>eclipseBuildScriptProperties</name>
          <type>java.util.Map</type>
          <required>false</required>
          <editable>true</editable>
          <description>Additional system properties to be passed into PDE eclipse.buildScript task which is use to
generete PDE Ant build files. buildDirectory and baseLocation are automatically injected if
not set.</description>
        </parameter>
        <parameter>
          <name>eclipseInstall</name>
          <type>java.io.File</type>
          <required>true</required>
          <editable>true</editable>
          <description>Eclipse Platform SDK Directory</description>
        </parameter>
        <parameter>
          <name>pdeBuildConfigDirectory</name>
          <type>java.lang.String</type>
          <required>false</required>
          <editable>true</editable>
          <description>When a product build is run, then the location of the PDE build configuration directory must
be specified. A product build will expect a build.properties file to exist in this directory.
You can use
${eclipseInstall}/plugins/org.eclipse.pde.build_{pdeBuildVersion}/templates/headless-build/build.properties
as a starter file. See
http://help.eclipse.org/help32/topic/org.eclipse.pde.doc.user/guide/tasks/pde_product_build.htm
Building an RCP application from a product configuration file for more details.</description>
        </parameter>
        <parameter>
          <name>pdeBuildTempFolder</name>
          <type>java.io.File</type>
          <required>false</required>
          <editable>true</editable>
          <description>PDE Ant build temporary directory</description>
        </parameter>
        <parameter>
          <name>pdeBuildVersion</name>
          <type>java.lang.String</type>
          <required>false</required>
          <editable>true</editable>
          <description>When a product build is run then use this version of the pde build scripts. The build scripts
are located at
${eclipseInstall}/plugins/org.eclipse.pde.build_{pdeBuildVersion}/scripts/productBuild</description>
        </parameter>
        <parameter>
          <name>pdeDirectory</name>
          <type>java.io.File</type>
          <required>true</required>
          <editable>false</editable>
          <description>Contains the PDE project source</description>
        </parameter>
        <parameter>
          <name>pdeProductFilename</name>
          <type>java.lang.String</type>
          <required>false</required>
          <editable>true</editable>
          <description>Build a product instead of a feature.

If defined then a PDE Product will be built (instead of the feature, fragment or plug-in).
This value defines the product file that will be used to build the product.</description>
        </parameter>
        <parameter>
          <name>project</name>
          <type>org.apache.maven.project.MavenProject</type>
          <required>true</required>
          <editable>false</editable>
          <description>The POM</description>
        </parameter>
      </parameters>
      <configuration>
        <pdeBuildVersion implementation="java.lang.String">${pdeBuildVersion}</pdeBuildVersion>
        <antVerbose implementation="boolean" default-value="false">${antVerbose}</antVerbose>
        <eclipseInstall implementation="java.io.File" default-value="c:/eclipse">${eclipseInstall}</eclipseInstall>
        <pdeBuildConfigDirectory implementation="java.lang.String" default-value="buildConfiguration">${pdeBuildConfigDirectory}</pdeBuildConfigDirectory>
        <antDebug implementation="boolean" default-value="false">${antDebug}</antDebug>
        <pdeProductFilename implementation="java.lang.String">${pdeProductFilename}</pdeProductFilename>
        <project implementation="org.apache.maven.project.MavenProject">${project}</project>
        <pdeDirectory implementation="java.io.File" default-value="${project.basedir}">${pdeDirectory}</pdeDirectory>
        <pdeBuildTempFolder implementation="java.io.File" default-value="${project.build.directory}/pdeTemp">${pdeTempDirectory}</pdeBuildTempFolder>
      </configuration>
    </mojo>
    <mojo>
      <goal>test</goal>
      <description>Invoke test.xml if present</description>
      <requiresDependencyResolution>test</requiresDependencyResolution>
      <requiresDirectInvocation>false</requiresDirectInvocation>
      <requiresProject>false</requiresProject>
      <requiresReports>false</requiresReports>
      <aggregator>true</aggregator>
      <requiresOnline>false</requiresOnline>
      <inheritedByDefault>true</inheritedByDefault>
      <phase>test</phase>
      <implementation>org.codehaus.mojo.pde.EclipsePDETestMojo</implementation>
      <language>java</language>
      <instantiationStrategy>per-lookup</instantiationStrategy>
      <executionStrategy>once-per-session</executionStrategy>
      <parameters>
        <parameter>
          <name>antDebug</name>
          <type>boolean</type>
          <required>false</required>
          <editable>true</editable>
          <description>Ant debug capability</description>
        </parameter>
        <parameter>
          <name>antVerbose</name>
          <type>boolean</type>
          <required>false</required>
          <editable>true</editable>
          <description>Ant verbose capability</description>
        </parameter>
        <parameter>
          <name>buildProperties</name>
          <type>java.util.Map</type>
          <required>false</required>
          <editable>true</editable>
          <description>Additional system properties to be passed into PDE ant build. See the generated build.xml
files for list of overrideable properties. javacFailOnError=true is injected automatically if
not found.</description>
        </parameter>
        <parameter>
          <name>eclipseBuildScriptProperties</name>
          <type>java.util.Map</type>
          <required>false</required>
          <editable>true</editable>
          <description>Additional system properties to be passed into PDE eclipse.buildScript task which is use to
generete PDE Ant build files. buildDirectory and baseLocation are automatically injected if
not set.</description>
        </parameter>
        <parameter>
          <name>eclipseInstall</name>
          <type>java.io.File</type>
          <required>true</required>
          <editable>true</editable>
          <description>Eclipse Platform SDK Directory</description>
        </parameter>
        <parameter>
          <name>failOnError</name>
          <type>boolean</type>
          <required>false</required>
          <editable>true</editable>
          <description>Error out if test fails</description>
        </parameter>
        <parameter>
          <name>pdeBuildConfigDirectory</name>
          <type>java.lang.String</type>
          <required>false</required>
          <editable>true</editable>
          <description>When a product build is run, then the location of the PDE build configuration directory must
be specified. A product build will expect a build.properties file to exist in this directory.
You can use
${eclipseInstall}/plugins/org.eclipse.pde.build_{pdeBuildVersion}/templates/headless-build/build.properties
as a starter file. See
http://help.eclipse.org/help32/topic/org.eclipse.pde.doc.user/guide/tasks/pde_product_build.htm
Building an RCP application from a product configuration file for more details.</description>
        </parameter>
        <parameter>
          <name>pdeBuildTempFolder</name>
          <type>java.io.File</type>
          <required>false</required>
          <editable>true</editable>
          <description>PDE Ant build temporary directory</description>
        </parameter>
        <parameter>
          <name>pdeBuildVersion</name>
          <type>java.lang.String</type>
          <required>false</required>
          <editable>true</editable>
          <description>When a product build is run then use this version of the pde build scripts. The build scripts
are located at
${eclipseInstall}/plugins/org.eclipse.pde.build_{pdeBuildVersion}/scripts/productBuild</description>
        </parameter>
        <parameter>
          <name>pdeDirectory</name>
          <type>java.io.File</type>
          <required>true</required>
          <editable>false</editable>
          <description>Contains the PDE project source</description>
        </parameter>
        <parameter>
          <name>pdeProductFilename</name>
          <type>java.lang.String</type>
          <required>false</required>
          <editable>true</editable>
          <description>Build a product instead of a feature.

If defined then a PDE Product will be built (instead of the feature, fragment or plug-in).
This value defines the product file that will be used to build the product.</description>
        </parameter>
        <parameter>
          <name>project</name>
          <type>org.apache.maven.project.MavenProject</type>
          <required>true</required>
          <editable>false</editable>
          <description>The POM</description>
        </parameter>
        <parameter>
          <name>testXml</name>
          <type>java.io.File</type>
          <required>false</required>
          <editable>true</editable>
          <description>Test File to be invoked if present</description>
        </parameter>
      </parameters>
      <configuration>
        <pdeBuildVersion implementation="java.lang.String">${pdeBuildVersion}</pdeBuildVersion>
        <antVerbose implementation="boolean" default-value="false">${antVerbose}</antVerbose>
        <eclipseInstall implementation="java.io.File" default-value="c:/eclipse">${eclipseInstall}</eclipseInstall>
        <pdeBuildConfigDirectory implementation="java.lang.String" default-value="buildConfiguration">${pdeBuildConfigDirectory}</pdeBuildConfigDirectory>
        <antDebug implementation="boolean" default-value="false">${antDebug}</antDebug>
        <pdeProductFilename implementation="java.lang.String">${pdeProductFilename}</pdeProductFilename>
        <project implementation="org.apache.maven.project.MavenProject">${project}</project>
        <pdeDirectory implementation="java.io.File" default-value="${project.basedir}">${pdeDirectory}</pdeDirectory>
        <failOnError implementation="boolean" default-value="true">${failOnError}</failOnError>
        <testXml implementation="java.io.File" default-value="${basedir}/test.xml">${testXml}</testXml>
        <pdeBuildTempFolder implementation="java.io.File" default-value="${project.build.directory}/pdeTemp">${pdeTempDirectory}</pdeBuildTempFolder>
      </configuration>
    </mojo>
  </mojos>
  <dependencies/>
</plugin>