<plugin>
  <description>Plugin used to create and deploy archives of a project&apos;s working directory, including
    sources and POM.</description>
  <groupId>org.codehaus.mojo</groupId>
  <artifactId>project-archive-maven-plugin</artifactId>
  <version>1.0-alpha-1</version>
  <goalPrefix>project-archive</goalPrefix>
  <isolatedRealm>false</isolatedRealm>
  <inheritedByDefault>true</inheritedByDefault>
  <mojos>
    <mojo>
      <goal>install</goal>
      <description>Installs only the project archive and corresponding POM to the local repository.</description>
      <requiresDirectInvocation>false</requiresDirectInvocation>
      <requiresProject>true</requiresProject>
      <requiresReports>false</requiresReports>
      <aggregator>false</aggregator>
      <requiresOnline>false</requiresOnline>
      <inheritedByDefault>true</inheritedByDefault>
      <phase>install</phase>
      <implementation>org.codehaus.mojo.projectArchive.InstallArchiveOnlyMojo</implementation>
      <language>java</language>
      <instantiationStrategy>per-lookup</instantiationStrategy>
      <executionStrategy>once-per-session</executionStrategy>
      <parameters>
        <parameter>
          <name>archiveRootPath</name>
          <type>java.lang.String</type>
          <required>true</required>
          <editable>true</editable>
          <description>The root directory of files in the project archive.</description>
        </parameter>
        <parameter>
          <name>filesets</name>
          <type>java.util.List</type>
          <required>false</required>
          <editable>true</editable>
          <description>This is a list of org.codehaus.mojo.projectArchive.files.Fileset instances, specified as: &lt;br/&gt; &lt;pre&gt; &lt;filesets&gt; &lt;fileset/&gt; &lt;fileset/&gt; &lt;fileset/&gt; &lt;/filesets&gt; &lt;/pre&gt; &lt;br/&gt; It works a lot like the clean plugin, or the assembly plugin, to specify a list of file patterns for inclusion/exclusion in the project archive.</description>
        </parameter>
        <parameter>
          <name>localRepository</name>
          <type>org.apache.maven.artifact.repository.ArtifactRepository</type>
          <required>true</required>
          <editable>false</editable>
          <description></description>
        </parameter>
        <parameter>
          <name>outputFile</name>
          <type>java.io.File</type>
          <required>true</required>
          <editable>true</editable>
          <description>This is the output file for the project archive. BE VERY CAREFUL IF YOU DECIDE TO CHANGE THE FILE EXTENSION, as this could have implications for the build-on-demand plugin and finding the project-source locations.</description>
        </parameter>
        <parameter>
          <name>packaging</name>
          <type>java.lang.String</type>
          <required>true</required>
          <editable>false</editable>
          <description></description>
        </parameter>
        <parameter>
          <name>project</name>
          <type>org.apache.maven.project.MavenProject</type>
          <required>true</required>
          <editable>false</editable>
          <description></description>
        </parameter>
      </parameters>
      <configuration>
        <archiveRootPath implementation="java.lang.String" default-value="${project.artifactId}-${project.version}">${archiveRootPath}</archiveRootPath>
        <localRepository implementation="org.apache.maven.artifact.repository.ArtifactRepository" default-value="${localRepository}"/>
        <project implementation="org.apache.maven.project.MavenProject" default-value="${project}"/>
        <outputFile implementation="java.io.File" default-value="${project.build.directory}/${project.artifactId}-${project.version}-project-sources.zip">${outputFile}</outputFile>
        <packaging implementation="java.lang.String" default-value="${project.packaging}"/>
      </configuration>
      <requirements>
        <requirement>
          <role>org.codehaus.mojo.projectArchive.archive.ProjectArchiver</role>
          <field-name>projectArchiver</field-name>
        </requirement>
        <requirement>
          <role>org.apache.maven.artifact.factory.ArtifactFactory</role>
          <field-name>artifactFactory</field-name>
        </requirement>
        <requirement>
          <role>org.apache.maven.artifact.installer.ArtifactInstaller</role>
          <field-name>artifactInstaller</field-name>
        </requirement>
      </requirements>
    </mojo>
    <mojo>
      <goal>create</goal>
      <description>Assembles a project archive from the current project, and attaches it for installation or deployment. &lt;br/&gt; Project archives consist of everything needed to build a project, rather than just the source files. In particular, they preserve the working directory layout, and include the POM for the project.</description>
      <requiresDirectInvocation>false</requiresDirectInvocation>
      <requiresProject>true</requiresProject>
      <requiresReports>false</requiresReports>
      <aggregator>false</aggregator>
      <requiresOnline>false</requiresOnline>
      <inheritedByDefault>true</inheritedByDefault>
      <phase>package</phase>
      <implementation>org.codehaus.mojo.projectArchive.CreateProjectArchiveMojo</implementation>
      <language>java</language>
      <instantiationStrategy>per-lookup</instantiationStrategy>
      <executionStrategy>once-per-session</executionStrategy>
      <parameters>
        <parameter>
          <name>archiveRootPath</name>
          <type>java.lang.String</type>
          <required>true</required>
          <editable>true</editable>
          <description>The root directory of files in the project archive.</description>
        </parameter>
        <parameter>
          <name>filesets</name>
          <type>java.util.List</type>
          <required>false</required>
          <editable>true</editable>
          <description>This is a list of org.codehaus.mojo.projectArchive.files.Fileset instances, specified as: &lt;br/&gt; &lt;pre&gt; &lt;filesets&gt; &lt;fileset/&gt; &lt;fileset/&gt; &lt;fileset/&gt; &lt;/filesets&gt; &lt;/pre&gt; &lt;br/&gt; It works a lot like the clean plugin, or the assembly plugin, to specify a list of file patterns for inclusion/exclusion in the project archive.</description>
        </parameter>
        <parameter>
          <name>outputFile</name>
          <type>java.io.File</type>
          <required>true</required>
          <editable>true</editable>
          <description>This is the output file for the project archive. BE VERY CAREFUL IF YOU DECIDE TO CHANGE THE FILE EXTENSION, as this could have implications for the build-on-demand plugin and finding the project-source locations.</description>
        </parameter>
        <parameter>
          <name>packaging</name>
          <type>java.lang.String</type>
          <required>true</required>
          <editable>false</editable>
          <description></description>
        </parameter>
        <parameter>
          <name>project</name>
          <type>org.apache.maven.project.MavenProject</type>
          <required>true</required>
          <editable>false</editable>
          <description></description>
        </parameter>
      </parameters>
      <configuration>
        <archiveRootPath implementation="java.lang.String" default-value="${project.artifactId}-${project.version}">${archiveRootPath}</archiveRootPath>
        <project implementation="org.apache.maven.project.MavenProject" default-value="${project}"/>
        <outputFile implementation="java.io.File" default-value="${project.build.directory}/${project.artifactId}-${project.version}-project-sources.zip">${outputFile}</outputFile>
        <packaging implementation="java.lang.String" default-value="${project.packaging}"/>
      </configuration>
      <requirements>
        <requirement>
          <role>org.codehaus.mojo.projectArchive.archive.ProjectArchiver</role>
          <field-name>projectArchiver</field-name>
        </requirement>
        <requirement>
          <role>org.apache.maven.project.MavenProjectHelper</role>
          <field-name>projectHelper</field-name>
        </requirement>
        <requirement>
          <role>org.apache.maven.artifact.factory.ArtifactFactory</role>
          <field-name>artifactFactory</field-name>
        </requirement>
      </requirements>
    </mojo>
    <mojo>
      <goal>deploy</goal>
      <description>Deploys only the project archive and corresponding POM to the remote repository.</description>
      <requiresDirectInvocation>false</requiresDirectInvocation>
      <requiresProject>true</requiresProject>
      <requiresReports>false</requiresReports>
      <aggregator>false</aggregator>
      <requiresOnline>false</requiresOnline>
      <inheritedByDefault>true</inheritedByDefault>
      <phase>deploy</phase>
      <implementation>org.codehaus.mojo.projectArchive.DeployArchiveOnlyMojo</implementation>
      <language>java</language>
      <instantiationStrategy>per-lookup</instantiationStrategy>
      <executionStrategy>once-per-session</executionStrategy>
      <parameters>
        <parameter>
          <name>archiveRootPath</name>
          <type>java.lang.String</type>
          <required>true</required>
          <editable>true</editable>
          <description>The root directory of files in the project archive.</description>
        </parameter>
        <parameter>
          <name>filesets</name>
          <type>java.util.List</type>
          <required>false</required>
          <editable>true</editable>
          <description>This is a list of org.codehaus.mojo.projectArchive.files.Fileset instances, specified as: &lt;br/&gt; &lt;pre&gt; &lt;filesets&gt; &lt;fileset/&gt; &lt;fileset/&gt; &lt;fileset/&gt; &lt;/filesets&gt; &lt;/pre&gt; &lt;br/&gt; It works a lot like the clean plugin, or the assembly plugin, to specify a list of file patterns for inclusion/exclusion in the project archive.</description>
        </parameter>
        <parameter>
          <name>localRepository</name>
          <type>org.apache.maven.artifact.repository.ArtifactRepository</type>
          <required>true</required>
          <editable>false</editable>
          <description></description>
        </parameter>
        <parameter>
          <name>outputFile</name>
          <type>java.io.File</type>
          <required>true</required>
          <editable>true</editable>
          <description>This is the output file for the project archive. BE VERY CAREFUL IF YOU DECIDE TO CHANGE THE FILE EXTENSION, as this could have implications for the build-on-demand plugin and finding the project-source locations.</description>
        </parameter>
        <parameter>
          <name>packaging</name>
          <type>java.lang.String</type>
          <required>true</required>
          <editable>false</editable>
          <description></description>
        </parameter>
        <parameter>
          <name>project</name>
          <type>org.apache.maven.project.MavenProject</type>
          <required>true</required>
          <editable>false</editable>
          <description></description>
        </parameter>
        <parameter>
          <name>remoteRepository</name>
          <type>org.apache.maven.artifact.repository.ArtifactRepository</type>
          <required>true</required>
          <editable>false</editable>
          <description></description>
        </parameter>
      </parameters>
      <configuration>
        <archiveRootPath implementation="java.lang.String" default-value="${project.artifactId}-${project.version}">${archiveRootPath}</archiveRootPath>
        <localRepository implementation="org.apache.maven.artifact.repository.ArtifactRepository" default-value="${localRepository}"/>
        <remoteRepository implementation="org.apache.maven.artifact.repository.ArtifactRepository" default-value="${project.distributionManagementArtifactRepository}"/>
        <project implementation="org.apache.maven.project.MavenProject" default-value="${project}"/>
        <outputFile implementation="java.io.File" default-value="${project.build.directory}/${project.artifactId}-${project.version}-project-sources.zip">${outputFile}</outputFile>
        <packaging implementation="java.lang.String" default-value="${project.packaging}"/>
      </configuration>
      <requirements>
        <requirement>
          <role>org.codehaus.mojo.projectArchive.archive.ProjectArchiver</role>
          <field-name>projectArchiver</field-name>
        </requirement>
        <requirement>
          <role>org.apache.maven.artifact.factory.ArtifactFactory</role>
          <field-name>artifactFactory</field-name>
        </requirement>
        <requirement>
          <role>org.apache.maven.artifact.deployer.ArtifactDeployer</role>
          <field-name>artifactDeployer</field-name>
        </requirement>
      </requirements>
    </mojo>
  </mojos>
  <dependencies/>
</plugin>