<plugin>
  <description>Maven 2 plugin for running RAT, the Release Audit Tool.</description>
  <groupId>org.codehaus.mojo</groupId>
  <artifactId>rat-maven-plugin</artifactId>
  <version>1.0-alpha-1</version>
  <goalPrefix>rat</goalPrefix>
  <isolatedRealm>false</isolatedRealm>
  <inheritedByDefault>true</inheritedByDefault>
  <mojos>
    <mojo>
      <goal>check</goal>
      <description>Run RAT to perform a violation check.</description>
      <requiresDirectInvocation>false</requiresDirectInvocation>
      <requiresProject>true</requiresProject>
      <requiresReports>false</requiresReports>
      <aggregator>false</aggregator>
      <requiresOnline>false</requiresOnline>
      <inheritedByDefault>true</inheritedByDefault>
      <phase>verify</phase>
      <implementation>org.codehaus.mojo.rat.RatCheckMojo</implementation>
      <language>java</language>
      <instantiationStrategy>per-lookup</instantiationStrategy>
      <executionStrategy>once-per-session</executionStrategy>
      <parameters>
        <parameter>
          <name>addDefaultLicenseMatchers</name>
          <type>boolean</type>
          <required>false</required>
          <editable>true</editable>
          <description>Whether to add the default list of license matchers.</description>
        </parameter>
        <parameter>
          <name>basedir</name>
          <type>java.io.File</type>
          <required>true</required>
          <editable>true</editable>
          <description>The base directory, in which to search for files.</description>
        </parameter>
        <parameter>
          <name>excludes</name>
          <type>java.lang.String[]</type>
          <required>false</required>
          <editable>true</editable>
          <description>Specifies files, which are excluded in the report. By default, no files are included.</description>
        </parameter>
        <parameter>
          <name>includes</name>
          <type>java.lang.String[]</type>
          <required>false</required>
          <editable>true</editable>
          <description>Specifies files, which are included in the report. By default, all files are included.</description>
        </parameter>
        <parameter>
          <name>licenseMatchers</name>
          <type>org.codehaus.mojo.rat.LicenseMatcherSpecification[]</type>
          <required>false</required>
          <editable>true</editable>
          <description>The licenses we want to match on.</description>
        </parameter>
        <parameter>
          <name>reportFile</name>
          <type>java.io.File</type>
          <required>false</required>
          <editable>true</editable>
          <description>Where to store the report.</description>
        </parameter>
        <parameter>
          <name>useDefaultExcludes</name>
          <type>boolean</type>
          <required>false</required>
          <editable>true</editable>
          <description>Whether to use the default excludes when scanning for files.</description>
        </parameter>
        <parameter>
          <name>useEclipseDefaultExcludes</name>
          <type>boolean</type>
          <required>false</required>
          <editable>true</editable>
          <description>Whether to use the Eclipse specific default excludes when
scanning for files. Eclipse specific default excludes are
given by the constant ECLIPSE_DEFAULT_EXCLUDES: The
.classpath and .project files, the .settings directory,
and so on.</description>
        </parameter>
        <parameter>
          <name>useMavenDefaultExcludes</name>
          <type>boolean</type>
          <required>false</required>
          <editable>true</editable>
          <description>Whether to use the Maven specific default excludes when
scanning for files. Maven specific default excludes are
given by the constant MAVEN_DEFAULT_EXCLUDES: The target
directory, the cobertura.ser file, and so on.</description>
        </parameter>
      </parameters>
      <configuration>
        <reportFile implementation="java.io.File" default-value="${project.build.directory}/rat.txt">${rat.outputFile}</reportFile>
        <addDefaultLicenseMatchers implementation="boolean" default-value="true">${rat.addDefaultLicenseMatchers}</addDefaultLicenseMatchers>
        <useDefaultExcludes implementation="boolean" default-value="true">${rat.useDefaultExcludes}</useDefaultExcludes>
        <useEclipseDefaultExcludes implementation="boolean" default-value="true">${rat.useEclipseDefaultExcludes}</useEclipseDefaultExcludes>
        <basedir implementation="java.io.File" default-value="${basedir}">${rat.basedir}</basedir>
        <useMavenDefaultExcludes implementation="boolean" default-value="true">${rat.useMavenDefaultExcludes}</useMavenDefaultExcludes>
      </configuration>
    </mojo>
    <mojo>
      <goal>rat</goal>
      <description>Generates a report with RAT&apos;s output.</description>
      <requiresDirectInvocation>false</requiresDirectInvocation>
      <requiresProject>true</requiresProject>
      <requiresReports>false</requiresReports>
      <aggregator>false</aggregator>
      <requiresOnline>false</requiresOnline>
      <inheritedByDefault>true</inheritedByDefault>
      <implementation>org.codehaus.mojo.rat.RatReportMojo</implementation>
      <language>java</language>
      <instantiationStrategy>per-lookup</instantiationStrategy>
      <executionStrategy>once-per-session</executionStrategy>
      <parameters>
        <parameter>
          <name>addDefaultLicenseMatchers</name>
          <type>boolean</type>
          <required>false</required>
          <editable>true</editable>
          <description>Whether to add the default list of license matchers.</description>
        </parameter>
        <parameter>
          <name>basedir</name>
          <type>java.io.File</type>
          <required>true</required>
          <editable>true</editable>
          <description>The base directory, in which to search for files.</description>
        </parameter>
        <parameter>
          <name>excludes</name>
          <type>java.lang.String[]</type>
          <required>false</required>
          <editable>true</editable>
          <description>Specifies files, which are excluded in the report. By default, no files are included.</description>
        </parameter>
        <parameter>
          <name>includes</name>
          <type>java.lang.String[]</type>
          <required>false</required>
          <editable>true</editable>
          <description>Specifies files, which are included in the report. By default, all files are included.</description>
        </parameter>
        <parameter>
          <name>licenseMatchers</name>
          <type>org.codehaus.mojo.rat.LicenseMatcherSpecification[]</type>
          <required>false</required>
          <editable>true</editable>
          <description>The licenses we want to match on.</description>
        </parameter>
        <parameter>
          <name>localRepository</name>
          <type>org.apache.maven.artifact.repository.ArtifactRepository</type>
          <required>true</required>
          <editable>false</editable>
          <description></description>
        </parameter>
        <parameter>
          <name>outputDirectory</name>
          <type>java.io.File</type>
          <required>true</required>
          <editable>true</editable>
          <description>Specifies the directory where the report will be generated</description>
        </parameter>
        <parameter>
          <name>project</name>
          <type>org.apache.maven.project.MavenProject</type>
          <required>true</required>
          <editable>false</editable>
          <description></description>
        </parameter>
        <parameter>
          <name>useDefaultExcludes</name>
          <type>boolean</type>
          <required>false</required>
          <editable>true</editable>
          <description>Whether to use the default excludes when scanning for files.</description>
        </parameter>
        <parameter>
          <name>useEclipseDefaultExcludes</name>
          <type>boolean</type>
          <required>false</required>
          <editable>true</editable>
          <description>Whether to use the Eclipse specific default excludes when
scanning for files. Eclipse specific default excludes are
given by the constant ECLIPSE_DEFAULT_EXCLUDES: The
.classpath and .project files, the .settings directory,
and so on.</description>
        </parameter>
        <parameter>
          <name>useMavenDefaultExcludes</name>
          <type>boolean</type>
          <required>false</required>
          <editable>true</editable>
          <description>Whether to use the Maven specific default excludes when
scanning for files. Maven specific default excludes are
given by the constant MAVEN_DEFAULT_EXCLUDES: The target
directory, the cobertura.ser file, and so on.</description>
        </parameter>
      </parameters>
      <configuration>
        <project implementation="org.apache.maven.project.MavenProject" default-value="${project}"/>
        <addDefaultLicenseMatchers implementation="boolean" default-value="true">${rat.addDefaultLicenseMatchers}</addDefaultLicenseMatchers>
        <useDefaultExcludes implementation="boolean" default-value="true">${rat.useDefaultExcludes}</useDefaultExcludes>
        <useEclipseDefaultExcludes implementation="boolean" default-value="true">${rat.useEclipseDefaultExcludes}</useEclipseDefaultExcludes>
        <basedir implementation="java.io.File" default-value="${basedir}">${rat.basedir}</basedir>
        <outputDirectory implementation="java.io.File" default-value="${project.reporting.outputDirectory}"/>
        <localRepository implementation="org.apache.maven.artifact.repository.ArtifactRepository" default-value="${localRepository}"/>
        <useMavenDefaultExcludes implementation="boolean" default-value="true">${rat.useMavenDefaultExcludes}</useMavenDefaultExcludes>
      </configuration>
      <requirements>
        <requirement>
          <role>org.apache.maven.doxia.siterenderer.Renderer</role>
          <field-name>siteRenderer</field-name>
        </requirement>
        <requirement>
          <role>org.apache.maven.artifact.resolver.ArtifactResolver</role>
          <field-name>resolver</field-name>
        </requirement>
        <requirement>
          <role>org.apache.maven.artifact.factory.ArtifactFactory</role>
          <field-name>factory</field-name>
        </requirement>
      </requirements>
    </mojo>
  </mojos>
  <dependencies>
    <dependency>
      <groupId>commons-cli</groupId>
      <artifactId>commons-cli</artifactId>
      <type>jar</type>
      <version>1.0</version>
    </dependency>
    <dependency>
      <groupId>org.apache.maven.wagon</groupId>
      <artifactId>wagon-http-lightweight</artifactId>
      <type>jar</type>
      <version>1.0-alpha-5</version>
    </dependency>
    <dependency>
      <groupId>org.apache.maven.wagon</groupId>
      <artifactId>wagon-file</artifactId>
      <type>jar</type>
      <version>1.0-alpha-5</version>
    </dependency>
    <dependency>
      <groupId>commons-digester</groupId>
      <artifactId>commons-digester</artifactId>
      <type>jar</type>
      <version>1.6</version>
    </dependency>
    <dependency>
      <groupId>org.apache.maven.doxia</groupId>
      <artifactId>doxia-site-renderer</artifactId>
      <type>jar</type>
      <version>1.0-alpha-8</version>
    </dependency>
    <dependency>
      <groupId>org.apache.maven</groupId>
      <artifactId>maven-plugin-registry</artifactId>
      <type>jar</type>
      <version>2.0</version>
    </dependency>
    <dependency>
      <groupId>org.apache.maven</groupId>
      <artifactId>maven-core</artifactId>
      <type>jar</type>
      <version>2.0</version>
    </dependency>
    <dependency>
      <groupId>org.apache.maven</groupId>
      <artifactId>maven-error-diagnostics</artifactId>
      <type>jar</type>
      <version>2.0</version>
    </dependency>
    <dependency>
      <groupId>commons-collections</groupId>
      <artifactId>commons-collections</artifactId>
      <type>jar</type>
      <version>3.2</version>
    </dependency>
    <dependency>
      <groupId>org.codehaus.plexus</groupId>
      <artifactId>plexus-utils</artifactId>
      <type>jar</type>
      <version>1.4</version>
    </dependency>
    <dependency>
      <groupId>org.apache.maven</groupId>
      <artifactId>maven-project</artifactId>
      <type>jar</type>
      <version>2.0</version>
    </dependency>
    <dependency>
      <groupId>org.apache.maven</groupId>
      <artifactId>maven-artifact</artifactId>
      <type>jar</type>
      <version>2.0.4</version>
    </dependency>
    <dependency>
      <groupId>org.apache.maven</groupId>
      <artifactId>maven-model</artifactId>
      <type>jar</type>
      <version>2.0</version>
    </dependency>
    <dependency>
      <groupId>org.apache.maven.wagon</groupId>
      <artifactId>wagon-ssh</artifactId>
      <type>jar</type>
      <version>1.0-alpha-5</version>
    </dependency>
    <dependency>
      <groupId>org.apache.maven</groupId>
      <artifactId>maven-profile</artifactId>
      <type>jar</type>
      <version>2.0</version>
    </dependency>
    <dependency>
      <groupId>org.codehaus.plexus</groupId>
      <artifactId>plexus-i18n</artifactId>
      <type>jar</type>
      <version>1.0-beta-6</version>
    </dependency>
    <dependency>
      <groupId>classworlds</groupId>
      <artifactId>classworlds</artifactId>
      <type>jar</type>
      <version>1.1-alpha-2</version>
    </dependency>
    <dependency>
      <groupId>commons-beanutils</groupId>
      <artifactId>commons-beanutils</artifactId>
      <type>jar</type>
      <version>1.7.0</version>
    </dependency>
    <dependency>
      <groupId>org.codehaus.plexus</groupId>
      <artifactId>plexus-interactivity-api</artifactId>
      <type>jar</type>
      <version>1.0-alpha-4</version>
    </dependency>
    <dependency>
      <groupId>org.apache.maven</groupId>
      <artifactId>maven-settings</artifactId>
      <type>jar</type>
      <version>2.0</version>
    </dependency>
    <dependency>
      <groupId>org.codehaus.plexus</groupId>
      <artifactId>plexus-container-default</artifactId>
      <type>jar</type>
      <version>1.0-alpha-9</version>
    </dependency>
    <dependency>
      <groupId>org.apache.maven</groupId>
      <artifactId>maven-plugin-api</artifactId>
      <type>jar</type>
      <version>2.0.4</version>
    </dependency>
    <dependency>
      <groupId>oro</groupId>
      <artifactId>oro</artifactId>
      <type>jar</type>
      <version>2.0.7</version>
    </dependency>
    <dependency>
      <groupId>velocity</groupId>
      <artifactId>velocity</artifactId>
      <type>jar</type>
      <version>1.4</version>
    </dependency>
    <dependency>
      <groupId>org.apache.maven</groupId>
      <artifactId>maven-repository-metadata</artifactId>
      <type>jar</type>
      <version>2.0.4</version>
    </dependency>
    <dependency>
      <groupId>org.apache.maven.wagon</groupId>
      <artifactId>wagon-provider-api</artifactId>
      <type>jar</type>
      <version>1.0-alpha-6</version>
    </dependency>
    <dependency>
      <groupId>org.apache.maven.shared</groupId>
      <artifactId>maven-plugin-testing-harness</artifactId>
      <type>jar</type>
      <version>1.0-beta-1</version>
    </dependency>
    <dependency>
      <groupId>xml-apis</groupId>
      <artifactId>xml-apis</artifactId>
      <type>jar</type>
      <version>1.0.b2</version>
    </dependency>
    <dependency>
      <groupId>org.apache.maven</groupId>
      <artifactId>maven-plugin-parameter-documenter</artifactId>
      <type>jar</type>
      <version>2.0</version>
    </dependency>
    <dependency>
      <groupId>velocity</groupId>
      <artifactId>velocity-dep</artifactId>
      <type>jar</type>
      <version>1.4</version>
    </dependency>
    <dependency>
      <groupId>org.apache.maven</groupId>
      <artifactId>maven-plugin-descriptor</artifactId>
      <type>jar</type>
      <version>2.0</version>
    </dependency>
    <dependency>
      <groupId>commons-logging</groupId>
      <artifactId>commons-logging</artifactId>
      <type>jar</type>
      <version>1.0.4</version>
    </dependency>
    <dependency>
      <groupId>commons-validator</groupId>
      <artifactId>commons-validator</artifactId>
      <type>jar</type>
      <version>1.2.0</version>
    </dependency>
    <dependency>
      <groupId>org.apache.maven</groupId>
      <artifactId>maven-artifact-manager</artifactId>
      <type>jar</type>
      <version>2.0.4</version>
    </dependency>
    <dependency>
      <groupId>org.apache.maven</groupId>
      <artifactId>maven-monitor</artifactId>
      <type>jar</type>
      <version>2.0</version>
    </dependency>
    <dependency>
      <groupId>org.apache.maven.doxia</groupId>
      <artifactId>doxia-decoration-model</artifactId>
      <type>jar</type>
      <version>1.0-alpha-8</version>
    </dependency>
    <dependency>
      <groupId>com.jcraft</groupId>
      <artifactId>jsch</artifactId>
      <type>jar</type>
      <version>0.1.23</version>
    </dependency>
    <dependency>
      <groupId>org.codehaus.plexus</groupId>
      <artifactId>plexus-velocity</artifactId>
      <type>jar</type>
      <version>1.1.3</version>
    </dependency>
    <dependency>
      <groupId>org.apache.maven.doxia</groupId>
      <artifactId>doxia-sink-api</artifactId>
      <type>jar</type>
      <version>1.0-alpha-8</version>
    </dependency>
    <dependency>
      <groupId>org.apache.maven.doxia</groupId>
      <artifactId>doxia-core</artifactId>
      <type>jar</type>
      <version>1.0-alpha-8</version>
    </dependency>
    <dependency>
      <groupId>org.apache.maven.reporting</groupId>
      <artifactId>maven-reporting-impl</artifactId>
      <type>jar</type>
      <version>2.0.4</version>
    </dependency>
    <dependency>
      <groupId>com.google.code.p.arat</groupId>
      <artifactId>rat-lib</artifactId>
      <type>jar</type>
      <version>0.4.1</version>
    </dependency>
    <dependency>
      <groupId>org.apache.maven.reporting</groupId>
      <artifactId>maven-reporting-api</artifactId>
      <type>jar</type>
      <version>2.0.4</version>
    </dependency>
  </dependencies>
</plugin>