<plugin>
  <description></description>
  <groupId>org.codehaus.mojo</groupId>
  <artifactId>remote-source-maven-plugin</artifactId>
  <version>1.0-alpha-1</version>
  <goalPrefix>remote-source</goalPrefix>
  <isolatedRealm>false</isolatedRealm>
  <inheritedByDefault>true</inheritedByDefault>
  <mojos>
    <mojo>
      <goal>resolve</goal>
      <description>Retrieve project sources from some external URL, and unpack them (into target, by default). Dependency resolution is required here to keep from downloading a potentially huge source tarball if the dependencies cannot be satisfied.</description>
      <requiresDirectInvocation>false</requiresDirectInvocation>
      <requiresProject>true</requiresProject>
      <requiresReports>false</requiresReports>
      <aggregator>false</aggregator>
      <requiresOnline>false</requiresOnline>
      <inheritedByDefault>true</inheritedByDefault>
      <phase>initialize</phase>
      <implementation>org.codehaus.mojo.remotesrc.GetSourceArtifactMojo</implementation>
      <language>java</language>
      <instantiationStrategy>per-lookup</instantiationStrategy>
      <executionStrategy>once-per-session</executionStrategy>
      <parameters>
        <parameter>
          <name>artifactId</name>
          <type>java.lang.String</type>
          <required>true</required>
          <editable>false</editable>
          <description>The artifactId of this project, so we can retrieve the source artifact for it.</description>
        </parameter>
        <parameter>
          <name>classifier</name>
          <type>java.lang.String</type>
          <required>false</required>
          <editable>true</editable>
          <description>The classifier for the source artifact, defaults to &quot;sources&quot;.</description>
        </parameter>
        <parameter>
          <name>copyTo</name>
          <type>java.io.File</type>
          <required>false</required>
          <editable>true</editable>
          <description>An optional File destination to copy the resolved artifact into, for handling in a shell script or something.</description>
        </parameter>
        <parameter>
          <name>groupId</name>
          <type>java.lang.String</type>
          <required>true</required>
          <editable>false</editable>
          <description>The groupId of this project, so we can retrieve the source artifact for it.</description>
        </parameter>
        <parameter>
          <name>localRepository</name>
          <type>org.apache.maven.artifact.repository.ArtifactRepository</type>
          <required>true</required>
          <editable>false</editable>
          <description>The local repository to use for caching this source artifact.</description>
        </parameter>
        <parameter>
          <name>project</name>
          <type>org.apache.maven.project.MavenProject</type>
          <required>true</required>
          <editable>false</editable>
          <description>MavenProject instance used to power any property retrieval for the Ant task executions.</description>
        </parameter>
        <parameter>
          <name>projectId</name>
          <type>java.lang.String</type>
          <required>true</required>
          <editable>false</editable>
          <description>The projectId, so we can register the source archive file in the plugin context, even in a mulimodule build environment.</description>
        </parameter>
        <parameter>
          <name>remoteRepositories</name>
          <type>java.util.List</type>
          <required>true</required>
          <editable>false</editable>
          <description>The list of remote repositories to check for this source archive.</description>
        </parameter>
        <parameter>
          <name>session</name>
          <type>org.apache.maven.execution.MavenSession</type>
          <required>true</required>
          <editable>false</editable>
          <description></description>
        </parameter>
        <parameter>
          <name>skipGet</name>
          <alias>remote.source.skip</alias>
          <type>boolean</type>
          <required>false</required>
          <editable>true</editable>
          <description>Whether to skip source retrieval.</description>
        </parameter>
        <parameter>
          <name>type</name>
          <type>java.lang.String</type>
          <required>false</required>
          <editable>true</editable>
          <description>The type of artifact we&apos;re trying to download here. Defaults to &quot;tar.gz&quot; for compressed tarballs.</description>
        </parameter>
        <parameter>
          <name>version</name>
          <type>java.lang.String</type>
          <required>true</required>
          <editable>false</editable>
          <description>The version of this project, so we can retrieve the source artifact for it.</description>
        </parameter>
      </parameters>
      <configuration>
        <groupId implementation="java.lang.String" default-value="${project.groupId}"/>
        <projectId implementation="java.lang.String" default-value="${project.id}"/>
        <type implementation="java.lang.String" default-value="tar.gz"/>
        <remoteRepositories implementation="java.util.List" default-value="${project.remoteArtifactRepositories}"/>
        <localRepository implementation="org.apache.maven.artifact.repository.ArtifactRepository" default-value="${localRepository}"/>
        <classifier implementation="java.lang.String" default-value="sources"/>
        <session implementation="org.apache.maven.execution.MavenSession" default-value="${session}"/>
        <skipGet implementation="boolean" default-value="false"/>
        <project implementation="org.apache.maven.project.MavenProject" default-value="${project}"/>
        <version implementation="java.lang.String" default-value="${project.version}"/>
        <artifactId implementation="java.lang.String" default-value="${project.artifactId}"/>
      </configuration>
      <requirements>
        <requirement>
          <role>org.apache.maven.artifact.resolver.ArtifactResolver</role>
          <field-name>resolver</field-name>
        </requirement>
        <requirement>
          <role>org.apache.maven.artifact.factory.ArtifactFactory</role>
          <field-name>factory</field-name>
        </requirement>
      </requirements>
    </mojo>
    <mojo>
      <goal>relocate</goal>
      <description>Move a set of unpacked source files from the temporary unpack directory (usually in /target somewhere) to the project ${basedir}</description>
      <requiresDirectInvocation>false</requiresDirectInvocation>
      <requiresProject>true</requiresProject>
      <requiresReports>false</requiresReports>
      <aggregator>false</aggregator>
      <requiresOnline>false</requiresOnline>
      <inheritedByDefault>true</inheritedByDefault>
      <implementation>org.codehaus.mojo.remotesrc.SourceRelocateMojo</implementation>
      <language>java</language>
      <instantiationStrategy>per-lookup</instantiationStrategy>
      <executionStrategy>once-per-session</executionStrategy>
      <parameters>
        <parameter>
          <name>expandTarget</name>
          <type>java.io.File</type>
          <required>true</required>
          <editable>true</editable>
          <description>The location where the source archive was unpacked.</description>
        </parameter>
        <parameter>
          <name>project</name>
          <type>org.apache.maven.project.MavenProject</type>
          <required>true</required>
          <editable>false</editable>
          <description>MavenProject instance used to power any property retrieval for the Ant task executions.</description>
        </parameter>
        <parameter>
          <name>projectId</name>
          <type>java.lang.String</type>
          <required>true</required>
          <editable>false</editable>
          <description>The projectId, so we can register the source archive file in the plugin context, even in a mulimodule build environment.</description>
        </parameter>
        <parameter>
          <name>relativeSourceBase</name>
          <type>java.lang.String</type>
          <required>false</required>
          <editable>true</editable>
          <description>The directory structure beneath the expansion target (the directory into which the source archive was unpacked) where the true sources exist...this directory structure will NOT be preserved during relocation.</description>
        </parameter>
        <parameter>
          <name>relocateTarget</name>
          <type>java.io.File</type>
          <required>true</required>
          <editable>true</editable>
          <description>The project&apos;s base directory, into which the project sources will be moved.</description>
        </parameter>
        <parameter>
          <name>session</name>
          <type>org.apache.maven.execution.MavenSession</type>
          <required>true</required>
          <editable>false</editable>
          <description></description>
        </parameter>
        <parameter>
          <name>skipRelocate</name>
          <type>boolean</type>
          <required>false</required>
          <editable>true</editable>
          <description></description>
        </parameter>
      </parameters>
      <configuration>
        <projectId implementation="java.lang.String" default-value="${project.id}"/>
        <relocateTarget implementation="java.io.File" default-value="${basedir}"/>
        <skipRelocate implementation="boolean" default-value="false"/>
        <session implementation="org.apache.maven.execution.MavenSession" default-value="${session}"/>
        <project implementation="org.apache.maven.project.MavenProject" default-value="${project}"/>
        <expandTarget implementation="java.io.File" default-value="${project.build.directory}"/>
      </configuration>
    </mojo>
    <mojo>
      <goal>unpack</goal>
      <description>Retrieve project sources from some external URL, and unpack them (into target, by default). Dependency resolution is required here to keep from downloading a potentially huge source tarball if the dependencies cannot be satisfied.</description>
      <requiresDependencyResolution>compile</requiresDependencyResolution>
      <requiresDirectInvocation>false</requiresDirectInvocation>
      <requiresProject>true</requiresProject>
      <requiresReports>false</requiresReports>
      <aggregator>false</aggregator>
      <requiresOnline>false</requiresOnline>
      <inheritedByDefault>true</inheritedByDefault>
      <implementation>org.codehaus.mojo.remotesrc.SourceUnpackMojo</implementation>
      <language>java</language>
      <instantiationStrategy>per-lookup</instantiationStrategy>
      <executionStrategy>once-per-session</executionStrategy>
      <parameters>
        <parameter>
          <name>expandTarget</name>
          <type>java.io.File</type>
          <required>true</required>
          <editable>true</editable>
          <description>The target directory into which the project source archive should be expanded.</description>
        </parameter>
        <parameter>
          <name>messageLevel</name>
          <type>java.lang.String</type>
          <required>false</required>
          <editable>true</editable>
          <description>The Ant messageLevel to use.</description>
        </parameter>
        <parameter>
          <name>overwrite</name>
          <type>boolean</type>
          <required>false</required>
          <editable>true</editable>
          <description>Whether to force this to unpack, regardless of whether there is already a directory in place.</description>
        </parameter>
        <parameter>
          <name>project</name>
          <type>org.apache.maven.project.MavenProject</type>
          <required>true</required>
          <editable>false</editable>
          <description>MavenProject instance used to power any property retrieval for the Ant task executions.</description>
        </parameter>
        <parameter>
          <name>projectId</name>
          <type>java.lang.String</type>
          <required>true</required>
          <editable>false</editable>
          <description>The projectId, so we can register the source archive file in the plugin context, even in a mulimodule build environment.</description>
        </parameter>
        <parameter>
          <name>session</name>
          <type>org.apache.maven.execution.MavenSession</type>
          <required>true</required>
          <editable>false</editable>
          <description></description>
        </parameter>
        <parameter>
          <name>skipUnpack</name>
          <type>boolean</type>
          <required>false</required>
          <editable>true</editable>
          <description>Whether to skip the unpack step.</description>
        </parameter>
        <parameter>
          <name>sourceArchive</name>
          <type>java.io.File</type>
          <required>false</required>
          <editable>true</editable>
          <description>The source archive to unpack.</description>
        </parameter>
        <parameter>
          <name>workDir</name>
          <type>java.io.File</type>
          <required>true</required>
          <editable>true</editable>
          <description>The resulting unpacked directory to check when !overwrite.</description>
        </parameter>
      </parameters>
      <configuration>
        <skipUnpack implementation="boolean" default-value="false"/>
        <workDir implementation="java.io.File" default-value="${workDir}"/>
        <projectId implementation="java.lang.String" default-value="${project.id}"/>
        <messageLevel implementation="java.lang.String">${messageLevel}</messageLevel>
        <overwrite implementation="boolean" default-value="false">${source.unpack.overwrite}</overwrite>
        <session implementation="org.apache.maven.execution.MavenSession" default-value="${session}"/>
        <project implementation="org.apache.maven.project.MavenProject" default-value="${project}"/>
        <expandTarget implementation="java.io.File" default-value="${project.build.directory}"/>
      </configuration>
    </mojo>
    <mojo>
      <goal>get</goal>
      <description>Retrieve project sources from some external URL, and unpack them (into target, by default). Dependency resolution is required here to keep from downloading a potentially huge source tarball if the dependencies cannot be satisfied.</description>
      <requiresDependencyResolution>compile</requiresDependencyResolution>
      <requiresDirectInvocation>false</requiresDirectInvocation>
      <requiresProject>true</requiresProject>
      <requiresReports>false</requiresReports>
      <aggregator>false</aggregator>
      <requiresOnline>false</requiresOnline>
      <inheritedByDefault>true</inheritedByDefault>
      <phase>initialize</phase>
      <implementation>org.codehaus.mojo.remotesrc.SourceGetMojo</implementation>
      <language>java</language>
      <instantiationStrategy>per-lookup</instantiationStrategy>
      <executionStrategy>once-per-session</executionStrategy>
      <parameters>
        <parameter>
          <name>artifactId</name>
          <type>java.lang.String</type>
          <required>true</required>
          <editable>false</editable>
          <description>The artifactId of this project, so we can retrieve the source artifact for it.</description>
        </parameter>
        <parameter>
          <name>classifier</name>
          <type>java.lang.String</type>
          <required>false</required>
          <editable>true</editable>
          <description>The classifier for the source artifact, defaults to &quot;sources&quot;.</description>
        </parameter>
        <parameter>
          <name>copyTo</name>
          <type>java.io.File</type>
          <required>false</required>
          <editable>true</editable>
          <description>An optional File destination to copy the resolved artifact into, for handling in a shell script or something.</description>
        </parameter>
        <parameter>
          <name>groupId</name>
          <type>java.lang.String</type>
          <required>true</required>
          <editable>false</editable>
          <description>The groupId of this project, so we can retrieve the source artifact for it.</description>
        </parameter>
        <parameter>
          <name>localRepository</name>
          <type>org.apache.maven.artifact.repository.ArtifactRepository</type>
          <required>true</required>
          <editable>false</editable>
          <description>The local repository to use for caching this source artifact.</description>
        </parameter>
        <parameter>
          <name>project</name>
          <type>org.apache.maven.project.MavenProject</type>
          <required>true</required>
          <editable>false</editable>
          <description>MavenProject instance used to power any property retrieval for the Ant task executions.</description>
        </parameter>
        <parameter>
          <name>projectId</name>
          <type>java.lang.String</type>
          <required>true</required>
          <editable>false</editable>
          <description>The projectId, so we can register the source archive file in the plugin context, even in a mulimodule build environment.</description>
        </parameter>
        <parameter>
          <name>remoteRepositories</name>
          <type>java.util.List</type>
          <required>true</required>
          <editable>false</editable>
          <description>The list of remote repositories to check for this source archive.</description>
        </parameter>
        <parameter>
          <name>session</name>
          <type>org.apache.maven.execution.MavenSession</type>
          <required>true</required>
          <editable>false</editable>
          <description></description>
        </parameter>
        <parameter>
          <name>skipGet</name>
          <alias>remote.source.skip</alias>
          <type>boolean</type>
          <required>false</required>
          <editable>true</editable>
          <description>Whether to skip source retrieval.</description>
        </parameter>
        <parameter>
          <name>type</name>
          <type>java.lang.String</type>
          <required>false</required>
          <editable>true</editable>
          <description>The type of artifact we&apos;re trying to download here. Defaults to &quot;tar.gz&quot; for compressed tarballs.</description>
        </parameter>
        <parameter>
          <name>url</name>
          <type>java.lang.String</type>
          <required>false</required>
          <editable>true</editable>
          <description>URL from which to retrieve the project sources.</description>
        </parameter>
        <parameter>
          <name>version</name>
          <type>java.lang.String</type>
          <required>true</required>
          <editable>false</editable>
          <description>The version of this project, so we can retrieve the source artifact for it.</description>
        </parameter>
      </parameters>
      <configuration>
        <groupId implementation="java.lang.String" default-value="${project.groupId}"/>
        <projectId implementation="java.lang.String" default-value="${project.id}"/>
        <type implementation="java.lang.String" default-value="tar.gz"/>
        <remoteRepositories implementation="java.util.List" default-value="${project.remoteArtifactRepositories}"/>
        <localRepository implementation="org.apache.maven.artifact.repository.ArtifactRepository" default-value="${localRepository}"/>
        <classifier implementation="java.lang.String" default-value="sources"/>
        <session implementation="org.apache.maven.execution.MavenSession" default-value="${session}"/>
        <skipGet implementation="boolean" default-value="false"/>
        <project implementation="org.apache.maven.project.MavenProject" default-value="${project}"/>
        <version implementation="java.lang.String" default-value="${project.version}"/>
        <artifactId implementation="java.lang.String" default-value="${project.artifactId}"/>
      </configuration>
      <requirements>
        <requirement>
          <role>org.apache.maven.artifact.resolver.ArtifactResolver</role>
          <field-name>resolver</field-name>
        </requirement>
        <requirement>
          <role>org.apache.maven.shared.io.download.DownloadManager</role>
          <field-name>downloadManager</field-name>
        </requirement>
        <requirement>
          <role>org.apache.maven.artifact.factory.ArtifactFactory</role>
          <field-name>factory</field-name>
        </requirement>
      </requirements>
    </mojo>
  </mojos>
  <dependencies/>
</plugin>