<plugin>
  <description>Translates Java 5 classes to be compatible with J2SE 1.4 using Retrotranslator.</description>
  <groupId>org.codehaus.mojo</groupId>
  <artifactId>retrotranslator-maven-plugin</artifactId>
  <version>1.0-alpha-2</version>
  <goalPrefix>retrotranslator</goalPrefix>
  <isolatedRealm>false</isolatedRealm>
  <inheritedByDefault>true</inheritedByDefault>
  <mojos>
    <mojo>
      <goal>translate</goal>
      <description>Retrotranslates jars and classes.</description>
      <requiresDirectInvocation>false</requiresDirectInvocation>
      <requiresProject>true</requiresProject>
      <requiresReports>false</requiresReports>
      <aggregator>false</aggregator>
      <requiresOnline>false</requiresOnline>
      <inheritedByDefault>true</inheritedByDefault>
      <phase>process-classes</phase>
      <implementation>org.codehaus.mojo.retrotranslator.TranslateMojo</implementation>
      <language>java</language>
      <instantiationStrategy>per-lookup</instantiationStrategy>
      <executionStrategy>once-per-session</executionStrategy>
      <parameters>
        <parameter>
          <name>advanced</name>
          <type>boolean</type>
          <required>false</required>
          <editable>true</editable>
          <description>Whether to use alternative implementations of Java 1.4
classes and methods for better Java 5 compatibility.</description>
        </parameter>
        <parameter>
          <name>backport</name>
          <type>java.lang.String</type>
          <required>false</required>
          <editable>true</editable>
          <description>Informs the translator about user-defined backport packages.
Package names should be separated by semicolons.</description>
        </parameter>
        <parameter>
          <name>classpathElements</name>
          <type>java.util.List</type>
          <required>true</required>
          <editable>false</editable>
          <description>Project classpath.</description>
        </parameter>
        <parameter>
          <name>destdir</name>
          <type>java.io.File</type>
          <required>false</required>
          <editable>true</editable>
          <description>The directory to place translated classes.</description>
        </parameter>
        <parameter>
          <name>destjar</name>
          <type>java.io.File</type>
          <required>false</required>
          <editable>true</editable>
          <description>The JAR file to place translated classes.</description>
        </parameter>
        <parameter>
          <name>dirsets</name>
          <type>org.apache.maven.shared.model.fileset.FileSet[]</type>
          <required>false</required>
          <editable>true</editable>
          <description>Directories to include in the translation.</description>
        </parameter>
        <parameter>
          <name>embed</name>
          <type>java.lang.String</type>
          <required>false</required>
          <editable>true</editable>
          <description>The package name for a private copy of retrotranslator-runtime-n.n.n.jar
and backport-util-concurrent-n.n.jar to be put with translated classes.</description>
        </parameter>
        <parameter>
          <name>failonwarning</name>
          <type>boolean</type>
          <required>false</required>
          <editable>true</editable>
          <description>Fails build when verification has failed.</description>
        </parameter>
        <parameter>
          <name>filesets</name>
          <type>org.apache.maven.shared.model.fileset.FileSet[]</type>
          <required>false</required>
          <editable>true</editable>
          <description>Files to include in the translation.</description>
        </parameter>
        <parameter>
          <name>jarfilesets</name>
          <type>org.apache.maven.shared.model.fileset.FileSet[]</type>
          <required>false</required>
          <editable>true</editable>
          <description>Jar files to include in the translation.</description>
        </parameter>
        <parameter>
          <name>lazy</name>
          <type>boolean</type>
          <required>false</required>
          <editable>true</editable>
          <description>Asks the translator to only transform classes compiled
with a target greater than the current one.</description>
        </parameter>
        <parameter>
          <name>retainapi</name>
          <type>boolean</type>
          <required>false</required>
          <editable>true</editable>
          <description>Asks the translator to modify classes for JVM 1.4 compatibility
but keep use of Java 5 API.</description>
        </parameter>
        <parameter>
          <name>retainflags</name>
          <type>boolean</type>
          <required>false</required>
          <editable>true</editable>
          <description>Asks the translator to keep Java 5 specific access modifiers.</description>
        </parameter>
        <parameter>
          <name>srcmask</name>
          <type>java.lang.String</type>
          <required>false</required>
          <editable>true</editable>
          <description>The wildcard pattern specifying files that should be translated (either bytecode
or UTF-8 text), e.g. &quot;*.class;*.tld&quot;. There are three special characters: &quot;*?;&quot;.</description>
        </parameter>
        <parameter>
          <name>stripsign</name>
          <type>boolean</type>
          <required>false</required>
          <editable>true</editable>
          <description>Asks the translator to strip signature (generics) information.</description>
        </parameter>
        <parameter>
          <name>target</name>
          <type>java.lang.String</type>
          <required>false</required>
          <editable>true</editable>
          <description>To make Java 6 classes compatible with Java 5 set this option to 1.5
and supply user-defined backport packages.</description>
        </parameter>
        <parameter>
          <name>verbose</name>
          <type>boolean</type>
          <required>false</required>
          <editable>true</editable>
          <description>Asks the translator for verbose output.</description>
        </parameter>
        <parameter>
          <name>verify</name>
          <type>boolean</type>
          <required>false</required>
          <editable>true</editable>
          <description>Asks the translator to examine translated bytecode for references
to classes, methods, or fields that cannot be found in the provided classpath.</description>
        </parameter>
        <parameter>
          <name>verifyClasspath</name>
          <type>java.util.List</type>
          <required>false</required>
          <editable>true</editable>
          <description>The classpath for the verification including rt.jar, jce.jar, jsse.jar (from JRE 1.4).
The retrotranslator-runtime-n.n.n.jar, and backport-util-concurrent-n.n.jar
are included by default, they are not required to be defined here.</description>
        </parameter>
      </parameters>
      <configuration>
        <backport implementation="java.lang.String">${backport}</backport>
        <target implementation="java.lang.String" default-value="1.4">${target}</target>
        <stripsign implementation="boolean" default-value="false">${stripsign}</stripsign>
        <embed implementation="java.lang.String">${embed}</embed>
        <destdir implementation="java.io.File">${destdir}</destdir>
        <advanced implementation="boolean" default-value="false">${advanced}</advanced>
        <classpathElements implementation="java.util.List">${project.compileClasspathElements}</classpathElements>
        <destjar implementation="java.io.File">${destjar}</destjar>
        <failonwarning implementation="boolean" default-value="true">${failonwarning}</failonwarning>
        <verbose implementation="boolean" default-value="false">${verbose}</verbose>
        <verify implementation="boolean" default-value="false">${verify}</verify>
        <lazy implementation="boolean" default-value="false">${lazy}</lazy>
        <retainapi implementation="boolean" default-value="false">${retainapi}</retainapi>
        <retainflags implementation="boolean" default-value="false">${retainflags}</retainflags>
        <srcmask implementation="java.lang.String" default-value="*.class">${srcmask}</srcmask>
      </configuration>
    </mojo>
    <mojo>
      <goal>translate-project</goal>
      <description>Retrotranslates the artifact for the current project.</description>
      <requiresDirectInvocation>false</requiresDirectInvocation>
      <requiresProject>true</requiresProject>
      <requiresReports>false</requiresReports>
      <aggregator>false</aggregator>
      <requiresOnline>false</requiresOnline>
      <inheritedByDefault>true</inheritedByDefault>
      <phase>package</phase>
      <implementation>org.codehaus.mojo.retrotranslator.TranslateProjectMojo</implementation>
      <language>java</language>
      <instantiationStrategy>per-lookup</instantiationStrategy>
      <executionStrategy>once-per-session</executionStrategy>
      <parameters>
        <parameter>
          <name>advanced</name>
          <type>boolean</type>
          <required>false</required>
          <editable>true</editable>
          <description>Whether to use alternative implementations of Java 1.4
classes and methods for better Java 5 compatibility.</description>
        </parameter>
        <parameter>
          <name>attach</name>
          <type>boolean</type>
          <required>false</required>
          <editable>true</editable>
          <description>Flag to enable/disable attaching retrotranslated artifacts.</description>
        </parameter>
        <parameter>
          <name>backport</name>
          <type>java.lang.String</type>
          <required>false</required>
          <editable>true</editable>
          <description>Informs the translator about user-defined backport packages.
Package names should be separated by semicolons.</description>
        </parameter>
        <parameter>
          <name>baseName</name>
          <type>java.lang.String</type>
          <required>true</required>
          <editable>true</editable>
          <description>The base-name of the generated artifact.</description>
        </parameter>
        <parameter>
          <name>classifier</name>
          <type>java.lang.String</type>
          <required>false</required>
          <editable>true</editable>
          <description>The classifier used when attaching the retrotranslated project artifact.</description>
        </parameter>
        <parameter>
          <name>classpathElements</name>
          <type>java.util.List</type>
          <required>true</required>
          <editable>false</editable>
          <description>Project classpath.</description>
        </parameter>
        <parameter>
          <name>embed</name>
          <type>java.lang.String</type>
          <required>false</required>
          <editable>true</editable>
          <description>The package name for a private copy of retrotranslator-runtime-n.n.n.jar
and backport-util-concurrent-n.n.jar to be put with translated classes.</description>
        </parameter>
        <parameter>
          <name>failonwarning</name>
          <type>boolean</type>
          <required>false</required>
          <editable>true</editable>
          <description>Fails build when verification has failed.</description>
        </parameter>
        <parameter>
          <name>lazy</name>
          <type>boolean</type>
          <required>false</required>
          <editable>true</editable>
          <description>Asks the translator to only transform classes compiled
with a target greater than the current one.</description>
        </parameter>
        <parameter>
          <name>outputDirectory</name>
          <type>java.io.File</type>
          <required>true</required>
          <editable>true</editable>
          <description>Where to put the translated artifact.</description>
        </parameter>
        <parameter>
          <name>project</name>
          <type>org.apache.maven.project.MavenProject</type>
          <required>true</required>
          <editable>false</editable>
          <description>The maven project.</description>
        </parameter>
        <parameter>
          <name>retainapi</name>
          <type>boolean</type>
          <required>false</required>
          <editable>true</editable>
          <description>Asks the translator to modify classes for JVM 1.4 compatibility
but keep use of Java 5 API.</description>
        </parameter>
        <parameter>
          <name>retainflags</name>
          <type>boolean</type>
          <required>false</required>
          <editable>true</editable>
          <description>Asks the translator to keep Java 5 specific access modifiers.</description>
        </parameter>
        <parameter>
          <name>srcmask</name>
          <type>java.lang.String</type>
          <required>false</required>
          <editable>true</editable>
          <description>The wildcard pattern specifying files that should be translated (either bytecode
or UTF-8 text), e.g. &quot;*.class;*.tld&quot;. There are three special characters: &quot;*?;&quot;.</description>
        </parameter>
        <parameter>
          <name>stripsign</name>
          <type>boolean</type>
          <required>false</required>
          <editable>true</editable>
          <description>Asks the translator to strip signature (generics) information.</description>
        </parameter>
        <parameter>
          <name>target</name>
          <type>java.lang.String</type>
          <required>false</required>
          <editable>true</editable>
          <description>To make Java 6 classes compatible with Java 5 set this option to 1.5
and supply user-defined backport packages.</description>
        </parameter>
        <parameter>
          <name>verbose</name>
          <type>boolean</type>
          <required>false</required>
          <editable>true</editable>
          <description>Asks the translator for verbose output.</description>
        </parameter>
        <parameter>
          <name>verify</name>
          <type>boolean</type>
          <required>false</required>
          <editable>true</editable>
          <description>Asks the translator to examine translated bytecode for references
to classes, methods, or fields that cannot be found in the provided classpath.</description>
        </parameter>
        <parameter>
          <name>verifyClasspath</name>
          <type>java.util.List</type>
          <required>false</required>
          <editable>true</editable>
          <description>The classpath for the verification including rt.jar, jce.jar, jsse.jar (from JRE 1.4).
The retrotranslator-runtime-n.n.n.jar, and backport-util-concurrent-n.n.jar
are included by default, they are not required to be defined here.</description>
        </parameter>
      </parameters>
      <configuration>
        <backport implementation="java.lang.String">${backport}</backport>
        <target implementation="java.lang.String" default-value="1.4">${target}</target>
        <classifier implementation="java.lang.String" default-value="jdk14">${classifier}</classifier>
        <stripsign implementation="boolean" default-value="false">${stripsign}</stripsign>
        <attach implementation="boolean" default-value="true">${attach}</attach>
        <embed implementation="java.lang.String">${embed}</embed>
        <outputDirectory implementation="java.io.File">${project.build.directory}</outputDirectory>
        <baseName implementation="java.lang.String">${project.build.finalName}</baseName>
        <advanced implementation="boolean" default-value="false">${advanced}</advanced>
        <classpathElements implementation="java.util.List">${project.compileClasspathElements}</classpathElements>
        <failonwarning implementation="boolean" default-value="true">${failonwarning}</failonwarning>
        <verbose implementation="boolean" default-value="false">${verbose}</verbose>
        <project implementation="org.apache.maven.project.MavenProject">${project}</project>
        <verify implementation="boolean" default-value="false">${verify}</verify>
        <lazy implementation="boolean" default-value="false">${lazy}</lazy>
        <retainapi implementation="boolean" default-value="false">${retainapi}</retainapi>
        <retainflags implementation="boolean" default-value="false">${retainflags}</retainflags>
        <srcmask implementation="java.lang.String" default-value="*.class">${srcmask}</srcmask>
      </configuration>
      <requirements>
        <requirement>
          <role>org.apache.maven.project.MavenProjectHelper</role>
          <field-name>projectHelper</field-name>
        </requirement>
      </requirements>
    </mojo>
    <mojo>
      <goal>translate-war</goal>
      <description>Retrotranslates the classes in the war, as well as all jars in WEB-INF/lib.
Creates a new war with the specified classifier with these retrotranslations.</description>
      <requiresDirectInvocation>false</requiresDirectInvocation>
      <requiresProject>true</requiresProject>
      <requiresReports>false</requiresReports>
      <aggregator>false</aggregator>
      <requiresOnline>false</requiresOnline>
      <inheritedByDefault>true</inheritedByDefault>
      <phase>package</phase>
      <implementation>org.codehaus.mojo.retrotranslator.TranslateWarMojo</implementation>
      <language>java</language>
      <instantiationStrategy>per-lookup</instantiationStrategy>
      <executionStrategy>once-per-session</executionStrategy>
      <parameters>
        <parameter>
          <name>advanced</name>
          <type>boolean</type>
          <required>false</required>
          <editable>true</editable>
          <description>Whether to use alternative implementations of Java 1.4
classes and methods for better Java 5 compatibility.</description>
        </parameter>
        <parameter>
          <name>attach</name>
          <type>boolean</type>
          <required>false</required>
          <editable>true</editable>
          <description>Flag to enable/disable attaching retrotranslated artifacts.</description>
        </parameter>
        <parameter>
          <name>backport</name>
          <type>java.lang.String</type>
          <required>false</required>
          <editable>true</editable>
          <description>Informs the translator about user-defined backport packages.
Package names should be separated by semicolons.</description>
        </parameter>
        <parameter>
          <name>baseName</name>
          <type>java.lang.String</type>
          <required>true</required>
          <editable>true</editable>
          <description>The base-name of the generated artifact.</description>
        </parameter>
        <parameter>
          <name>classifier</name>
          <type>java.lang.String</type>
          <required>false</required>
          <editable>true</editable>
          <description>The classifier used when attaching the retrotranslated project artifact.</description>
        </parameter>
        <parameter>
          <name>classpathElements</name>
          <type>java.util.List</type>
          <required>true</required>
          <editable>false</editable>
          <description>Project classpath.</description>
        </parameter>
        <parameter>
          <name>embed</name>
          <type>java.lang.String</type>
          <required>false</required>
          <editable>true</editable>
          <description>The package name for a private copy of retrotranslator-runtime-n.n.n.jar
and backport-util-concurrent-n.n.jar to be put with translated classes.</description>
        </parameter>
        <parameter>
          <name>failonwarning</name>
          <type>boolean</type>
          <required>false</required>
          <editable>true</editable>
          <description>Fails build when verification has failed.</description>
        </parameter>
        <parameter>
          <name>jarfileset</name>
          <type>org.codehaus.plexus.util.DirectoryScanner</type>
          <required>false</required>
          <editable>true</editable>
          <description>A set of jar files to include in the translation. Note: any basedir will
be ignored and reset to WEB-INF/lib</description>
        </parameter>
        <parameter>
          <name>lazy</name>
          <type>boolean</type>
          <required>false</required>
          <editable>true</editable>
          <description>Asks the translator to only transform classes compiled
with a target greater than the current one.</description>
        </parameter>
        <parameter>
          <name>outputDirectory</name>
          <type>java.io.File</type>
          <required>true</required>
          <editable>true</editable>
          <description>Where to put the translated artifact.</description>
        </parameter>
        <parameter>
          <name>project</name>
          <type>org.apache.maven.project.MavenProject</type>
          <required>true</required>
          <editable>false</editable>
          <description>The maven project.</description>
        </parameter>
        <parameter>
          <name>retainapi</name>
          <type>boolean</type>
          <required>false</required>
          <editable>true</editable>
          <description>Asks the translator to modify classes for JVM 1.4 compatibility
but keep use of Java 5 API.</description>
        </parameter>
        <parameter>
          <name>retainflags</name>
          <type>boolean</type>
          <required>false</required>
          <editable>true</editable>
          <description>Asks the translator to keep Java 5 specific access modifiers.</description>
        </parameter>
        <parameter>
          <name>srcmask</name>
          <type>java.lang.String</type>
          <required>false</required>
          <editable>true</editable>
          <description>The wildcard pattern specifying files that should be translated (either bytecode
or UTF-8 text), e.g. &quot;*.class;*.tld&quot;. There are three special characters: &quot;*?;&quot;.</description>
        </parameter>
        <parameter>
          <name>stripsign</name>
          <type>boolean</type>
          <required>false</required>
          <editable>true</editable>
          <description>Asks the translator to strip signature (generics) information.</description>
        </parameter>
        <parameter>
          <name>target</name>
          <type>java.lang.String</type>
          <required>false</required>
          <editable>true</editable>
          <description>To make Java 6 classes compatible with Java 5 set this option to 1.5
and supply user-defined backport packages.</description>
        </parameter>
        <parameter>
          <name>verbose</name>
          <type>boolean</type>
          <required>false</required>
          <editable>true</editable>
          <description>Asks the translator for verbose output.</description>
        </parameter>
        <parameter>
          <name>verify</name>
          <type>boolean</type>
          <required>false</required>
          <editable>true</editable>
          <description>Asks the translator to examine translated bytecode for references
to classes, methods, or fields that cannot be found in the provided classpath.</description>
        </parameter>
        <parameter>
          <name>verifyClasspath</name>
          <type>java.util.List</type>
          <required>false</required>
          <editable>true</editable>
          <description>The classpath for the verification including rt.jar, jce.jar, jsse.jar (from JRE 1.4).
The retrotranslator-runtime-n.n.n.jar, and backport-util-concurrent-n.n.jar
are included by default, they are not required to be defined here.</description>
        </parameter>
      </parameters>
      <configuration>
        <backport implementation="java.lang.String">${backport}</backport>
        <target implementation="java.lang.String" default-value="1.4">${target}</target>
        <classifier implementation="java.lang.String" default-value="jdk14">${classifier}</classifier>
        <stripsign implementation="boolean" default-value="false">${stripsign}</stripsign>
        <attach implementation="boolean" default-value="true">${attach}</attach>
        <embed implementation="java.lang.String">${embed}</embed>
        <outputDirectory implementation="java.io.File">${project.build.directory}</outputDirectory>
        <baseName implementation="java.lang.String">${project.build.finalName}</baseName>
        <advanced implementation="boolean" default-value="false">${advanced}</advanced>
        <classpathElements implementation="java.util.List">${project.compileClasspathElements}</classpathElements>
        <failonwarning implementation="boolean" default-value="true">${failonwarning}</failonwarning>
        <verbose implementation="boolean" default-value="false">${verbose}</verbose>
        <project implementation="org.apache.maven.project.MavenProject">${project}</project>
        <verify implementation="boolean" default-value="false">${verify}</verify>
        <lazy implementation="boolean" default-value="false">${lazy}</lazy>
        <retainapi implementation="boolean" default-value="false">${retainapi}</retainapi>
        <retainflags implementation="boolean" default-value="false">${retainflags}</retainflags>
        <srcmask implementation="java.lang.String" default-value="*.class">${srcmask}</srcmask>
      </configuration>
      <requirements>
        <requirement>
          <role>org.apache.maven.project.MavenProjectHelper</role>
          <field-name>projectHelper</field-name>
        </requirement>
        <requirement>
          <role>org.codehaus.plexus.archiver.Archiver</role>
          <role-hint>war</role-hint>
          <field-name>warArchiver</field-name>
        </requirement>
      </requirements>
    </mojo>
  </mojos>
  <dependencies/>
</plugin>