<plugin>
  <description>Provides support to start a Selenium server.</description>
  <groupId>org.codehaus.mojo</groupId>
  <artifactId>selenium-maven-plugin</artifactId>
  <version>1.0-beta-1</version>
  <goalPrefix>selenium</goalPrefix>
  <isolatedRealm>false</isolatedRealm>
  <inheritedByDefault>true</inheritedByDefault>
  <mojos>
    <mojo>
      <goal>start</goal>
      <description>Alias for &lt;tt&gt;start-server&lt;/tt&gt;.</description>
      <requiresDirectInvocation>false</requiresDirectInvocation>
      <requiresProject>true</requiresProject>
      <requiresReports>false</requiresReports>
      <aggregator>false</aggregator>
      <requiresOnline>false</requiresOnline>
      <inheritedByDefault>true</inheritedByDefault>
      <implementation>org.codehaus.mojo.selenium.StartMojo</implementation>
      <language>java</language>
      <instantiationStrategy>per-lookup</instantiationStrategy>
      <executionStrategy>once-per-session</executionStrategy>
      <parameters>
        <parameter>
          <name>background</name>
          <type>boolean</type>
          <required>true</required>
          <editable>true</editable>
          <description>Flag to control if we background the server or block Maven execution.</description>
        </parameter>
        <parameter>
          <name>debug</name>
          <type>boolean</type>
          <required>false</required>
          <editable>true</editable>
          <description>Enable the server&apos;s debug mode..</description>
        </parameter>
        <parameter>
          <name>defaultUserExtensions</name>
          <type>java.lang.String</type>
          <required>false</required>
          <editable>true</editable>
          <description>The file or resource to use for default user-extentions.js.</description>
        </parameter>
        <parameter>
          <name>defaultUserExtensionsEnabled</name>
          <type>boolean</type>
          <required>false</required>
          <editable>true</editable>
          <description>Enable or disable default user-extentions.js</description>
        </parameter>
        <parameter>
          <name>logFile</name>
          <type>java.io.File</type>
          <required>true</required>
          <editable>true</editable>
          <description>The file that Selenium server logs will be written to.</description>
        </parameter>
        <parameter>
          <name>logOutput</name>
          <type>boolean</type>
          <required>false</required>
          <editable>true</editable>
          <description>Enable logging mode.</description>
        </parameter>
        <parameter>
          <name>pluginArtifactMap</name>
          <type>java.util.Map</type>
          <required>true</required>
          <editable>false</editable>
          <description>Map of of plugin artifacts.</description>
        </parameter>
        <parameter>
          <name>port</name>
          <type>int</type>
          <required>false</required>
          <editable>true</editable>
          <description>The port number the server will use.</description>
        </parameter>
        <parameter>
          <name>project</name>
          <type>org.apache.maven.project.MavenProject</type>
          <required>true</required>
          <editable>false</editable>
          <description>The maven project.</description>
        </parameter>
        <parameter>
          <name>timeout</name>
          <type>int</type>
          <required>false</required>
          <editable>true</editable>
          <description>Timeout for the server in seconds.</description>
        </parameter>
        <parameter>
          <name>userExtensions</name>
          <type>java.lang.String</type>
          <required>false</required>
          <editable>true</editable>
          <description>Location of the user-extentions.js to load into the server.
If defaultUserExtensionsEnabled is true, then this file will be appended to the defaults.</description>
        </parameter>
        <parameter>
          <name>workingDirectory</name>
          <type>java.io.File</type>
          <required>true</required>
          <editable>true</editable>
          <description>Working directory where Selenium server will be started from.</description>
        </parameter>
      </parameters>
      <configuration>
        <debug implementation="boolean" default-value="false">${debug}</debug>
        <timeout implementation="int" default-value="-1">${timeout}</timeout>
        <logOutput implementation="boolean" default-value="false">${logOutput}</logOutput>
        <logFile implementation="java.io.File" default-value="${project.build.directory}/selenium/server.log">${logFile}</logFile>
        <workingDirectory implementation="java.io.File">${project.build.directory}/selenium</workingDirectory>
        <project implementation="org.apache.maven.project.MavenProject">${project}</project>
        <defaultUserExtensionsEnabled implementation="boolean" default-value="true"/>
        <defaultUserExtensions implementation="java.lang.String" default-value="org/codehaus/mojo/selenium/default-user-extentions.js"/>
        <background implementation="boolean" default-value="false"/>
        <port implementation="int" default-value="4444">${port}</port>
        <pluginArtifactMap implementation="java.util.Map">${plugin.artifactMap}</pluginArtifactMap>
      </configuration>
    </mojo>
    <mojo>
      <goal>start-server</goal>
      <description>Start the Selenium server.</description>
      <requiresDirectInvocation>false</requiresDirectInvocation>
      <requiresProject>true</requiresProject>
      <requiresReports>false</requiresReports>
      <aggregator>false</aggregator>
      <requiresOnline>false</requiresOnline>
      <inheritedByDefault>true</inheritedByDefault>
      <implementation>org.codehaus.mojo.selenium.StartServerMojo</implementation>
      <language>java</language>
      <instantiationStrategy>per-lookup</instantiationStrategy>
      <executionStrategy>once-per-session</executionStrategy>
      <parameters>
        <parameter>
          <name>background</name>
          <type>boolean</type>
          <required>true</required>
          <editable>true</editable>
          <description>Flag to control if we background the server or block Maven execution.</description>
        </parameter>
        <parameter>
          <name>debug</name>
          <type>boolean</type>
          <required>false</required>
          <editable>true</editable>
          <description>Enable the server&apos;s debug mode..</description>
        </parameter>
        <parameter>
          <name>defaultUserExtensions</name>
          <type>java.lang.String</type>
          <required>false</required>
          <editable>true</editable>
          <description>The file or resource to use for default user-extentions.js.</description>
        </parameter>
        <parameter>
          <name>defaultUserExtensionsEnabled</name>
          <type>boolean</type>
          <required>false</required>
          <editable>true</editable>
          <description>Enable or disable default user-extentions.js</description>
        </parameter>
        <parameter>
          <name>logFile</name>
          <type>java.io.File</type>
          <required>true</required>
          <editable>true</editable>
          <description>The file that Selenium server logs will be written to.</description>
        </parameter>
        <parameter>
          <name>logOutput</name>
          <type>boolean</type>
          <required>false</required>
          <editable>true</editable>
          <description>Enable logging mode.</description>
        </parameter>
        <parameter>
          <name>pluginArtifactMap</name>
          <type>java.util.Map</type>
          <required>true</required>
          <editable>false</editable>
          <description>Map of of plugin artifacts.</description>
        </parameter>
        <parameter>
          <name>port</name>
          <type>int</type>
          <required>false</required>
          <editable>true</editable>
          <description>The port number the server will use.</description>
        </parameter>
        <parameter>
          <name>project</name>
          <type>org.apache.maven.project.MavenProject</type>
          <required>true</required>
          <editable>false</editable>
          <description>The maven project.</description>
        </parameter>
        <parameter>
          <name>timeout</name>
          <type>int</type>
          <required>false</required>
          <editable>true</editable>
          <description>Timeout for the server in seconds.</description>
        </parameter>
        <parameter>
          <name>userExtensions</name>
          <type>java.lang.String</type>
          <required>false</required>
          <editable>true</editable>
          <description>Location of the user-extentions.js to load into the server.
If defaultUserExtensionsEnabled is true, then this file will be appended to the defaults.</description>
        </parameter>
        <parameter>
          <name>workingDirectory</name>
          <type>java.io.File</type>
          <required>true</required>
          <editable>true</editable>
          <description>Working directory where Selenium server will be started from.</description>
        </parameter>
      </parameters>
      <configuration>
        <debug implementation="boolean" default-value="false">${debug}</debug>
        <timeout implementation="int" default-value="-1">${timeout}</timeout>
        <logOutput implementation="boolean" default-value="false">${logOutput}</logOutput>
        <logFile implementation="java.io.File" default-value="${project.build.directory}/selenium/server.log">${logFile}</logFile>
        <workingDirectory implementation="java.io.File">${project.build.directory}/selenium</workingDirectory>
        <project implementation="org.apache.maven.project.MavenProject">${project}</project>
        <defaultUserExtensionsEnabled implementation="boolean" default-value="true"/>
        <defaultUserExtensions implementation="java.lang.String" default-value="org/codehaus/mojo/selenium/default-user-extentions.js"/>
        <background implementation="boolean" default-value="false"/>
        <port implementation="int" default-value="4444">${port}</port>
        <pluginArtifactMap implementation="java.util.Map">${plugin.artifactMap}</pluginArtifactMap>
      </configuration>
    </mojo>
  </mojos>
  <dependencies/>
</plugin>