<plugin>
  <description></description>
  <groupId>org.codehaus.mojo</groupId>
  <artifactId>shade-maven-plugin</artifactId>
  <version>1.0-alpha-8</version>
  <goalPrefix>shade</goalPrefix>
  <isolatedRealm>false</isolatedRealm>
  <inheritedByDefault>true</inheritedByDefault>
  <mojos>
    <mojo>
      <goal>shade</goal>
      <description></description>
      <requiresDirectInvocation>false</requiresDirectInvocation>
      <requiresProject>true</requiresProject>
      <requiresReports>false</requiresReports>
      <aggregator>false</aggregator>
      <requiresOnline>false</requiresOnline>
      <inheritedByDefault>true</inheritedByDefault>
      <phase>package</phase>
      <implementation>org.codehaus.mojo.shade.mojo.ShadeMojo</implementation>
      <language>java</language>
      <instantiationStrategy>per-lookup</instantiationStrategy>
      <executionStrategy>once-per-session</executionStrategy>
      <parameters>
        <parameter>
          <name>artifactSet</name>
          <type>org.codehaus.mojo.shade.mojo.ArtifactSet</type>
          <required>false</required>
          <editable>true</editable>
          <description>Artifacts to include/exclude from the final artifact.</description>
        </parameter>
        <parameter>
          <name>createDependencyReducedPom</name>
          <type>boolean</type>
          <required>false</required>
          <editable>true</editable>
          <description></description>
        </parameter>
        <parameter>
          <name>outputDirectory</name>
          <type>java.io.File</type>
          <required>false</required>
          <editable>true</editable>
          <description></description>
        </parameter>
        <parameter>
          <name>project</name>
          <type>org.apache.maven.project.MavenProject</type>
          <required>false</required>
          <editable>false</editable>
          <description></description>
        </parameter>
        <parameter>
          <name>relocations</name>
          <type>org.codehaus.mojo.shade.mojo.PackageRelocation[]</type>
          <required>false</required>
          <editable>true</editable>
          <description>Packages to be relocated.</description>
        </parameter>
        <parameter>
          <name>shadedArtifactAttached</name>
          <type>boolean</type>
          <required>false</required>
          <editable>true</editable>
          <description>Defines whether the shaded artifact should be attached as classifier to
the original artifact. If false, the shaded jar will be the main artifact
of the project</description>
        </parameter>
        <parameter>
          <name>shadedArtifactId</name>
          <type>java.lang.String</type>
          <required>false</required>
          <editable>true</editable>
          <description>The name of the shaded artifactId</description>
        </parameter>
        <parameter>
          <name>shadedClassifierName</name>
          <type>java.lang.String</type>
          <required>false</required>
          <editable>true</editable>
          <description>The name of the classifier used in case the shaded artifact is attached.</description>
        </parameter>
        <parameter>
          <name>shadedGroupFilter</name>
          <type>java.lang.String</type>
          <required>false</required>
          <editable>true</editable>
          <description>If specified, this will include only artifacts which have groupIds which
start with this.</description>
        </parameter>
        <parameter>
          <name>transformers</name>
          <type>org.codehaus.mojo.shade.resource.ResourceTransformer[]</type>
          <required>false</required>
          <editable>true</editable>
          <description>Resource transformers to be used.</description>
        </parameter>
      </parameters>
      <configuration>
        <createDependencyReducedPom implementation="boolean" default-value="true">${createDependencyReducedPom}</createDependencyReducedPom>
        <shadedClassifierName implementation="java.lang.String" default-value="shaded">${shadedClassifierName}</shadedClassifierName>
        <outputDirectory implementation="java.io.File">${project.build.directory}</outputDirectory>
        <shadedGroupFilter implementation="java.lang.String">${shadedGroupFilter}</shadedGroupFilter>
        <project implementation="org.apache.maven.project.MavenProject">${project}</project>
        <shadedArtifactId implementation="java.lang.String" default-value="${project.artifactId}">${shadedArtifactId}</shadedArtifactId>
        <shadedArtifactAttached implementation="boolean" default-value="false">${shadedArtifactAttached}</shadedArtifactAttached>
      </configuration>
      <requirements>
        <requirement>
          <role>org.apache.maven.project.MavenProjectHelper</role>
          <field-name>projectHelper</field-name>
        </requirement>
        <requirement>
          <role>org.codehaus.mojo.shade.Shader</role>
          <field-name>shader</field-name>
        </requirement>
      </requirements>
    </mojo>
  </mojos>
  <dependencies/>
</plugin>