<plugin>
  <description></description>
  <groupId>org.codehaus.mojo</groupId>
  <artifactId>shell-maven-plugin</artifactId>
  <version>1.0-alpha-1</version>
  <goalPrefix>shell</goalPrefix>
  <isolatedRealm>false</isolatedRealm>
  <inheritedByDefault>true</inheritedByDefault>
  <mojos>
    <mojo>
      <goal>shell</goal>
      <description>Mojo used to embed a shell script inside the POM. This class handles construction of the command-line and monitoring of the check file, if specified. It will also handle chmod&apos;ing the given shell command, if required.</description>
      <requiresDependencyResolution>test</requiresDependencyResolution>
      <requiresDirectInvocation>false</requiresDirectInvocation>
      <requiresProject>true</requiresProject>
      <requiresReports>false</requiresReports>
      <aggregator>false</aggregator>
      <requiresOnline>false</requiresOnline>
      <inheritedByDefault>true</inheritedByDefault>
      <implementation>org.codehaus.mojo.shell.ShellExecMojo</implementation>
      <language>java</language>
      <instantiationStrategy>per-lookup</instantiationStrategy>
      <executionStrategy>once-per-session</executionStrategy>
      <parameters>
        <parameter>
          <name>chmod</name>
          <type>boolean</type>
          <required>false</required>
          <editable>true</editable>
          <description>The Ant messageLevel to use.</description>
        </parameter>
        <parameter>
          <name>debug</name>
          <type>boolean</type>
          <required>false</required>
          <editable>true</editable>
          <description></description>
        </parameter>
        <parameter>
          <name>extension</name>
          <type>java.lang.String</type>
          <required>false</required>
          <editable>true</editable>
          <description>The script-file extension.</description>
        </parameter>
        <parameter>
          <name>keepScriptFile</name>
          <type>boolean</type>
          <required>false</required>
          <editable>true</editable>
          <description>Whether to keep the script file generated by this invocation.</description>
        </parameter>
        <parameter>
          <name>localRepository</name>
          <type>org.apache.maven.artifact.repository.ArtifactRepository</type>
          <required>true</required>
          <editable>false</editable>
          <description></description>
        </parameter>
        <parameter>
          <name>messageLevel</name>
          <type>java.lang.String</type>
          <required>false</required>
          <editable>true</editable>
          <description>The Ant messageLevel to use.</description>
        </parameter>
        <parameter>
          <name>project</name>
          <type>org.apache.maven.project.MavenProject</type>
          <required>true</required>
          <editable>false</editable>
          <description>MavenProject instance used to resolve property expressions from within Ant.</description>
        </parameter>
        <parameter>
          <name>remotePluginRepositories</name>
          <type>java.util.List</type>
          <required>true</required>
          <editable>false</editable>
          <description></description>
        </parameter>
        <parameter>
          <name>remoteRepositories</name>
          <type>java.util.List</type>
          <required>true</required>
          <editable>false</editable>
          <description></description>
        </parameter>
        <parameter>
          <name>script</name>
          <type>java.lang.String</type>
          <required>true</required>
          <editable>true</editable>
          <description>The contents of the shell script.</description>
        </parameter>
        <parameter>
          <name>session</name>
          <type>org.apache.maven.execution.MavenSession</type>
          <required>true</required>
          <editable>false</editable>
          <description></description>
        </parameter>
        <parameter>
          <name>skipPomProjects</name>
          <type>boolean</type>
          <required>false</required>
          <editable>true</editable>
          <description></description>
        </parameter>
        <parameter>
          <name>testArtifacts</name>
          <type>java.util.List</type>
          <required>true</required>
          <editable>false</editable>
          <description>The dependency artifacts of this project, for resolving @pathOf(..)@ expressions. These are of type org.apache.maven.artifact.Artifact, and are keyed by groupId:artifactId, using org.apache.maven.artifact.ArtifactUtils.versionlessKey(..) for consistent formatting.</description>
        </parameter>
        <parameter>
          <name>trimScript</name>
          <type>boolean</type>
          <required>false</required>
          <editable>true</editable>
          <description>Whether to execute String.trim() on the script parameter before using it to generate the script file. This can be important in environments like Bash, where &apos;#!/bin/sh&apos; must be on the first line.</description>
        </parameter>
        <parameter>
          <name>workDir</name>
          <type>java.io.File</type>
          <required>true</required>
          <editable>true</editable>
          <description>The temporary working directory where the project is actually built. By default, this is within the &apos;/target&apos; directory.</description>
        </parameter>
      </parameters>
      <configuration>
        <chmod implementation="boolean" default-value="false">${chmod}</chmod>
        <extension implementation="java.lang.String" default-value=".sh">${extension}</extension>
        <script implementation="java.lang.String">${script}</script>
        <skipPomProjects implementation="boolean" default-value="false"/>
        <keepScriptFile implementation="boolean" default-value="false">${shell.keepScriptFile}</keepScriptFile>
        <localRepository implementation="org.apache.maven.artifact.repository.ArtifactRepository" default-value="${localRepository}"/>
        <remotePluginRepositories implementation="java.util.List" default-value="${project.pluginArtifactRepositories}"/>
        <session implementation="org.apache.maven.execution.MavenSession" default-value="${session}"/>
        <testArtifacts implementation="java.util.List">${project.testArtifacts}</testArtifacts>
        <debug implementation="boolean" default-value="false">${debug}</debug>
        <workDir implementation="java.io.File" default-value="${project.build.directory}/${project.artifactId}-${project.version}">${workDir}</workDir>
        <messageLevel implementation="java.lang.String" default-value="info">${messageLevel}</messageLevel>
        <remoteRepositories implementation="java.util.List" default-value="${project.remoteArtifactRepositories}"/>
        <trimScript implementation="boolean" default-value="true">${trimScript}</trimScript>
        <project implementation="org.apache.maven.project.MavenProject">${project}</project>
      </configuration>
      <requirements>
        <requirement>
          <role>org.apache.maven.project.MavenProjectBuilder</role>
          <field-name>projectBuilder</field-name>
        </requirement>
        <requirement>
          <role>org.apache.maven.artifact.factory.ArtifactFactory</role>
          <field-name>artifactFactory</field-name>
        </requirement>
      </requirements>
    </mojo>
  </mojos>
  <dependencies/>
</plugin>