<plugin>
  <description></description>
  <groupId>org.codehaus.mojo</groupId>
  <artifactId>taglist-maven-plugin</artifactId>
  <version>2.0</version>
  <goalPrefix>taglist</goalPrefix>
  <isolatedRealm>false</isolatedRealm>
  <inheritedByDefault>true</inheritedByDefault>
  <mojos>
    <mojo>
      <goal>taglist</goal>
      <description>MOJO for the tag list report.</description>
      <requiresDirectInvocation>false</requiresDirectInvocation>
      <requiresProject>true</requiresProject>
      <requiresReports>false</requiresReports>
      <aggregator>false</aggregator>
      <requiresOnline>false</requiresOnline>
      <inheritedByDefault>true</inheritedByDefault>
      <implementation>org.codehaus.mojo.taglist.TagListReport</implementation>
      <language>java</language>
      <instantiationStrategy>per-lookup</instantiationStrategy>
      <executionStrategy>once-per-session</executionStrategy>
      <parameters>
        <parameter>
          <name>linkXRef</name>
          <type>boolean</type>
          <required>false</required>
          <editable>true</editable>
          <description>Link the tag line numbers to the source xref. Defaults to true and will link automatically if jxr plugin is being used.</description>
        </parameter>
        <parameter>
          <name>multipleLineComments</name>
          <type>boolean</type>
          <required>false</required>
          <editable>true</editable>
          <description>This parameter indicates whether for simple tags (like &quot;TODO&quot;), the analyser should look for multiple line comments.</description>
        </parameter>
        <parameter>
          <name>outputDirectory</name>
          <type>java.lang.String</type>
          <required>true</required>
          <editable>true</editable>
          <description>Output folder where the report will be copied to.</description>
        </parameter>
        <parameter>
          <name>project</name>
          <type>org.apache.maven.project.MavenProject</type>
          <required>true</required>
          <editable>false</editable>
          <description></description>
        </parameter>
        <parameter>
          <name>sourceDirectory</name>
          <type>java.lang.String</type>
          <required>true</required>
          <editable>true</editable>
          <description>Specifies the location of the source files to be used for Checkstyle</description>
        </parameter>
        <parameter>
          <name>tags</name>
          <type>java.lang.String</type>
          <required>false</required>
          <editable>true</editable>
          <description>List of tags to look for, specified as &amp;lt;tag&amp;gt; tags. The tags can be either: &lt;ul&gt; &lt;li&gt;Javadoc tags: &quot;@todo&quot; for instance&lt;/li&gt; &lt;li&gt;Simple tags: &quot;TODO&quot; for instance. In this case, the tags will be searched in any Java comment (//, /* or /**).&lt;/li&gt; &lt;/ul&gt;</description>
        </parameter>
        <parameter>
          <name>xrefLocation</name>
          <type>java.io.File</type>
          <required>false</required>
          <editable>true</editable>
          <description>Location of the Xrefs to link to.</description>
        </parameter>
      </parameters>
      <configuration>
        <multipleLineComments implementation="boolean" default-value="true"/>
        <linkXRef implementation="boolean" default-value="true">${linkXRef}</linkXRef>
        <outputDirectory implementation="java.lang.String">${project.build.directory}/site</outputDirectory>
        <sourceDirectory implementation="java.lang.String">${project.build.sourceDirectory}</sourceDirectory>
        <project implementation="org.apache.maven.project.MavenProject">${project}</project>
        <xrefLocation implementation="java.io.File" default-value="${project.build.directory}/site/xref"/>
      </configuration>
      <requirements>
        <requirement>
          <role>org.codehaus.doxia.site.renderer.SiteRenderer</role>
          <field-name>siteRenderer</field-name>
        </requirement>
      </requirements>
    </mojo>
  </mojos>
  <dependencies/>
</plugin>