<plugin>
  <groupId>org.codehaus.mojo</groupId>
  <artifactId>taglist-maven-plugin</artifactId>
  <version>2.0-beta-1</version>
  <goalPrefix>taglist</goalPrefix>
  <isolatedRealm>false</isolatedRealm>
  <inheritedByDefault>true</inheritedByDefault>
  <mojos>
    <mojo>
      <goal>taglist</goal>
      <requiresDirectInvocation>false</requiresDirectInvocation>
      <requiresProject>true</requiresProject>
      <requiresReports>false</requiresReports>
      <aggregator>false</aggregator>
      <requiresOnline>false</requiresOnline>
      <inheritedByDefault>true</inheritedByDefault>
      <implementation>org.apache.maven.plugin.taglist.TagListReport</implementation>
      <language>java</language>
      <instantiationStrategy>per-lookup</instantiationStrategy>
      <executionStrategy>once-per-session</executionStrategy>
      <parameters>
        <parameter>
          <name>multipleLineComments</name>
          <type>boolean</type>
          <required>false</required>
          <editable>true</editable>
          <description>This parameter indicates whether for simple tags (like "TODO"), the analyser should look for multiple line comments.</description>
        </parameter>
        <parameter>
          <name>outputDirectory</name>
          <type>java.lang.String</type>
          <required>true</required>
          <editable>true</editable>
          <description>Output folder where the report will be copied to.</description>
        </parameter>
        <parameter>
          <name>project</name>
          <type>org.apache.maven.project.MavenProject</type>
          <required>true</required>
          <editable>true</editable>
          <description></description>
        </parameter>
        <parameter>
          <name>sourceDirectory</name>
          <type>java.lang.String</type>
          <required>true</required>
          <editable>true</editable>
          <description>Specifies the location of the source files to be used for Checkstyle</description>
        </parameter>
        <parameter>
          <name>tags</name>
          <type>java.lang.String</type>
          <required>false</required>
          <editable>true</editable>
          <description>Comma-separated list of tags to look for. The tags can be either: &lt;ul&gt; &lt;li&gt;Javadoc tags: "@todo" for instance&lt;/li&gt; &lt;li&gt;Simple tags: "TODO" for instance. In this case, the tags will be searched in any Java comment (//, /* or /**).&lt;/li&gt; &lt;/ul&gt; Example for this parameter : "TODO,@todo,FIXME"</description>
        </parameter>
      </parameters>
      <configuration>
        <multipleLineComments implementation="boolean" default-value="true"/>
        <outputDirectory implementation="java.lang.String">${project.build.directory}/site</outputDirectory>
        <tags implementation="java.lang.String" default-value="TODO,@todo"/>
        <sourceDirectory implementation="java.lang.String">${project.build.sourceDirectory}</sourceDirectory>
        <project implementation="org.apache.maven.project.MavenProject">${project}</project>
      </configuration>
      <requirements>
        <requirement>
          <role>org.codehaus.doxia.site.renderer.SiteRenderer</role>
          <field-name>siteRenderer</field-name>
        </requirement>
      </requirements>
    </mojo>
  </mojos>
  <dependencies/>
</plugin>