<plugin>
  <description>Web Doclet Plugin</description>
  <groupId>org.codehaus.mojo</groupId>
  <artifactId>webdoclet-maven-plugin</artifactId>
  <version>1.0-beta-1</version>
  <goalPrefix>webdoclet</goalPrefix>
  <isolatedRealm>false</isolatedRealm>
  <inheritedByDefault>true</inheritedByDefault>
  <mojos>
    <mojo>
      <goal>webdoclet</goal>
      <description>webdoclet plugin. This plugin uses JaxMe 2 to generate JAXB source files from an XML schema. The source files are generated in a directory under the project build directory derived from the configured properties.</description>
      <requiresDependencyResolution>test</requiresDependencyResolution>
      <requiresDirectInvocation>false</requiresDirectInvocation>
      <requiresProject>true</requiresProject>
      <requiresReports>false</requiresReports>
      <aggregator>false</aggregator>
      <requiresOnline>false</requiresOnline>
      <inheritedByDefault>true</inheritedByDefault>
      <phase>generate-sources</phase>
      <implementation>org.codehaus.mojo.webdoclet.WebDocletMojo</implementation>
      <language>java</language>
      <instantiationStrategy>per-lookup</instantiationStrategy>
      <executionStrategy>once-per-session</executionStrategy>
      <parameters>
        <parameter>
          <name>project</name>
          <type>org.apache.maven.project.MavenProject</type>
          <required>true</required>
          <editable>false</editable>
          <description></description>
        </parameter>
        <parameter>
          <name>task</name>
          <type>java.lang.String</type>
          <required>true</required>
          <editable>true</editable>
          <description></description>
        </parameter>
      </parameters>
      <configuration>
        <project implementation="org.apache.maven.project.MavenProject">${project}</project>
      </configuration>
    </mojo>
  </mojos>
  <dependencies/>
</plugin>