<plugin>
  <description></description>
  <groupId>org.codehaus.mojo</groupId>
  <artifactId>xmlbeans-maven-plugin</artifactId>
  <version>2.0</version>
  <goalPrefix>xmlbeans</goalPrefix>
  <isolatedRealm>false</isolatedRealm>
  <inheritedByDefault>true</inheritedByDefault>
  <mojos>
    <mojo>
      <goal>xmlbeans-test</goal>
      <description>&lt;p&gt;A Maven 2 plugin which parses xsd files and produces a corresponding object model based on the Apache XML Beans parser.&lt;/p&gt; &lt;p&gt;The plugin produces two sets of output files referred to as generated sources and generated classes. The former is then compiled to the build &lt;code&gt;outputDirectory&lt;/code&gt;. The latter is generated in this directory.&lt;/p&gt; &lt;p&gt;Note that the descriptions for the goal's parameters have been blatently copied from http://xmlbeans.apache.org/docs/2.0.0/guide/antXmlbean.html for convenience.&lt;/p&gt;</description>
      <requiresDependencyResolution>compile</requiresDependencyResolution>
      <requiresDirectInvocation>false</requiresDirectInvocation>
      <requiresProject>true</requiresProject>
      <requiresReports>false</requiresReports>
      <aggregator>false</aggregator>
      <requiresOnline>false</requiresOnline>
      <inheritedByDefault>true</inheritedByDefault>
      <phase>generate-test-sources</phase>
      <implementation>org.codehaus.mojo.xmlbeans.TestXmlBeansMojo</implementation>
      <language>java</language>
      <instantiationStrategy>per-lookup</instantiationStrategy>
      <executionStrategy>once-per-session</executionStrategy>
      <parameters>
        <parameter>
          <name>catalogLocation</name>
          <type>java.lang.String</type>
          <required>false</required>
          <editable>true</editable>
          <description>Todo: Unknown use.</description>
        </parameter>
        <parameter>
          <name>classGenerationDirectory</name>
          <type>java.io.File</type>
          <required>true</required>
          <editable>true</editable>
          <description>Set a location to generate CLASS files into.</description>
        </parameter>
        <parameter>
          <name>compiler</name>
          <type>java.lang.String</type>
          <required>false</required>
          <editable>true</editable>
          <description>The compiler implementation to use. If this attribute is not set, the value of the build.compiler property, if set, will be used. Otherwise, the default compiler for the current VM will be used.</description>
        </parameter>
        <parameter>
          <name>debug</name>
          <type>boolean</type>
          <required>false</required>
          <editable>true</editable>
          <description>Indicates whether source should be compiled with debug information; defaults to off. If set to off, -g:none will be passed on the command line for compilers that support it (for other compilers, no command line argument will be used). If set to true, the value of the debug level attribute determines the command line argument.</description>
        </parameter>
        <parameter>
          <name>defaultXmlConfigDir</name>
          <type>java.io.File</type>
          <required>false</required>
          <editable>true</editable>
          <description>Default xmlConfigs directory. If no xmlConfigs list is specified, this one is checked automatically.</description>
        </parameter>
        <parameter>
          <name>download</name>
          <type>boolean</type>
          <required>false</required>
          <editable>true</editable>
          <description>Set to true to permit the compiler to download URLs for imports and includes. Defaults to false, meaning all imports and includes must be copied locally.</description>
        </parameter>
        <parameter>
          <name>generatedSchemaDirectory</name>
          <type>java.io.File</type>
          <required>false</required>
          <editable>true</editable>
          <description>The directory where .xsd's pulled from xsdJars will be stored.</description>
        </parameter>
        <parameter>
          <name>javaSource</name>
          <type>java.lang.String</type>
          <required>false</required>
          <editable>true</editable>
          <description>Returns the javasource parameter which specifies an option to the XmlBeans code generator.</description>
        </parameter>
        <parameter>
          <name>jaxb</name>
          <type>boolean</type>
          <required>false</required>
          <editable>true</editable>
          <description>Todo: Unkown use.</description>
        </parameter>
        <parameter>
          <name>localRepository</name>
          <type>org.apache.maven.artifact.repository.ArtifactRepository</type>
          <required>true</required>
          <editable>false</editable>
          <description>The repository for libraries we depend on.</description>
        </parameter>
        <parameter>
          <name>memoryInitialSize</name>
          <type>java.lang.String</type>
          <required>false</required>
          <editable>true</editable>
          <description>The initial size of the memory for the underlying VM, if javac is run externally; ignored otherwise. Defaults to the standard VM memory setting. (Examples: 83886080, 81920k, or 80m)</description>
        </parameter>
        <parameter>
          <name>memoryMaximumSize</name>
          <type>java.lang.String</type>
          <required>false</required>
          <editable>true</editable>
          <description>The maximum size of the memory for the underlying VM, if javac is run externally; ignored otherwise. Defaults to the standard VM memory setting. (Examples: 83886080, 81920k, or 80m)</description>
        </parameter>
        <parameter>
          <name>noJavac</name>
          <type>boolean</type>
          <required>false</required>
          <editable>true</editable>
          <description>Don't compile the generated source files.</description>
        </parameter>
        <parameter>
          <name>noPvr</name>
          <type>boolean</type>
          <required>false</required>
          <editable>true</editable>
          <description>Do not enforce the particle valid (restriction) rule.</description>
        </parameter>
        <parameter>
          <name>noUpa</name>
          <type>boolean</type>
          <required>false</required>
          <editable>true</editable>
          <description>Do not enforce the unique particle attribution rule.</description>
        </parameter>
        <parameter>
          <name>outputJar</name>
          <type>java.io.File</type>
          <required>false</required>
          <editable>true</editable>
          <description>Define the name of the jar file created. For instance, "myXMLBean.jar" will output the results of this task into a jar with the same name.</description>
        </parameter>
        <parameter>
          <name>pluginArtifacts</name>
          <type>java.util.List</type>
          <required>true</required>
          <editable>true</editable>
          <description></description>
        </parameter>
        <parameter>
          <name>project</name>
          <type>org.apache.maven.project.MavenProject</type>
          <required>true</required>
          <editable>false</editable>
          <description>A reference to the Maven Project metadata.</description>
        </parameter>
        <parameter>
          <name>quiet</name>
          <type>boolean</type>
          <required>false</required>
          <editable>true</editable>
          <description>Supress the normal amount of console output.</description>
        </parameter>
        <parameter>
          <name>schemaDirectory</name>
          <type>java.io.File</type>
          <required>true</required>
          <editable>true</editable>
          <description>The directory where .xsd files are to be found.</description>
        </parameter>
        <parameter>
          <name>sourceGenerationDirectory</name>
          <type>java.io.File</type>
          <required>true</required>
          <editable>true</editable>
          <description>Set a location to generate JAVA files into.</description>
        </parameter>
        <parameter>
          <name>sourceSchemas</name>
          <type>java.lang.String</type>
          <required>false</required>
          <editable>true</editable>
          <description>A file that points to either an individual schema file or a directory of files. Not a path reference. If multiple schema files need to be built together, use a nested fileset instead of setting schema.</description>
        </parameter>
        <parameter>
          <name>staleFile</name>
          <type>java.io.File</type>
          <required>true</required>
          <editable>true</editable>
          <description>The location of the flag file used to determine if the output is stale.</description>
        </parameter>
        <parameter>
          <name>testXsdJars</name>
          <type>java.util.List</type>
          <required>false</required>
          <editable>true</editable>
          <description>List of artifacts whose xsds need to be compiled.</description>
        </parameter>
        <parameter>
          <name>verbose</name>
          <type>boolean</type>
          <required>false</required>
          <editable>true</editable>
          <description>Controls the amount of build message output.</description>
        </parameter>
        <parameter>
          <name>xmlConfigs</name>
          <type>java.util.List</type>
          <required>false</required>
          <editable>true</editable>
          <description>Configuration files used by the object generator. For more information about the format of these files, see Todo.</description>
        </parameter>
      </parameters>
      <configuration>
        <download implementation="boolean" default-value="false"/>
        <noJavac implementation="boolean" default-value="false"/>
        <noUpa implementation="boolean" default-value="false"/>
        <schemaDirectory implementation="java.io.File" default-value="${basedir}/src/test/xsd"/>
        <localRepository implementation="org.apache.maven.artifact.repository.ArtifactRepository">${localRepository}</localRepository>
        <pluginArtifacts implementation="java.util.List">${plugin.artifacts}</pluginArtifacts>
        <defaultXmlConfigDir implementation="java.io.File">${basedir}/src/test/xsdconfig</defaultXmlConfigDir>
        <sourceGenerationDirectory implementation="java.io.File">${project.build.directory}/test-xmlbeans-source</sourceGenerationDirectory>
        <jaxb implementation="boolean" default-value="false"/>
        <debug implementation="boolean" default-value="false"/>
        <staleFile implementation="java.io.File">${project.build.directory}/test-xmlbeans-source/.staleFlag</staleFile>
        <quiet implementation="boolean" default-value="true"/>
        <verbose implementation="boolean" default-value="false"/>
        <project implementation="org.apache.maven.project.MavenProject">${project}</project>
        <classGenerationDirectory implementation="java.io.File">${project.build.testOutputDirectory}</classGenerationDirectory>
        <generatedSchemaDirectory implementation="java.io.File" default-value="${project.build.directory}/test-xmlbeans-xsds"/>
        <noPvr implementation="boolean" default-value="false"/>
      </configuration>
      <requirements>
        <requirement>
          <role>org.apache.maven.artifact.factory.ArtifactFactory</role>
          <field-name>factory</field-name>
        </requirement>
      </requirements>
    </mojo>
    <mojo>
      <goal>xmlbeans</goal>
      <description>&lt;p&gt;A Maven 2 plugin which parses xsd files and produces a corresponding object model based on the Apache XML Beans parser.&lt;/p&gt; &lt;p&gt;The plugin produces two sets of output files referred to as generated sources and generated classes. The former is then compiled to the build &lt;code&gt;outputDirectory&lt;/code&gt;. The latter is generated in this directory.&lt;/p&gt; &lt;p&gt;Note that the descriptions for the goal's parameters have been blatently copied from http://xmlbeans.apache.org/docs/2.0.0/guide/antXmlbean.html for convenience.&lt;/p&gt;</description>
      <requiresDependencyResolution>compile</requiresDependencyResolution>
      <requiresDirectInvocation>false</requiresDirectInvocation>
      <requiresProject>true</requiresProject>
      <requiresReports>false</requiresReports>
      <aggregator>false</aggregator>
      <requiresOnline>false</requiresOnline>
      <inheritedByDefault>true</inheritedByDefault>
      <phase>generate-sources</phase>
      <implementation>org.codehaus.mojo.xmlbeans.CompileXmlBeansMojo</implementation>
      <language>java</language>
      <instantiationStrategy>per-lookup</instantiationStrategy>
      <executionStrategy>once-per-session</executionStrategy>
      <parameters>
        <parameter>
          <name>catalogLocation</name>
          <type>java.lang.String</type>
          <required>false</required>
          <editable>true</editable>
          <description>Todo: Unknown use.</description>
        </parameter>
        <parameter>
          <name>classGenerationDirectory</name>
          <type>java.io.File</type>
          <required>true</required>
          <editable>true</editable>
          <description>Set a location to generate CLASS files into.</description>
        </parameter>
        <parameter>
          <name>compiler</name>
          <type>java.lang.String</type>
          <required>false</required>
          <editable>true</editable>
          <description>The compiler implementation to use. If this attribute is not set, the value of the build.compiler property, if set, will be used. Otherwise, the default compiler for the current VM will be used.</description>
        </parameter>
        <parameter>
          <name>debug</name>
          <type>boolean</type>
          <required>false</required>
          <editable>true</editable>
          <description>Indicates whether source should be compiled with debug information; defaults to off. If set to off, -g:none will be passed on the command line for compilers that support it (for other compilers, no command line argument will be used). If set to true, the value of the debug level attribute determines the command line argument.</description>
        </parameter>
        <parameter>
          <name>defaultXmlConfigDir</name>
          <type>java.io.File</type>
          <required>false</required>
          <editable>true</editable>
          <description>Default xmlConfigs directory. If no xmlConfigs list is specified, this one is checked automatically.</description>
        </parameter>
        <parameter>
          <name>download</name>
          <type>boolean</type>
          <required>false</required>
          <editable>true</editable>
          <description>Set to true to permit the compiler to download URLs for imports and includes. Defaults to false, meaning all imports and includes must be copied locally.</description>
        </parameter>
        <parameter>
          <name>generatedSchemaDirectory</name>
          <type>java.io.File</type>
          <required>false</required>
          <editable>true</editable>
          <description>The directory where .xsd's pulled from xsdJars will be stored.</description>
        </parameter>
        <parameter>
          <name>javaSource</name>
          <type>java.lang.String</type>
          <required>false</required>
          <editable>true</editable>
          <description>Returns the javasource parameter which specifies an option to the XmlBeans code generator.</description>
        </parameter>
        <parameter>
          <name>jaxb</name>
          <type>boolean</type>
          <required>false</required>
          <editable>true</editable>
          <description>Todo: Unkown use.</description>
        </parameter>
        <parameter>
          <name>localRepository</name>
          <type>org.apache.maven.artifact.repository.ArtifactRepository</type>
          <required>true</required>
          <editable>false</editable>
          <description>The repository for libraries we depend on.</description>
        </parameter>
        <parameter>
          <name>memoryInitialSize</name>
          <type>java.lang.String</type>
          <required>false</required>
          <editable>true</editable>
          <description>The initial size of the memory for the underlying VM, if javac is run externally; ignored otherwise. Defaults to the standard VM memory setting. (Examples: 83886080, 81920k, or 80m)</description>
        </parameter>
        <parameter>
          <name>memoryMaximumSize</name>
          <type>java.lang.String</type>
          <required>false</required>
          <editable>true</editable>
          <description>The maximum size of the memory for the underlying VM, if javac is run externally; ignored otherwise. Defaults to the standard VM memory setting. (Examples: 83886080, 81920k, or 80m)</description>
        </parameter>
        <parameter>
          <name>noJavac</name>
          <type>boolean</type>
          <required>false</required>
          <editable>true</editable>
          <description>Don't compile the generated source files.</description>
        </parameter>
        <parameter>
          <name>noPvr</name>
          <type>boolean</type>
          <required>false</required>
          <editable>true</editable>
          <description>Do not enforce the particle valid (restriction) rule.</description>
        </parameter>
        <parameter>
          <name>noUpa</name>
          <type>boolean</type>
          <required>false</required>
          <editable>true</editable>
          <description>Do not enforce the unique particle attribution rule.</description>
        </parameter>
        <parameter>
          <name>outputJar</name>
          <type>java.io.File</type>
          <required>false</required>
          <editable>true</editable>
          <description>Define the name of the jar file created. For instance, "myXMLBean.jar" will output the results of this task into a jar with the same name.</description>
        </parameter>
        <parameter>
          <name>pluginArtifacts</name>
          <type>java.util.List</type>
          <required>true</required>
          <editable>true</editable>
          <description></description>
        </parameter>
        <parameter>
          <name>project</name>
          <type>org.apache.maven.project.MavenProject</type>
          <required>true</required>
          <editable>false</editable>
          <description>A reference to the Maven Project metadata.</description>
        </parameter>
        <parameter>
          <name>quiet</name>
          <type>boolean</type>
          <required>false</required>
          <editable>true</editable>
          <description>Supress the normal amount of console output.</description>
        </parameter>
        <parameter>
          <name>schemaDirectory</name>
          <type>java.io.File</type>
          <required>true</required>
          <editable>true</editable>
          <description>The directory where .xsd files are to be found.</description>
        </parameter>
        <parameter>
          <name>sourceGenerationDirectory</name>
          <type>java.io.File</type>
          <required>true</required>
          <editable>true</editable>
          <description>Set a location to generate JAVA files into.</description>
        </parameter>
        <parameter>
          <name>sourceSchemas</name>
          <type>java.lang.String</type>
          <required>false</required>
          <editable>true</editable>
          <description>A file that points to either an individual schema file or a directory of files. Not a path reference. If multiple schema files need to be built together, use a nested fileset instead of setting schema.</description>
        </parameter>
        <parameter>
          <name>staleFile</name>
          <type>java.io.File</type>
          <required>true</required>
          <editable>true</editable>
          <description>The location of the flag file used to determine if the output is stale.</description>
        </parameter>
        <parameter>
          <name>verbose</name>
          <type>boolean</type>
          <required>false</required>
          <editable>true</editable>
          <description>Controls the amount of build message output.</description>
        </parameter>
        <parameter>
          <name>xmlConfigs</name>
          <type>java.util.List</type>
          <required>false</required>
          <editable>true</editable>
          <description>Configuration files used by the object generator. For more information about the format of these files, see Todo.</description>
        </parameter>
        <parameter>
          <name>xsdJars</name>
          <type>java.util.List</type>
          <required>false</required>
          <editable>true</editable>
          <description>List of artifacts whose xsds need to be compiled.</description>
        </parameter>
      </parameters>
      <configuration>
        <download implementation="boolean" default-value="false"/>
        <noJavac implementation="boolean" default-value="false"/>
        <noUpa implementation="boolean" default-value="false"/>
        <schemaDirectory implementation="java.io.File" default-value="${basedir}/src/main/xsd"/>
        <localRepository implementation="org.apache.maven.artifact.repository.ArtifactRepository">${localRepository}</localRepository>
        <pluginArtifacts implementation="java.util.List">${plugin.artifacts}</pluginArtifacts>
        <defaultXmlConfigDir implementation="java.io.File">${basedir}/src/main/xsdconfig</defaultXmlConfigDir>
        <sourceGenerationDirectory implementation="java.io.File">${project.build.directory}/xmlbeans-source</sourceGenerationDirectory>
        <jaxb implementation="boolean" default-value="false"/>
        <debug implementation="boolean" default-value="false"/>
        <staleFile implementation="java.io.File">${project.build.directory}/xmlbeans-source/.staleFlag</staleFile>
        <quiet implementation="boolean" default-value="true"/>
        <verbose implementation="boolean" default-value="false"/>
        <project implementation="org.apache.maven.project.MavenProject">${project}</project>
        <classGenerationDirectory implementation="java.io.File">${project.build.outputDirectory}</classGenerationDirectory>
        <generatedSchemaDirectory implementation="java.io.File" default-value="${project.build.directory}/xmlbeans-xsds"/>
        <noPvr implementation="boolean" default-value="false"/>
      </configuration>
      <requirements>
        <requirement>
          <role>org.apache.maven.artifact.factory.ArtifactFactory</role>
          <field-name>factory</field-name>
        </requirement>
      </requirements>
    </mojo>
  </mojos>
  <dependencies/>
</plugin>