<plugin>
  <description></description>
  <groupId>org.codehaus.mojo</groupId>
  <artifactId>xslt-maven-plugin</artifactId>
  <version>1.0</version>
  <goalPrefix>xslt</goalPrefix>
  <isolatedRealm>false</isolatedRealm>
  <inheritedByDefault>true</inheritedByDefault>
  <mojos>
    <mojo>
      <goal>transform</goal>
      <description></description>
      <requiresDirectInvocation>false</requiresDirectInvocation>
      <requiresProject>true</requiresProject>
      <requiresReports>false</requiresReports>
      <aggregator>false</aggregator>
      <requiresOnline>false</requiresOnline>
      <inheritedByDefault>true</inheritedByDefault>
      <phase>process-sources</phase>
      <implementation>org.codehaus.mojo.xslt.XsltMojo</implementation>
      <language>java</language>
      <instantiationStrategy>per-lookup</instantiationStrategy>
      <executionStrategy>once-per-session</executionStrategy>
      <parameters>
        <parameter>
          <name>destDir</name>
          <type>java.io.File</type>
          <required>true</required>
          <editable>true</editable>
          <description>The destination directory to write the XML files.</description>
        </parameter>
        <parameter>
          <name>fileNameRegex</name>
          <type>java.lang.String</type>
          <required>false</required>
          <editable>true</editable>
          <description>A regular expression that will may match part of the XML file name for replacement.</description>
        </parameter>
        <parameter>
          <name>fileNameReplacement</name>
          <type>java.lang.String</type>
          <required>false</required>
          <editable>true</editable>
          <description>The replacement for the matched regular expression of the XML file name.</description>
        </parameter>
        <parameter>
          <name>srcDir</name>
          <type>java.io.File</type>
          <required>true</required>
          <editable>true</editable>
          <description>The directory containing the XML files.</description>
        </parameter>
        <parameter>
          <name>srcIncludes</name>
          <type>java.lang.String</type>
          <required>false</required>
          <editable>true</editable>
          <description>For Source Directory. Specifies a fileset source file to format. This is a comma- or space-separated list of patterns of files.</description>
        </parameter>
        <parameter>
          <name>xslFile</name>
          <type>java.io.File</type>
          <required>true</required>
          <editable>true</editable>
          <description>Sets the XSL stylesheet to use.</description>
        </parameter>
      </parameters>
      <configuration>
        <srcDir implementation="java.io.File">${project.build.sourceDirectory}</srcDir>
        <srcIncludes implementation="java.lang.String" default-value="**/*.xml"/>
        <destDir implementation="java.io.File">${project.build.outputDirectory}</destDir>
      </configuration>
    </mojo>
  </mojos>
  <dependencies/>
</plugin>