<plugin>
  <description></description>
  <groupId>org.apache.activemq.tooling</groupId>
  <artifactId>maven-activemq-plugin</artifactId>
  <version>4.1.1</version>
  <goalPrefix>activemq</goalPrefix>
  <isolatedRealm>false</isolatedRealm>
  <inheritedByDefault>true</inheritedByDefault>
  <mojos>
    <mojo>
      <goal>run</goal>
      <description>Goal which starts activemq broker.</description>
      <requiresDirectInvocation>false</requiresDirectInvocation>
      <requiresProject>true</requiresProject>
      <requiresReports>false</requiresReports>
      <aggregator>false</aggregator>
      <requiresOnline>false</requiresOnline>
      <inheritedByDefault>true</inheritedByDefault>
      <phase>process-sources</phase>
      <implementation>org.apache.activemq.maven.BrokerMojo</implementation>
      <language>java</language>
      <instantiationStrategy>per-lookup</instantiationStrategy>
      <executionStrategy>once-per-session</executionStrategy>
      <parameters>
        <parameter>
          <name>configFile</name>
          <type>java.io.File</type>
          <required>false</required>
          <editable>true</editable>
          <description>Location of activemq xml config file.</description>
        </parameter>
        <parameter>
          <name>outputDirectory</name>
          <type>java.io.File</type>
          <required>true</required>
          <editable>true</editable>
          <description>Location of the output directory. Defaults to target.</description>
        </parameter>
        <parameter>
          <name>url</name>
          <type>java.lang.String</type>
          <required>false</required>
          <editable>true</editable>
          <description>Broker URL.</description>
        </parameter>
      </parameters>
      <configuration>
        <outputDirectory implementation="java.io.File">${project.build.directory}</outputDirectory>
        <configFile implementation="java.io.File">${configFile}</configFile>
        <url implementation="java.lang.String" default-value="broker:(tcp://localhost:61616)?useJmx=false">${url}</url>
      </configuration>
    </mojo>
  </mojos>
  <dependencies/>
</plugin>