<plugin>
  <description></description>
  <groupId>org.apache.activemq.tooling</groupId>
  <artifactId>maven-activemq-perf-plugin</artifactId>
  <version>4.1.1</version>
  <goalPrefix>activemq-perf</goalPrefix>
  <isolatedRealm>false</isolatedRealm>
  <inheritedByDefault>true</inheritedByDefault>
  <mojos>
    <mojo>
      <goal>consumer</goal>
      <description>Goal which touches a timestamp file.</description>
      <requiresDirectInvocation>false</requiresDirectInvocation>
      <requiresProject>true</requiresProject>
      <requiresReports>false</requiresReports>
      <aggregator>false</aggregator>
      <requiresOnline>false</requiresOnline>
      <inheritedByDefault>true</inheritedByDefault>
      <phase>process-sources</phase>
      <implementation>org.apache.activemq.maven.ConsumerMojo</implementation>
      <language>java</language>
      <instantiationStrategy>per-lookup</instantiationStrategy>
      <executionStrategy>once-per-session</executionStrategy>
      <parameters/>
    </mojo>
    <mojo>
      <goal>producer</goal>
      <description>Goal which touches a timestamp file.</description>
      <requiresDirectInvocation>false</requiresDirectInvocation>
      <requiresProject>true</requiresProject>
      <requiresReports>false</requiresReports>
      <aggregator>false</aggregator>
      <requiresOnline>false</requiresOnline>
      <inheritedByDefault>true</inheritedByDefault>
      <phase>process</phase>
      <implementation>org.apache.activemq.maven.ProducerMojo</implementation>
      <language>java</language>
      <instantiationStrategy>per-lookup</instantiationStrategy>
      <executionStrategy>once-per-session</executionStrategy>
      <parameters/>
    </mojo>
    <mojo>
      <goal>broker</goal>
      <description>Goal which starts activemq broker.</description>
      <requiresDirectInvocation>false</requiresDirectInvocation>
      <requiresProject>true</requiresProject>
      <requiresReports>false</requiresReports>
      <aggregator>false</aggregator>
      <requiresOnline>false</requiresOnline>
      <inheritedByDefault>true</inheritedByDefault>
      <phase>process-sources</phase>
      <implementation>org.apache.activemq.maven.ServerMojo</implementation>
      <language>java</language>
      <instantiationStrategy>per-lookup</instantiationStrategy>
      <executionStrategy>once-per-session</executionStrategy>
      <parameters>
        <parameter>
          <name>configDirectory</name>
          <type>java.lang.String</type>
          <required>true</required>
          <editable>true</editable>
          <description>Location of the predefined config files.</description>
        </parameter>
        <parameter>
          <name>configFile</name>
          <type>java.io.File</type>
          <required>false</required>
          <editable>true</editable>
          <description>Location of activemq config file other those found in resources/config.</description>
        </parameter>
        <parameter>
          <name>configType</name>
          <type>java.lang.String</type>
          <required>true</required>
          <editable>true</editable>
          <description>Type of activemq configuration to use. This is also the filename used.</description>
        </parameter>
        <parameter>
          <name>outputDirectory</name>
          <type>java.io.File</type>
          <required>true</required>
          <editable>true</editable>
          <description>Location of the output directory. Defaults to target.</description>
        </parameter>
        <parameter>
          <name>url</name>
          <type>java.lang.String</type>
          <required>false</required>
          <editable>true</editable>
          <description>Broker URL.</description>
        </parameter>
      </parameters>
      <configuration>
        <configType implementation="java.lang.String" default-value="activemq">${configType}</configType>
        <outputDirectory implementation="java.io.File">${project.build.directory}</outputDirectory>
        <configFile implementation="java.io.File">${configFile}</configFile>
        <url implementation="java.lang.String">${url}</url>
        <configDirectory implementation="java.lang.String" default-value="${basedir}/src/main/resources/broker-conf">${configDirectory}</configDirectory>
      </configuration>
    </mojo>
  </mojos>
  <dependencies>
    <dependency>
      <groupId>mx4j</groupId>
      <artifactId>mx4j</artifactId>
      <type>jar</type>
      <version>2.1.1</version>
    </dependency>
    <dependency>
      <groupId>mx4j</groupId>
      <artifactId>mx4j-impl</artifactId>
      <type>jar</type>
      <version>2.1.1</version>
    </dependency>
    <dependency>
      <groupId>log4j</groupId>
      <artifactId>log4j</artifactId>
      <type>jar</type>
      <version>1.2.12</version>
    </dependency>
    <dependency>
      <groupId>commons-collections</groupId>
      <artifactId>commons-collections</artifactId>
      <type>jar</type>
      <version>2.1</version>
    </dependency>
    <dependency>
      <groupId>mx4j</groupId>
      <artifactId>mx4j-remote</artifactId>
      <type>jar</type>
      <version>2.1.1</version>
    </dependency>
    <dependency>
      <groupId>logkit</groupId>
      <artifactId>logkit</artifactId>
      <type>jar</type>
      <version>1.0.1</version>
    </dependency>
    <dependency>
      <groupId>backport-util-concurrent</groupId>
      <artifactId>backport-util-concurrent</artifactId>
      <type>jar</type>
      <version>2.1</version>
    </dependency>
    <dependency>
      <groupId>org.apache.activemq</groupId>
      <artifactId>activemq-core</artifactId>
      <type>test-jar</type>
      <version>4.1.1</version>
    </dependency>
    <dependency>
      <groupId>org.apache.derby</groupId>
      <artifactId>derby</artifactId>
      <type>jar</type>
      <version>10.1.1.0</version>
    </dependency>
    <dependency>
      <groupId>avalon-framework</groupId>
      <artifactId>avalon-framework</artifactId>
      <type>jar</type>
      <version>4.1.3</version>
    </dependency>
    <dependency>
      <groupId>org.apache.derby</groupId>
      <artifactId>derbynet</artifactId>
      <type>jar</type>
      <version>10.1.1.0</version>
    </dependency>
    <dependency>
      <groupId>xerces</groupId>
      <artifactId>xercesImpl</artifactId>
      <type>jar</type>
      <version>2.0.2</version>
    </dependency>
    <dependency>
      <groupId>org.apache.activemq</groupId>
      <artifactId>activemq-console</artifactId>
      <type>jar</type>
      <version>4.1.1</version>
    </dependency>
    <dependency>
      <groupId>org.apache.activemq</groupId>
      <artifactId>activemq-core</artifactId>
      <type>jar</type>
      <version>4.1.1</version>
    </dependency>
    <dependency>
      <groupId>org.apache.geronimo.specs</groupId>
      <artifactId>geronimo-jms_1.1_spec</artifactId>
      <type>jar</type>
      <version>1.0</version>
    </dependency>
    <dependency>
      <groupId>commons-logging</groupId>
      <artifactId>commons-logging</artifactId>
      <type>jar</type>
      <version>1.1</version>
    </dependency>
    <dependency>
      <groupId>javax.servlet</groupId>
      <artifactId>servlet-api</artifactId>
      <type>jar</type>
      <version>2.3</version>
    </dependency>
    <dependency>
      <groupId>org.apache.geronimo.specs</groupId>
      <artifactId>geronimo-j2ee-management_1.0_spec</artifactId>
      <type>jar</type>
      <version>1.0</version>
    </dependency>
    <dependency>
      <groupId>org.springframework</groupId>
      <artifactId>spring</artifactId>
      <type>jar</type>
      <version>2.0</version>
    </dependency>
    <dependency>
      <groupId>org.apache.activemq</groupId>
      <artifactId>activeio-core</artifactId>
      <type>jar</type>
      <version>3.0.0-incubator</version>
    </dependency>
    <dependency>
      <groupId>mx4j</groupId>
      <artifactId>mx4j-jmx</artifactId>
      <type>jar</type>
      <version>2.1.1</version>
    </dependency>
    <dependency>
      <groupId>xml-apis</groupId>
      <artifactId>xml-apis</artifactId>
      <type>jar</type>
      <version>1.0.b2</version>
    </dependency>
    <dependency>
      <groupId>org.apache.maven</groupId>
      <artifactId>maven-plugin-api</artifactId>
      <type>jar</type>
      <version>2.0</version>
    </dependency>
    <dependency>
      <groupId>mx4j</groupId>
      <artifactId>mx4j-tools</artifactId>
      <type>jar</type>
      <version>2.1.1</version>
    </dependency>
    <dependency>
      <groupId>commons-pool</groupId>
      <artifactId>commons-pool</artifactId>
      <type>jar</type>
      <version>1.2</version>
    </dependency>
    <dependency>
      <groupId>org.apache.xbean</groupId>
      <artifactId>xbean-spring</artifactId>
      <type>jar</type>
      <version>2.8</version>
    </dependency>
  </dependencies>
</plugin>