<plugin>
  <description>The goal of Tobago is to provide the community with a well designed set of user interface components based on JSF and run on MyFaces.</description>
  <groupId>org.apache.myfaces.tobago</groupId>
  <artifactId>maven-theme-plugin</artifactId>
  <version>1.0.10</version>
  <goalPrefix>theme</goalPrefix>
  <isolatedRealm>false</isolatedRealm>
  <inheritedByDefault>true</inheritedByDefault>
  <mojos>
    <mojo>
      <goal>theme</goal>
      <description>Created by IntelliJ IDEA.
User: bommel
Date: 23.10.2005
Time: 16:33:04</description>
      <requiresDependencyResolution>compile</requiresDependencyResolution>
      <requiresDirectInvocation>false</requiresDirectInvocation>
      <requiresProject>true</requiresProject>
      <requiresReports>false</requiresReports>
      <aggregator>false</aggregator>
      <requiresOnline>false</requiresOnline>
      <inheritedByDefault>true</inheritedByDefault>
      <phase>package</phase>
      <implementation>org.apache.myfaces.tobago.maven.plugin.PackThemeMojo</implementation>
      <language>java</language>
      <instantiationStrategy>per-lookup</instantiationStrategy>
      <executionStrategy>once-per-session</executionStrategy>
      <parameters>
        <parameter>
          <name>archive</name>
          <type>org.apache.maven.archiver.MavenArchiveConfiguration</type>
          <required>false</required>
          <editable>true</editable>
          <description>The maven archive configuration to use.</description>
        </parameter>
        <parameter>
          <name>jarName</name>
          <type>java.lang.String</type>
          <required>true</required>
          <editable>true</editable>
          <description>The name of the generated jar.</description>
        </parameter>
        <parameter>
          <name>outputDirectory</name>
          <type>java.lang.String</type>
          <required>true</required>
          <editable>true</editable>
          <description>The directory for the generated JAR.</description>
        </parameter>
        <parameter>
          <name>project</name>
          <type>org.apache.maven.project.MavenProject</type>
          <required>true</required>
          <editable>false</editable>
          <description>The maven project.</description>
        </parameter>
        <parameter>
          <name>warSourceDirectory</name>
          <type>java.io.File</type>
          <required>true</required>
          <editable>true</editable>
          <description>Single directory for extra files to include in the ZIP.</description>
        </parameter>
        <parameter>
          <name>webappDirectory</name>
          <type>java.io.File</type>
          <required>true</required>
          <editable>true</editable>
          <description>The directory where the webapp is built.</description>
        </parameter>
      </parameters>
      <configuration>
        <outputDirectory implementation="java.lang.String">${project.build.directory}</outputDirectory>
        <project implementation="org.apache.maven.project.MavenProject">${project}</project>
        <warSourceDirectory implementation="java.io.File">${basedir}/src/main/resources/org/apache/myfaces/tobago/renderkit</warSourceDirectory>
        <webappDirectory implementation="java.io.File">${project.build.directory}/${project.build.finalName}</webappDirectory>
        <jarName implementation="java.lang.String">${project.build.finalName}</jarName>
      </configuration>
      <requirements>
        <requirement>
          <role>org.apache.maven.project.MavenProjectHelper</role>
          <field-name>projectHelper</field-name>
        </requirement>
        <requirement>
          <role>org.codehaus.plexus.archiver.Archiver</role>
          <role-hint>zip</role-hint>
          <field-name>archiver</field-name>
        </requirement>
      </requirements>
    </mojo>
    <mojo>
      <goal>resources</goal>
      <description>Created by IntelliJ IDEA.
User: bommel</description>
      <requiresDependencyResolution>compile</requiresDependencyResolution>
      <requiresDirectInvocation>false</requiresDirectInvocation>
      <requiresProject>true</requiresProject>
      <requiresReports>false</requiresReports>
      <aggregator>false</aggregator>
      <requiresOnline>false</requiresOnline>
      <inheritedByDefault>true</inheritedByDefault>
      <phase>process-resources</phase>
      <implementation>org.apache.myfaces.tobago.maven.plugin.UnPackThemeMojo</implementation>
      <language>java</language>
      <instantiationStrategy>per-lookup</instantiationStrategy>
      <executionStrategy>once-per-session</executionStrategy>
      <parameters>
        <parameter>
          <name>pluginArtifacts</name>
          <type>java.util.List</type>
          <required>true</required>
          <editable>true</editable>
          <description></description>
        </parameter>
        <parameter>
          <name>project</name>
          <type>org.apache.maven.project.MavenProject</type>
          <required>true</required>
          <editable>false</editable>
          <description>The maven project.</description>
        </parameter>
        <parameter>
          <name>webappDirectory</name>
          <type>java.io.File</type>
          <required>true</required>
          <editable>true</editable>
          <description>The directory where the webapp is built.</description>
        </parameter>
        <parameter>
          <name>workDirectory</name>
          <type>java.io.File</type>
          <required>true</required>
          <editable>true</editable>
          <description>Directory to unpack JARs into if needed</description>
        </parameter>
      </parameters>
      <configuration>
        <project implementation="org.apache.maven.project.MavenProject">${project}</project>
        <pluginArtifacts implementation="java.util.List">${plugin.artifacts}</pluginArtifacts>
        <webappDirectory implementation="java.io.File">${project.build.directory}/${project.build.finalName}</webappDirectory>
        <workDirectory implementation="java.io.File">${project.build.directory}/theme/work</workDirectory>
      </configuration>
      <requirements>
        <requirement>
          <role>org.codehaus.plexus.archiver.manager.ArchiverManager</role>
          <field-name>archiverManager</field-name>
        </requirement>
      </requirements>
    </mojo>
  </mojos>
  <dependencies/>
</plugin>