<plugin>
  <description>The goal of Tobago is to provide the community with a well designed set of user interface components based on JSF and run on MyFaces.</description>
  <groupId>org.apache.myfaces.tobago</groupId>
  <artifactId>maven-apt-plugin</artifactId>
  <version>1.0.8</version>
  <goalPrefix>apt</goalPrefix>
  <isolatedRealm>false</isolatedRealm>
  <inheritedByDefault>true</inheritedByDefault>
  <mojos>
    <mojo>
      <goal>execute</goal>
      <description></description>
      <requiresDependencyResolution>compile</requiresDependencyResolution>
      <requiresDirectInvocation>false</requiresDirectInvocation>
      <requiresProject>true</requiresProject>
      <requiresReports>false</requiresReports>
      <aggregator>false</aggregator>
      <requiresOnline>false</requiresOnline>
      <inheritedByDefault>true</inheritedByDefault>
      <phase>generate-sources</phase>
      <implementation>org.apache.myfaces.maven.plugin.AptMojo</implementation>
      <language>java</language>
      <instantiationStrategy>per-lookup</instantiationStrategy>
      <executionStrategy>once-per-session</executionStrategy>
      <parameters>
        <parameter>
          <name>aptOptions</name>
          <alias>A</alias>
          <type>java.lang.String</type>
          <required>false</required>
          <editable>true</editable>
          <description>Comma separated list of &quot;-A&quot; options: Next two examples are equivalent: &lt;pre&gt; &amp;lt;A&amp;gt;-Adebug,-Aloglevel=3&amp;lt;/A&amp;gt; &lt;/pre&gt; &lt;pre&gt; &amp;lt;A&amp;gt;debug, loglevel=3&amp;lt;/A&amp;gt; &lt;/pre&gt;</description>
        </parameter>
        <parameter>
          <name>basedir</name>
          <type>java.io.File</type>
          <required>true</required>
          <editable>false</editable>
          <description>The directory to run the compiler from if fork is true.</description>
        </parameter>
        <parameter>
          <name>classpathElements</name>
          <type>java.util.List</type>
          <required>true</required>
          <editable>false</editable>
          <description>Project classpath.</description>
        </parameter>
        <parameter>
          <name>compileSourceRoots</name>
          <type>java.util.List</type>
          <required>true</required>
          <editable>false</editable>
          <description>The source directories containing the sources to be compiled.</description>
        </parameter>
        <parameter>
          <name>debug</name>
          <type>boolean</type>
          <required>false</required>
          <editable>false</editable>
          <description>Whether to include debugging information in the compiled class files. The default value is true.</description>
        </parameter>
        <parameter>
          <name>encoding</name>
          <type>java.lang.String</type>
          <required>false</required>
          <editable>true</editable>
          <description>The -encoding argument for the Apt</description>
        </parameter>
        <parameter>
          <name>excludes</name>
          <type>java.util.Set</type>
          <required>false</required>
          <editable>true</editable>
          <description>A list of exclusion filters for the compiler.</description>
        </parameter>
        <parameter>
          <name>factory</name>
          <type>java.lang.String</type>
          <required>false</required>
          <editable>true</editable>
          <description>Name of AnnotationProcessorFactory to use; bypasses default discovery process</description>
        </parameter>
        <parameter>
          <name>force</name>
          <type>boolean</type>
          <required>false</required>
          <editable>true</editable>
          <description>Force apt call without staleness chhecking.</description>
        </parameter>
        <parameter>
          <name>generated</name>
          <type>java.lang.String</type>
          <required>false</required>
          <editable>true</editable>
          <description>The source directory containing the generated sources.</description>
        </parameter>
        <parameter>
          <name>includes</name>
          <type>java.util.Set</type>
          <required>false</required>
          <editable>true</editable>
          <description>A list of inclusion filters for the compiler.</description>
        </parameter>
        <parameter>
          <name>nocompile</name>
          <type>boolean</type>
          <required>false</required>
          <editable>true</editable>
          <description>The -nocompile argument for the Apt</description>
        </parameter>
        <parameter>
          <name>outputDirectory</name>
          <type>java.io.File</type>
          <required>true</required>
          <editable>false</editable>
          <description>The directory for compiled classes.</description>
        </parameter>
        <parameter>
          <name>project</name>
          <type>org.apache.maven.project.MavenProject</type>
          <required>true</required>
          <editable>false</editable>
          <description>The maven project.</description>
        </parameter>
        <parameter>
          <name>resourceTargetPath</name>
          <type>java.lang.String</type>
          <required>false</required>
          <editable>true</editable>
          <description>targetPath for generated resources</description>
        </parameter>
        <parameter>
          <name>showDeprecation</name>
          <type>boolean</type>
          <required>false</required>
          <editable>true</editable>
          <description>Output source locations where deprecated APIs are used</description>
        </parameter>
        <parameter>
          <name>showWarnings</name>
          <type>boolean</type>
          <required>false</required>
          <editable>true</editable>
          <description>Output warnings</description>
        </parameter>
        <parameter>
          <name>staleMillis</name>
          <type>int</type>
          <required>false</required>
          <editable>true</editable>
          <description>The granularity in milliseconds of the last modification date for testing whether a source needs recompilation</description>
        </parameter>
        <parameter>
          <name>targetFiles</name>
          <type>java.util.List</type>
          <required>false</required>
          <editable>true</editable>
          <description>A List of targetFiles for SingleSourceTargetMapping</description>
        </parameter>
        <parameter>
          <name>verbose</name>
          <type>boolean</type>
          <required>false</required>
          <editable>true</editable>
          <description>run Apt in verbode mode</description>
        </parameter>
      </parameters>
      <configuration>
        <debug implementation="boolean" default-value="true">${maven.compiler.debug}</debug>
        <outputDirectory implementation="java.io.File">${project.build.outputDirectory}</outputDirectory>
        <nocompile implementation="boolean" default-value="false"/>
        <classpathElements implementation="java.util.List">${project.compileClasspathElements}</classpathElements>
        <verbose implementation="boolean" default-value="false">${verbose}</verbose>
        <project implementation="org.apache.maven.project.MavenProject">${project}</project>
        <generated implementation="java.lang.String" default-value="src/main/gen"/>
        <compileSourceRoots implementation="java.util.List">${project.compileSourceRoots}</compileSourceRoots>
        <staleMillis implementation="int" default-value="0">${lastModGranularityMs}</staleMillis>
        <force implementation="boolean" default-value="false"/>
        <basedir implementation="java.io.File">${basedir}</basedir>
      </configuration>
    </mojo>
    <mojo>
      <goal>testExecute</goal>
      <description></description>
      <requiresDependencyResolution>test</requiresDependencyResolution>
      <requiresDirectInvocation>false</requiresDirectInvocation>
      <requiresProject>true</requiresProject>
      <requiresReports>false</requiresReports>
      <aggregator>false</aggregator>
      <requiresOnline>false</requiresOnline>
      <inheritedByDefault>true</inheritedByDefault>
      <phase>generate-sources</phase>
      <implementation>org.apache.myfaces.maven.plugin.TestAptMojo</implementation>
      <language>java</language>
      <instantiationStrategy>per-lookup</instantiationStrategy>
      <executionStrategy>once-per-session</executionStrategy>
      <parameters>
        <parameter>
          <name>aptOptions</name>
          <alias>A</alias>
          <type>java.lang.String</type>
          <required>false</required>
          <editable>true</editable>
          <description>Comma separated list of &quot;-A&quot; options: Next two examples are equivalent: &lt;pre&gt; &amp;lt;A&amp;gt;-Adebug,-Aloglevel=3&amp;lt;/A&amp;gt; &lt;/pre&gt; &lt;pre&gt; &amp;lt;A&amp;gt;debug, loglevel=3&amp;lt;/A&amp;gt; &lt;/pre&gt;</description>
        </parameter>
        <parameter>
          <name>basedir</name>
          <type>java.io.File</type>
          <required>true</required>
          <editable>false</editable>
          <description>The directory to run the compiler from if fork is true.</description>
        </parameter>
        <parameter>
          <name>compileSourceRoots</name>
          <type>java.util.List</type>
          <required>true</required>
          <editable>false</editable>
          <description>The source directories containing the test-source to be compiled.</description>
        </parameter>
        <parameter>
          <name>debug</name>
          <type>boolean</type>
          <required>false</required>
          <editable>false</editable>
          <description>Whether to include debugging information in the compiled class files. The default value is true.</description>
        </parameter>
        <parameter>
          <name>encoding</name>
          <type>java.lang.String</type>
          <required>false</required>
          <editable>true</editable>
          <description>The -encoding argument for the Apt</description>
        </parameter>
        <parameter>
          <name>factory</name>
          <type>java.lang.String</type>
          <required>false</required>
          <editable>true</editable>
          <description>Name of AnnotationProcessorFactory to use; bypasses default discovery process</description>
        </parameter>
        <parameter>
          <name>nocompile</name>
          <type>boolean</type>
          <required>false</required>
          <editable>true</editable>
          <description>The -nocompile argument for the Apt</description>
        </parameter>
        <parameter>
          <name>outputDirectory</name>
          <type>java.io.File</type>
          <required>true</required>
          <editable>false</editable>
          <description>The directory where compiled test classes go.</description>
        </parameter>
        <parameter>
          <name>project</name>
          <type>org.apache.maven.project.MavenProject</type>
          <required>true</required>
          <editable>false</editable>
          <description>The maven project.</description>
        </parameter>
        <parameter>
          <name>showDeprecation</name>
          <type>boolean</type>
          <required>false</required>
          <editable>true</editable>
          <description>Output source locations where deprecated APIs are used</description>
        </parameter>
        <parameter>
          <name>showWarnings</name>
          <type>boolean</type>
          <required>false</required>
          <editable>true</editable>
          <description>Output warnings</description>
        </parameter>
        <parameter>
          <name>skip</name>
          <type>boolean</type>
          <required>false</required>
          <editable>true</editable>
          <description>Set this to &apos;true&apos; to bypass unit tests entirely. Its use is NOT RECOMMENDED, but quite convenient on occasion.</description>
        </parameter>
        <parameter>
          <name>staleMillis</name>
          <type>int</type>
          <required>false</required>
          <editable>true</editable>
          <description>The granularity in milliseconds of the last modification date for testing whether a source needs recompilation</description>
        </parameter>
        <parameter>
          <name>testClasspathElements</name>
          <type>java.util.List</type>
          <required>true</required>
          <editable>false</editable>
          <description>Project test classpath.</description>
        </parameter>
        <parameter>
          <name>testExcludes</name>
          <type>java.util.Set</type>
          <required>false</required>
          <editable>true</editable>
          <description>A list of exclusion filters for the compiler.</description>
        </parameter>
        <parameter>
          <name>testGenerated</name>
          <type>java.lang.String</type>
          <required>false</required>
          <editable>true</editable>
          <description>The source directory containing the generated sources to be compiled.</description>
        </parameter>
        <parameter>
          <name>testIncludes</name>
          <type>java.util.Set</type>
          <required>false</required>
          <editable>true</editable>
          <description>A list of inclusion filters for the compiler.</description>
        </parameter>
        <parameter>
          <name>verbose</name>
          <type>boolean</type>
          <required>false</required>
          <editable>true</editable>
          <description>run Apt in verbode mode</description>
        </parameter>
      </parameters>
      <configuration>
        <testGenerated implementation="java.lang.String" default-value="src/test/gen"/>
        <debug implementation="boolean" default-value="true">${maven.compiler.debug}</debug>
        <skip implementation="boolean">${maven.test.skip}</skip>
        <outputDirectory implementation="java.io.File">${project.build.testOutputDirectory}</outputDirectory>
        <nocompile implementation="boolean" default-value="false"/>
        <verbose implementation="boolean" default-value="false">${verbose}</verbose>
        <project implementation="org.apache.maven.project.MavenProject">${project}</project>
        <compileSourceRoots implementation="java.util.List">${project.testCompileSourceRoots}</compileSourceRoots>
        <staleMillis implementation="int" default-value="0">${lastModGranularityMs}</staleMillis>
        <basedir implementation="java.io.File">${basedir}</basedir>
        <testClasspathElements implementation="java.util.List">${project.testClasspathElements}</testClasspathElements>
      </configuration>
    </mojo>
  </mojos>
  <dependencies>
    <dependency>
      <groupId>org.codehaus.plexus</groupId>
      <artifactId>plexus-compiler-api</artifactId>
      <type>jar</type>
      <version>1.5.2</version>
    </dependency>
    <dependency>
      <groupId>org.codehaus.plexus</groupId>
      <artifactId>plexus-utils</artifactId>
      <type>jar</type>
      <version>1.0.4</version>
    </dependency>
    <dependency>
      <groupId>org.apache.maven</groupId>
      <artifactId>maven-model</artifactId>
      <type>jar</type>
      <version>2.0</version>
    </dependency>
    <dependency>
      <groupId>org.codehaus.plexus</groupId>
      <artifactId>plexus-container-default</artifactId>
      <type>jar</type>
      <version>1.0-alpha-8</version>
    </dependency>
    <dependency>
      <groupId>org.apache.maven</groupId>
      <artifactId>maven-profile</artifactId>
      <type>jar</type>
      <version>2.0</version>
    </dependency>
    <dependency>
      <groupId>org.apache.maven</groupId>
      <artifactId>maven-artifact-manager</artifactId>
      <type>jar</type>
      <version>2.0</version>
    </dependency>
    <dependency>
      <groupId>classworlds</groupId>
      <artifactId>classworlds</artifactId>
      <type>jar</type>
      <version>1.1-alpha-2</version>
    </dependency>
    <dependency>
      <groupId>org.apache.maven.wagon</groupId>
      <artifactId>wagon-provider-api</artifactId>
      <type>jar</type>
      <version>1.0-alpha-5</version>
    </dependency>
    <dependency>
      <groupId>org.apache.maven</groupId>
      <artifactId>maven-project</artifactId>
      <type>jar</type>
      <version>2.0</version>
    </dependency>
    <dependency>
      <groupId>org.apache.maven</groupId>
      <artifactId>maven-plugin-api</artifactId>
      <type>jar</type>
      <version>2.0</version>
    </dependency>
    <dependency>
      <groupId>org.apache.maven</groupId>
      <artifactId>maven-artifact</artifactId>
      <type>jar</type>
      <version>2.0</version>
    </dependency>
    <dependency>
      <groupId>org.apache.maven</groupId>
      <artifactId>maven-repository-metadata</artifactId>
      <type>jar</type>
      <version>2.0</version>
    </dependency>
  </dependencies>
</plugin>