<plugin>
  <description>Script plugin for generating env.sh for console apps in development.</description>
  <groupId>com.baulsupp.kolja</groupId>
  <artifactId>script-plugin</artifactId>
  <version>1.1</version>
  <goalPrefix>script</goalPrefix>
  <isolatedRealm>false</isolatedRealm>
  <inheritedByDefault>true</inheritedByDefault>
  <mojos>
    <mojo>
      <goal>generate-env</goal>
      <description></description>
      <requiresDependencyResolution>runtime</requiresDependencyResolution>
      <requiresDirectInvocation>false</requiresDirectInvocation>
      <requiresProject>true</requiresProject>
      <requiresReports>false</requiresReports>
      <aggregator>false</aggregator>
      <requiresOnline>false</requiresOnline>
      <inheritedByDefault>true</inheritedByDefault>
      <phase>compile</phase>
      <implementation>com.baulsupp.maven.script.ScriptClasspathMojo</implementation>
      <language>java</language>
      <instantiationStrategy>per-lookup</instantiationStrategy>
      <executionStrategy>once-per-session</executionStrategy>
      <parameters>
        <parameter>
          <name>classpathVariable</name>
          <type>java.lang.String</type>
          <required>false</required>
          <editable>true</editable>
          <description>The environment variable to set.</description>
        </parameter>
        <parameter>
          <name>outputFile</name>
          <type>java.io.File</type>
          <required>false</required>
          <editable>true</editable>
          <description></description>
        </parameter>
        <parameter>
          <name>project</name>
          <type>org.apache.maven.project.MavenProject</type>
          <required>true</required>
          <editable>false</editable>
          <description></description>
        </parameter>
      </parameters>
      <configuration>
        <classpathVariable implementation="java.lang.String">CP</classpathVariable>
        <project implementation="org.apache.maven.project.MavenProject">${project}</project>
        <outputFile implementation="java.io.File">${project.build.directory}/env.sh</outputFile>
      </configuration>
    </mojo>
  </mojos>
  <dependencies/>
</plugin>