<plugin>
  <description>This Maven plugin makes it easier to configure the TDDoc documentation generation.</description>
  <groupId>com.agical.rmock</groupId>
  <artifactId>rmock-maven-plugin</artifactId>
  <version>1.0.1</version>
  <goalPrefix>rmock</goalPrefix>
  <isolatedRealm>false</isolatedRealm>
  <inheritedByDefault>true</inheritedByDefault>
  <mojos>
    <mojo>
      <goal>tddoc_task</goal>
      <description>Runs Run TDDoc administrative tasks</description>
      <requiresDirectInvocation>false</requiresDirectInvocation>
      <requiresProject>true</requiresProject>
      <requiresReports>false</requiresReports>
      <aggregator>false</aggregator>
      <requiresOnline>false</requiresOnline>
      <inheritedByDefault>true</inheritedByDefault>
      <implementation>com.agical.rmock.maven.RMockMojo</implementation>
      <language>java</language>
      <instantiationStrategy>per-lookup</instantiationStrategy>
      <executionStrategy>once-per-session</executionStrategy>
      <parameters>
        <parameter>
          <name>docbook</name>
          <type>java.util.Map</type>
          <required>false</required>
          <editable>true</editable>
          <description>Docbook parameters</description>
        </parameter>
        <parameter>
          <name>formatters</name>
          <type>java.lang.String</type>
          <required>true</required>
          <editable>true</editable>
          <description>The postprocessors to use</description>
        </parameter>
        <parameter>
          <name>generatedResourcesSource</name>
          <type>java.lang.String</type>
          <required>false</required>
          <editable>true</editable>
          <description>The location of resources generated when running tests with tddoc.</description>
        </parameter>
        <parameter>
          <name>generatedResourcesTargets</name>
          <type>java.lang.String</type>
          <required>false</required>
          <editable>true</editable>
          <description>The site target to copy the generated resources to. Used when integrating the TDDoc output in the maven site</description>
        </parameter>
        <parameter>
          <name>postProcessorTargets</name>
          <type>java.lang.String</type>
          <required>true</required>
          <editable>true</editable>
          <description></description>
        </parameter>
        <parameter>
          <name>postProcessorTemplates</name>
          <type>java.lang.String</type>
          <required>true</required>
          <editable>true</editable>
          <description></description>
        </parameter>
        <parameter>
          <name>project</name>
          <type>org.apache.maven.project.MavenProject</type>
          <required>true</required>
          <editable>false</editable>
          <description>The enclosing project.</description>
        </parameter>
      </parameters>
      <configuration>
        <generatedResourcesSource implementation="java.lang.String">target/rmock/resources</generatedResourcesSource>
        <project implementation="org.apache.maven.project.MavenProject">${project}</project>
      </configuration>
    </mojo>
  </mojos>
  <dependencies/>
</plugin>