<plugin>
  <description>A plugin that builds installers using bootstrappers and commons-daemon procrun and jsvc</description>
  <groupId>org.apache.directory.daemon</groupId>
  <artifactId>daemon-plugin</artifactId>
  <version>1.0-RC3</version>
  <goalPrefix>daemon</goalPrefix>
  <isolatedRealm>false</isolatedRealm>
  <inheritedByDefault>true</inheritedByDefault>
  <mojos>
    <mojo>
      <goal>generate</goal>
      <description>Maven 2 mojo creating the platform specific installation layout images.</description>
      <requiresDependencyResolution>runtime</requiresDependencyResolution>
      <requiresDirectInvocation>false</requiresDirectInvocation>
      <requiresProject>true</requiresProject>
      <requiresReports>false</requiresReports>
      <aggregator>false</aggregator>
      <requiresOnline>false</requiresOnline>
      <inheritedByDefault>true</inheritedByDefault>
      <phase>package</phase>
      <implementation>org.apache.directory.daemon.installers.ServiceInstallersMojo</implementation>
      <language>java</language>
      <instantiationStrategy>per-lookup</instantiationStrategy>
      <executionStrategy>once-per-session</executionStrategy>
      <parameters>
        <parameter>
          <name>application</name>
          <type>org.apache.directory.daemon.installers.Application</type>
          <required>true</required>
          <editable>true</editable>
          <description></description>
        </parameter>
        <parameter>
          <name>applicationClass</name>
          <type>java.lang.String</type>
          <required>true</required>
          <editable>true</editable>
          <description></description>
        </parameter>
        <parameter>
          <name>debTargets</name>
          <type>org.apache.directory.daemon.installers.DebTarget</type>
          <required>false</required>
          <editable>true</editable>
          <description></description>
        </parameter>
        <parameter>
          <name>docsTargetPath</name>
          <type>java.lang.String</type>
          <required>false</required>
          <editable>true</editable>
          <description></description>
        </parameter>
        <parameter>
          <name>encoding</name>
          <type>java.lang.String</type>
          <required>false</required>
          <editable>true</editable>
          <description></description>
        </parameter>
        <parameter>
          <name>excludes</name>
          <type>java.util.Set</type>
          <required>false</required>
          <editable>true</editable>
          <description></description>
        </parameter>
        <parameter>
          <name>innoTargets</name>
          <type>org.apache.directory.daemon.installers.inno.InnoTarget</type>
          <required>false</required>
          <editable>true</editable>
          <description></description>
        </parameter>
        <parameter>
          <name>izPackTargets</name>
          <type>org.apache.directory.daemon.installers.izpack.IzPackTarget</type>
          <required>false</required>
          <editable>true</editable>
          <description></description>
        </parameter>
        <parameter>
          <name>outputDirectory</name>
          <type>java.io.File</type>
          <required>false</required>
          <editable>true</editable>
          <description>The target directory into which the mojo creates os and platform specific images.</description>
        </parameter>
        <parameter>
          <name>packageDocs</name>
          <type>boolean</type>
          <required>false</required>
          <editable>true</editable>
          <description></description>
        </parameter>
        <parameter>
          <name>packageSources</name>
          <type>boolean</type>
          <required>false</required>
          <editable>true</editable>
          <description></description>
        </parameter>
        <parameter>
          <name>packagedFiles</name>
          <type>org.apache.directory.daemon.installers.PackagedFile</type>
          <required>false</required>
          <editable>true</editable>
          <description></description>
        </parameter>
        <parameter>
          <name>pkgTargets</name>
          <type>org.apache.directory.daemon.installers.PkgTarget</type>
          <required>false</required>
          <editable>true</editable>
          <description></description>
        </parameter>
        <parameter>
          <name>project</name>
          <type>org.apache.maven.project.MavenProject</type>
          <required>true</required>
          <editable>true</editable>
          <description></description>
        </parameter>
        <parameter>
          <name>rpmTargets</name>
          <type>org.apache.directory.daemon.installers.rpm.RpmTarget</type>
          <required>false</required>
          <editable>true</editable>
          <description></description>
        </parameter>
        <parameter>
          <name>sourceDirectory</name>
          <type>java.io.File</type>
          <required>false</required>
          <editable>true</editable>
          <description>The source directory where various configuration files for the installer are stored.</description>
        </parameter>
        <parameter>
          <name>sourcesTargetPath</name>
          <type>java.lang.String</type>
          <required>false</required>
          <editable>true</editable>
          <description></description>
        </parameter>
        <parameter>
          <name>svnBaseUrl</name>
          <type>java.lang.String</type>
          <required>false</required>
          <editable>true</editable>
          <description></description>
        </parameter>
      </parameters>
      <configuration>
        <outputDirectory implementation="java.io.File">target/images</outputDirectory>
        <sourcesTargetPath implementation="java.lang.String">src</sourcesTargetPath>
        <sourceDirectory implementation="java.io.File">src/main/installers</sourceDirectory>
        <project implementation="org.apache.maven.project.MavenProject">${project}</project>
        <docsTargetPath implementation="java.lang.String">docs</docsTargetPath>
      </configuration>
    </mojo>
  </mojos>
  <dependencies/>
</plugin>