<plugin>
  <description>Provides support to compile and execute Groovy scripts.</description>
  <groupId>org.codehaus.mojo.groovy</groupId>
  <artifactId>groovy-maven-plugin</artifactId>
  <version>1.0-beta-1</version>
  <goalPrefix>groovy</goalPrefix>
  <isolatedRealm>false</isolatedRealm>
  <inheritedByDefault>true</inheritedByDefault>
  <mojos>
    <mojo>
      <goal>compile</goal>
      <description>Compiles &lt;a href=&quot;http://groovy.codehaus.org&quot;&gt;Groovy&lt;/a&gt; sources.</description>
      <requiresDependencyResolution>compile</requiresDependencyResolution>
      <requiresDirectInvocation>false</requiresDirectInvocation>
      <requiresProject>true</requiresProject>
      <requiresReports>false</requiresReports>
      <aggregator>false</aggregator>
      <requiresOnline>false</requiresOnline>
      <inheritedByDefault>true</inheritedByDefault>
      <phase>compile</phase>
      <implementation>org.codehaus.mojo.groovy.CompileMojo</implementation>
      <language>java</language>
      <instantiationStrategy>per-lookup</instantiationStrategy>
      <executionStrategy>once-per-session</executionStrategy>
      <parameters>
        <parameter>
          <name>artifactRepository</name>
          <type>org.apache.maven.artifact.repository.ArtifactRepository</type>
          <required>true</required>
          <editable>false</editable>
          <description></description>
        </parameter>
        <parameter>
          <name>classpath</name>
          <type>org.codehaus.mojo.pluginsupport.util.ArtifactItem[]</type>
          <required>false</required>
          <editable>true</editable>
          <description>Additional artifacts to add to the classpath (in addition to the classpath
which is picked up from the executing poms configuration).</description>
        </parameter>
        <parameter>
          <name>debug</name>
          <type>boolean</type>
          <required>false</required>
          <editable>true</editable>
          <description>Turns debugging operation on or off.</description>
        </parameter>
        <parameter>
          <name>defaultScriptExtension</name>
          <type>java.lang.String</type>
          <required>false</required>
          <editable>true</editable>
          <description>Set the default extention for Groovy script source files.</description>
        </parameter>
        <parameter>
          <name>outputDirectory</name>
          <type>java.io.File</type>
          <required>true</required>
          <editable>true</editable>
          <description>The directory where generated Java class files will be placed.</description>
        </parameter>
        <parameter>
          <name>project</name>
          <type>org.apache.maven.project.MavenProject</type>
          <required>true</required>
          <editable>false</editable>
          <description>The maven project.</description>
        </parameter>
        <parameter>
          <name>scriptBaseClassname</name>
          <type>java.lang.String</type>
          <required>false</required>
          <editable>true</editable>
          <description>Sets the name of the base class for scripts. It must be a subclass of &lt;tt&gt;groovy.lang.Script&lt;/tt&gt;.</description>
        </parameter>
        <parameter>
          <name>sourceEncoding</name>
          <type>java.lang.String</type>
          <required>false</required>
          <editable>true</editable>
          <description>Sets the encoding to be used when reading source files.</description>
        </parameter>
        <parameter>
          <name>sources</name>
          <type>org.apache.maven.shared.model.fileset.FileSet[]</type>
          <required>false</required>
          <editable>true</editable>
          <description>One or more filesets of Groovy sources to be compiled. If not specified, then
the default will be used.</description>
        </parameter>
        <parameter>
          <name>stacktrace</name>
          <type>boolean</type>
          <required>false</required>
          <editable>true</editable>
          <description>Enable compiler to report stack trace information if a problem occurs.</description>
        </parameter>
        <parameter>
          <name>tolerance</name>
          <type>int</type>
          <required>false</required>
          <editable>true</editable>
          <description>Sets the error tolerance, which is the number of non-fatal errors (per unit)
that should be tolerated before compilation is aborted.</description>
        </parameter>
        <parameter>
          <name>verbose</name>
          <type>boolean</type>
          <required>false</required>
          <editable>true</editable>
          <description>Turns verbose operation on or off.</description>
        </parameter>
      </parameters>
      <configuration>
        <debug implementation="boolean" default-value="false">${debug}</debug>
        <scriptBaseClassname implementation="java.lang.String">${scriptBaseClassname}</scriptBaseClassname>
        <outputDirectory implementation="java.io.File" default-value="${project.build.outputDirectory}"/>
        <sourceEncoding implementation="java.lang.String" default-value="${file.encoding}">${sourceEncoding}</sourceEncoding>
        <defaultScriptExtension implementation="java.lang.String" default-value=".groovy">${defaultScriptExtension}</defaultScriptExtension>
        <tolerance implementation="int" default-value="0">${tolerance}</tolerance>
        <verbose implementation="boolean" default-value="false">${verbose}</verbose>
        <project implementation="org.apache.maven.project.MavenProject">${project}</project>
        <artifactRepository implementation="org.apache.maven.artifact.repository.ArtifactRepository">${localRepository}</artifactRepository>
        <stacktrace implementation="boolean" default-value="false">${stacktrace}</stacktrace>
      </configuration>
    </mojo>
    <mojo>
      <goal>execute</goal>
      <description>Executes a &lt;a href=&quot;http://groovy.codehaus.org&quot;&gt;Groovy&lt;/a&gt; script.</description>
      <requiresDependencyResolution>runtime</requiresDependencyResolution>
      <requiresDirectInvocation>false</requiresDirectInvocation>
      <requiresProject>true</requiresProject>
      <requiresReports>false</requiresReports>
      <aggregator>false</aggregator>
      <requiresOnline>false</requiresOnline>
      <inheritedByDefault>true</inheritedByDefault>
      <implementation>org.codehaus.mojo.groovy.ExecuteMojo</implementation>
      <language>java</language>
      <configurator>override</configurator>
      <instantiationStrategy>per-lookup</instantiationStrategy>
      <executionStrategy>once-per-session</executionStrategy>
      <parameters>
        <parameter>
          <name>artifactRepository</name>
          <type>org.apache.maven.artifact.repository.ArtifactRepository</type>
          <required>true</required>
          <editable>false</editable>
          <description></description>
        </parameter>
        <parameter>
          <name>classpath</name>
          <type>org.codehaus.mojo.pluginsupport.util.ArtifactItem[]</type>
          <required>false</required>
          <editable>true</editable>
          <description>Additional artifacts to add to the scripts classpath.</description>
        </parameter>
        <parameter>
          <name>defaults</name>
          <type>java.util.Map</type>
          <required>false</required>
          <editable>true</editable>
          <description>A set of default project properties, which the values will be used only if
the project or system does not override.</description>
        </parameter>
        <parameter>
          <name>project</name>
          <type>org.apache.maven.project.MavenProject</type>
          <required>true</required>
          <editable>false</editable>
          <description></description>
        </parameter>
        <parameter>
          <name>properties</name>
          <type>java.util.Map</type>
          <required>false</required>
          <editable>true</editable>
          <description>A set of additional project properties.</description>
        </parameter>
        <parameter>
          <name>scriptpath</name>
          <type>java.io.File[]</type>
          <required>false</required>
          <editable>true</editable>
          <description>Path to search for imported scripts.</description>
        </parameter>
        <parameter>
          <name>session</name>
          <type>org.apache.maven.execution.MavenSession</type>
          <required>true</required>
          <editable>false</editable>
          <description></description>
        </parameter>
        <parameter>
          <name>source</name>
          <type>org.codehaus.mojo.groovy.CodeSource</type>
          <required>true</required>
          <editable>true</editable>
          <description>The source of the script to execute. Value can be a URL, File reference
or inline Groovy code.</description>
        </parameter>
        <parameter>
          <name>trapAssertionErrors</name>
          <type>boolean</type>
          <required>false</required>
          <editable>true</editable>
          <description>Trap assertion errors and rethrow them as execution failures.</description>
        </parameter>
      </parameters>
      <configuration>
        <trapAssertionErrors implementation="boolean" default-value="true"/>
        <session implementation="org.apache.maven.execution.MavenSession">${session}</session>
        <project implementation="org.apache.maven.project.MavenProject">${project}</project>
        <artifactRepository implementation="org.apache.maven.artifact.repository.ArtifactRepository">${localRepository}</artifactRepository>
      </configuration>
      <requirements>
        <requirement>
          <role>org.codehaus.plexus.component.factory.ComponentFactory</role>
          <role-hint>groovy</role-hint>
          <field-name>componentFactory</field-name>
        </requirement>
      </requirements>
    </mojo>
    <mojo>
      <goal>groovydoc</goal>
      <description>Generates a report for the Groovy API documentation.</description>
      <requiresDirectInvocation>false</requiresDirectInvocation>
      <requiresProject>true</requiresProject>
      <requiresReports>false</requiresReports>
      <aggregator>false</aggregator>
      <requiresOnline>false</requiresOnline>
      <inheritedByDefault>true</inheritedByDefault>
      <phase>generate-sources</phase>
      <implementation>org.codehaus.mojo.groovy.GroovydocReport</implementation>
      <language>java</language>
      <instantiationStrategy>per-lookup</instantiationStrategy>
      <executionStrategy>once-per-session</executionStrategy>
      <parameters>
        <parameter>
          <name>description</name>
          <type>java.lang.String</type>
          <required>false</required>
          <editable>true</editable>
          <description>The description of the Groovydoc report.</description>
        </parameter>
        <parameter>
          <name>destDir</name>
          <type>java.lang.String</type>
          <required>false</required>
          <editable>true</editable>
          <description>The name of the destination directory under the site tree where reports will be stored.</description>
        </parameter>
        <parameter>
          <name>name</name>
          <type>java.lang.String</type>
          <required>false</required>
          <editable>true</editable>
          <description>The name of the Groovydoc report.</description>
        </parameter>
        <parameter>
          <name>outputDirectory</name>
          <type>java.io.File</type>
          <required>true</required>
          <editable>true</editable>
          <description>The directory where Groovy API documentation will be placed.</description>
        </parameter>
        <parameter>
          <name>project</name>
          <type>org.apache.maven.project.MavenProject</type>
          <required>true</required>
          <editable>false</editable>
          <description></description>
        </parameter>
        <parameter>
          <name>reportOutputDirectory</name>
          <type>java.io.File</type>
          <required>true</required>
          <editable>true</editable>
          <description>Specifies the destination directory where Groovydoc saves the generated HTML files.</description>
        </parameter>
        <parameter>
          <name>sources</name>
          <type>org.apache.maven.shared.model.fileset.FileSet</type>
          <required>false</required>
          <editable>true</editable>
          <description>Source files to generate documentation for. Defaults to all &lt;tt&gt;*.groovy&lt;/tt&gt; files under &lt;tt&gt;src/main/groovy&lt;/tt&gt;.</description>
        </parameter>
      </parameters>
      <configuration>
        <outputDirectory implementation="java.io.File" default-value="${project.build.directory}/gapi"/>
        <description implementation="java.lang.String" default-value="GroovyDoc API documentation.">${description}</description>
        <reportOutputDirectory implementation="java.io.File">${project.reporting.outputDirectory}/gapi</reportOutputDirectory>
        <project implementation="org.apache.maven.project.MavenProject">${project}</project>
        <destDir implementation="java.lang.String" default-value="gapi">${destDir}</destDir>
        <name implementation="java.lang.String" default-value="GroovyDocs">${name}</name>
      </configuration>
      <requirements>
        <requirement>
          <role>org.apache.maven.doxia.siterenderer.Renderer</role>
          <field-name>siteRenderer</field-name>
        </requirement>
      </requirements>
    </mojo>
    <mojo>
      <goal>testCompile</goal>
      <description>Compiles &lt;a href=&quot;http://groovy.codehaus.org&quot;&gt;Groovy&lt;/a&gt; &lt;em&gt;test&lt;/em&gt; sources.</description>
      <requiresDependencyResolution>test</requiresDependencyResolution>
      <requiresDirectInvocation>false</requiresDirectInvocation>
      <requiresProject>true</requiresProject>
      <requiresReports>false</requiresReports>
      <aggregator>false</aggregator>
      <requiresOnline>false</requiresOnline>
      <inheritedByDefault>true</inheritedByDefault>
      <phase>test-compile</phase>
      <implementation>org.codehaus.mojo.groovy.TestCompileMojo</implementation>
      <language>java</language>
      <instantiationStrategy>per-lookup</instantiationStrategy>
      <executionStrategy>once-per-session</executionStrategy>
      <parameters>
        <parameter>
          <name>artifactRepository</name>
          <type>org.apache.maven.artifact.repository.ArtifactRepository</type>
          <required>true</required>
          <editable>false</editable>
          <description></description>
        </parameter>
        <parameter>
          <name>classpath</name>
          <type>org.codehaus.mojo.pluginsupport.util.ArtifactItem[]</type>
          <required>false</required>
          <editable>true</editable>
          <description>Additional artifacts to add to the classpath (in addition to the classpath
which is picked up from the executing poms configuration).</description>
        </parameter>
        <parameter>
          <name>debug</name>
          <type>boolean</type>
          <required>false</required>
          <editable>true</editable>
          <description>Turns debugging operation on or off.</description>
        </parameter>
        <parameter>
          <name>defaultScriptExtension</name>
          <type>java.lang.String</type>
          <required>false</required>
          <editable>true</editable>
          <description>Set the default extention for Groovy script source files.</description>
        </parameter>
        <parameter>
          <name>outputDirectory</name>
          <type>java.io.File</type>
          <required>true</required>
          <editable>true</editable>
          <description>The directory where generated Java class files will be placed.</description>
        </parameter>
        <parameter>
          <name>project</name>
          <type>org.apache.maven.project.MavenProject</type>
          <required>true</required>
          <editable>false</editable>
          <description>The maven project.</description>
        </parameter>
        <parameter>
          <name>scriptBaseClassname</name>
          <type>java.lang.String</type>
          <required>false</required>
          <editable>true</editable>
          <description>Sets the name of the base class for scripts. It must be a subclass of &lt;tt&gt;groovy.lang.Script&lt;/tt&gt;.</description>
        </parameter>
        <parameter>
          <name>skip</name>
          <type>boolean</type>
          <required>false</required>
          <editable>true</editable>
          <description>Flag to allow test compiliation to be skipped.</description>
        </parameter>
        <parameter>
          <name>sourceEncoding</name>
          <type>java.lang.String</type>
          <required>false</required>
          <editable>true</editable>
          <description>Sets the encoding to be used when reading source files.</description>
        </parameter>
        <parameter>
          <name>sources</name>
          <type>org.apache.maven.shared.model.fileset.FileSet[]</type>
          <required>false</required>
          <editable>true</editable>
          <description>One or more filesets of Groovy sources to be compiled. If not specified, then
the default will be used.</description>
        </parameter>
        <parameter>
          <name>stacktrace</name>
          <type>boolean</type>
          <required>false</required>
          <editable>true</editable>
          <description>Enable compiler to report stack trace information if a problem occurs.</description>
        </parameter>
        <parameter>
          <name>tolerance</name>
          <type>int</type>
          <required>false</required>
          <editable>true</editable>
          <description>Sets the error tolerance, which is the number of non-fatal errors (per unit)
that should be tolerated before compilation is aborted.</description>
        </parameter>
        <parameter>
          <name>verbose</name>
          <type>boolean</type>
          <required>false</required>
          <editable>true</editable>
          <description>Turns verbose operation on or off.</description>
        </parameter>
      </parameters>
      <configuration>
        <debug implementation="boolean" default-value="false">${debug}</debug>
        <scriptBaseClassname implementation="java.lang.String">${scriptBaseClassname}</scriptBaseClassname>
        <skip implementation="boolean" default-value="false">${maven.test.skip}</skip>
        <outputDirectory implementation="java.io.File" default-value="${project.build.testOutputDirectory}"/>
        <sourceEncoding implementation="java.lang.String" default-value="${file.encoding}">${sourceEncoding}</sourceEncoding>
        <defaultScriptExtension implementation="java.lang.String" default-value=".groovy">${defaultScriptExtension}</defaultScriptExtension>
        <tolerance implementation="int" default-value="0">${tolerance}</tolerance>
        <verbose implementation="boolean" default-value="false">${verbose}</verbose>
        <project implementation="org.apache.maven.project.MavenProject">${project}</project>
        <artifactRepository implementation="org.apache.maven.artifact.repository.ArtifactRepository">${localRepository}</artifactRepository>
        <stacktrace implementation="boolean" default-value="false">${stacktrace}</stacktrace>
      </configuration>
    </mojo>
  </mojos>
  <dependencies/>
</plugin>