<plugin>
  <description>The Apache Software Foundation provides support for the Apache community of open-source software projects.
    The Apache projects are characterized by a collaborative, consensus based development process, an open and
    pragmatic software license, and a desire to create high quality software that leads the way in its field.
    We consider ourselves not simply a group of projects sharing a server, but rather a community of developers
    and users.</description>
  <groupId>org.apache.myfaces.trinidadbuild</groupId>
  <artifactId>maven-javacc-plugin</artifactId>
  <version>1.0.1</version>
  <goalPrefix>javacc</goalPrefix>
  <isolatedRealm>false</isolatedRealm>
  <inheritedByDefault>true</inheritedByDefault>
  <mojos>
    <mojo>
      <goal>generate</goal>
      <description></description>
      <requiresDirectInvocation>false</requiresDirectInvocation>
      <requiresProject>true</requiresProject>
      <requiresReports>false</requiresReports>
      <aggregator>false</aggregator>
      <requiresOnline>false</requiresOnline>
      <inheritedByDefault>true</inheritedByDefault>
      <phase>generate-sources</phase>
      <implementation>org.apache.myfaces.trinidadinternal.view.faces.maven.plugin.javacc.JavaCCMojo</implementation>
      <language>java</language>
      <instantiationStrategy>per-lookup</instantiationStrategy>
      <executionStrategy>once-per-session</executionStrategy>
      <parameters>
        <parameter>
          <name>buildParser</name>
          <type>boolean</type>
          <required>true</required>
          <editable>true</editable>
          <description></description>
        </parameter>
        <parameter>
          <name>buildTokenManager</name>
          <type>boolean</type>
          <required>true</required>
          <editable>true</editable>
          <description></description>
        </parameter>
        <parameter>
          <name>cacheTokens</name>
          <type>boolean</type>
          <required>true</required>
          <editable>true</editable>
          <description></description>
        </parameter>
        <parameter>
          <name>choiceAmbiguityCheck</name>
          <type>int</type>
          <required>true</required>
          <editable>true</editable>
          <description></description>
        </parameter>
        <parameter>
          <name>commonTokenAction</name>
          <type>boolean</type>
          <required>true</required>
          <editable>true</editable>
          <description></description>
        </parameter>
        <parameter>
          <name>debugLookAhead</name>
          <type>boolean</type>
          <required>true</required>
          <editable>true</editable>
          <description></description>
        </parameter>
        <parameter>
          <name>debugParser</name>
          <type>boolean</type>
          <required>true</required>
          <editable>true</editable>
          <description></description>
        </parameter>
        <parameter>
          <name>debugTokenManager</name>
          <type>boolean</type>
          <required>true</required>
          <editable>true</editable>
          <description></description>
        </parameter>
        <parameter>
          <name>doNotGenerateTokenFile</name>
          <type>boolean</type>
          <required>true</required>
          <editable>true</editable>
          <description></description>
        </parameter>
        <parameter>
          <name>errorReporting</name>
          <type>boolean</type>
          <required>true</required>
          <editable>true</editable>
          <description></description>
        </parameter>
        <parameter>
          <name>forceLaCheck</name>
          <type>boolean</type>
          <required>true</required>
          <editable>true</editable>
          <description></description>
        </parameter>
        <parameter>
          <name>ignoreCase</name>
          <type>boolean</type>
          <required>true</required>
          <editable>true</editable>
          <description></description>
        </parameter>
        <parameter>
          <name>isStatic</name>
          <type>boolean</type>
          <required>true</required>
          <editable>true</editable>
          <description></description>
        </parameter>
        <parameter>
          <name>javaUnicodeEscape</name>
          <type>boolean</type>
          <required>true</required>
          <editable>true</editable>
          <description></description>
        </parameter>
        <parameter>
          <name>keepLineColumn</name>
          <type>boolean</type>
          <required>true</required>
          <editable>true</editable>
          <description></description>
        </parameter>
        <parameter>
          <name>lookAhead</name>
          <type>int</type>
          <required>true</required>
          <editable>true</editable>
          <description></description>
        </parameter>
        <parameter>
          <name>optimizeTokenManager</name>
          <type>boolean</type>
          <required>true</required>
          <editable>true</editable>
          <description></description>
        </parameter>
        <parameter>
          <name>otherAmbiguityCheck</name>
          <type>int</type>
          <required>true</required>
          <editable>true</editable>
          <description></description>
        </parameter>
        <parameter>
          <name>outputDirectory</name>
          <type>java.io.File</type>
          <required>false</required>
          <editable>true</editable>
          <description>Directory where the output Java Files will be located.</description>
        </parameter>
        <parameter>
          <name>outputPath</name>
          <type>java.lang.String</type>
          <required>false</required>
          <editable>true</editable>
          <description>Path under output directory where the output Java Files will be located.</description>
        </parameter>
        <parameter>
          <name>project</name>
          <type>org.apache.maven.project.MavenProject</type>
          <required>true</required>
          <editable>true</editable>
          <description></description>
        </parameter>
        <parameter>
          <name>sanityCheck</name>
          <type>boolean</type>
          <required>true</required>
          <editable>true</editable>
          <description></description>
        </parameter>
        <parameter>
          <name>sourceDirectory</name>
          <type>java.io.File</type>
          <required>false</required>
          <editable>true</editable>
          <description>Directory where the JJ file(s) are located.</description>
        </parameter>
        <parameter>
          <name>sourcePath</name>
          <type>java.lang.String</type>
          <required>false</required>
          <editable>true</editable>
          <description>Path under source directory where the JJ file(s) are located.</description>
        </parameter>
        <parameter>
          <name>staleMillis</name>
          <type>int</type>
          <required>false</required>
          <editable>true</editable>
          <description>The granularity in milliseconds of the last modification
date for testing whether a source needs recompilation</description>
        </parameter>
        <parameter>
          <name>timestampDirectory</name>
          <type>java.io.File</type>
          <required>false</required>
          <editable>true</editable>
          <description>the directory to store the processed .jj files</description>
        </parameter>
        <parameter>
          <name>unicodeInput</name>
          <type>boolean</type>
          <required>true</required>
          <editable>true</editable>
          <description></description>
        </parameter>
        <parameter>
          <name>userCharStream</name>
          <type>boolean</type>
          <required>true</required>
          <editable>true</editable>
          <description></description>
        </parameter>
        <parameter>
          <name>userTokenManager</name>
          <type>boolean</type>
          <required>true</required>
          <editable>true</editable>
          <description></description>
        </parameter>
      </parameters>
      <configuration>
        <isStatic implementation="boolean">true</isStatic>
        <javaUnicodeEscape implementation="boolean">false</javaUnicodeEscape>
        <lookAhead implementation="int">1</lookAhead>
        <sourceDirectory implementation="java.io.File">src/main/javacc</sourceDirectory>
        <forceLaCheck implementation="boolean">false</forceLaCheck>
        <buildTokenManager implementation="boolean">true</buildTokenManager>
        <userCharStream implementation="boolean">false</userCharStream>
        <commonTokenAction implementation="boolean">false</commonTokenAction>
        <timestampDirectory implementation="java.io.File">${project.build.directory}/maven-javacc-plugin/src/main/conf</timestampDirectory>
        <doNotGenerateTokenFile implementation="boolean">false</doNotGenerateTokenFile>
        <optimizeTokenManager implementation="boolean">true</optimizeTokenManager>
        <unicodeInput implementation="boolean">false</unicodeInput>
        <debugParser implementation="boolean">false</debugParser>
        <ignoreCase implementation="boolean">false</ignoreCase>
        <errorReporting implementation="boolean">true</errorReporting>
        <debugLookAhead implementation="boolean">false</debugLookAhead>
        <staleMillis implementation="int" default-value="0">${lastModGranularityMs}</staleMillis>
        <otherAmbiguityCheck implementation="int">1</otherAmbiguityCheck>
        <choiceAmbiguityCheck implementation="int">2</choiceAmbiguityCheck>
        <keepLineColumn implementation="boolean">true</keepLineColumn>
        <buildParser implementation="boolean">true</buildParser>
        <cacheTokens implementation="boolean">false</cacheTokens>
        <outputDirectory implementation="java.io.File">${project.build.directory}/maven-javacc-plugin/src/main/java</outputDirectory>
        <debugTokenManager implementation="boolean">false</debugTokenManager>
        <sanityCheck implementation="boolean">true</sanityCheck>
        <userTokenManager implementation="boolean">false</userTokenManager>
        <project implementation="org.apache.maven.project.MavenProject">${project}</project>
      </configuration>
    </mojo>
  </mojos>
  <dependencies>
    <dependency>
      <groupId>net.java.dev.javacc</groupId>
      <artifactId>javacc</artifactId>
      <type>jar</type>
      <version>3.2</version>
    </dependency>
    <dependency>
      <groupId>org.codehaus.plexus</groupId>
      <artifactId>plexus-utils</artifactId>
      <type>jar</type>
      <version>1.0.4</version>
    </dependency>
    <dependency>
      <groupId>junit</groupId>
      <artifactId>junit</artifactId>
      <type>jar</type>
      <version>3.8.1</version>
    </dependency>
    <dependency>
      <groupId>org.codehaus.plexus</groupId>
      <artifactId>plexus-container-default</artifactId>
      <type>jar</type>
      <version>1.0-alpha-8</version>
    </dependency>
    <dependency>
      <groupId>org.apache.maven</groupId>
      <artifactId>maven-model</artifactId>
      <type>jar</type>
      <version>2.0</version>
    </dependency>
    <dependency>
      <groupId>org.apache.maven</groupId>
      <artifactId>maven-profile</artifactId>
      <type>jar</type>
      <version>2.0</version>
    </dependency>
    <dependency>
      <groupId>classworlds</groupId>
      <artifactId>classworlds</artifactId>
      <type>jar</type>
      <version>1.1-alpha-2</version>
    </dependency>
    <dependency>
      <groupId>org.apache.maven</groupId>
      <artifactId>maven-repository-metadata</artifactId>
      <type>jar</type>
      <version>2.0</version>
    </dependency>
    <dependency>
      <groupId>org.apache.maven</groupId>
      <artifactId>maven-artifact-manager</artifactId>
      <type>jar</type>
      <version>2.0</version>
    </dependency>
    <dependency>
      <groupId>plexus</groupId>
      <artifactId>plexus-compiler-api</artifactId>
      <type>jar</type>
      <version>1.4</version>
    </dependency>
    <dependency>
      <groupId>org.apache.maven.wagon</groupId>
      <artifactId>wagon-provider-api</artifactId>
      <type>jar</type>
      <version>1.0-alpha-5</version>
    </dependency>
    <dependency>
      <groupId>org.apache.maven</groupId>
      <artifactId>maven-project</artifactId>
      <type>jar</type>
      <version>2.0</version>
    </dependency>
    <dependency>
      <groupId>org.apache.maven</groupId>
      <artifactId>maven-plugin-api</artifactId>
      <type>jar</type>
      <version>2.0</version>
    </dependency>
    <dependency>
      <groupId>org.apache.maven</groupId>
      <artifactId>maven-artifact</artifactId>
      <type>jar</type>
      <version>2.0</version>
    </dependency>
    <dependency>
      <groupId>plexus</groupId>
      <artifactId>plexus-utils</artifactId>
      <type>jar</type>
      <version>1.0.1</version>
    </dependency>
    <dependency>
      <groupId>plexus</groupId>
      <artifactId>plexus-container-default</artifactId>
      <type>jar</type>
      <version>1.0-alpha-4</version>
    </dependency>
  </dependencies>
</plugin>