<plugin>
  <description>The Apache Software Foundation provides support for the Apache community of open-source software projects.
    The Apache projects are characterized by a collaborative, consensus based development process, an open and
    pragmatic software license, and a desire to create high quality software that leads the way in its field.
    We consider ourselves not simply a group of projects sharing a server, but rather a community of developers
    and users.</description>
  <groupId>org.apache.myfaces.trinidadbuild</groupId>
  <artifactId>maven-tagdoc-plugin</artifactId>
  <version>1.2.1.1</version>
  <goalPrefix>tagdoc</goalPrefix>
  <isolatedRealm>false</isolatedRealm>
  <inheritedByDefault>true</inheritedByDefault>
  <mojos>
    <mojo>
      <goal>tagdoc</goal>
      <description>Report for generating JSF tagdoc based on faces-config.xml parsing.
Note that this is not really an AbstractMavenMultiPageReport - the
secondary pages are manually generated XDoc. I tried using the true
multipage report approach, and ran into Maven bugs (as of Maven 2.0.2,
site 2.0b4).</description>
      <requiresDirectInvocation>false</requiresDirectInvocation>
      <requiresProject>true</requiresProject>
      <requiresReports>false</requiresReports>
      <aggregator>false</aggregator>
      <requiresOnline>false</requiresOnline>
      <inheritedByDefault>true</inheritedByDefault>
      <implementation>org.apache.myfaces.trinidadbuild.plugin.tagdoc.TagdocReport</implementation>
      <language>java</language>
      <instantiationStrategy>per-lookup</instantiationStrategy>
      <executionStrategy>once-per-session</executionStrategy>
      <parameters>
        <parameter>
          <name>outputDirectory</name>
          <type>java.io.File</type>
          <required>true</required>
          <editable>true</editable>
          <description>Specifies the directory where the report will be generated</description>
        </parameter>
        <parameter>
          <name>project</name>
          <type>org.apache.maven.project.MavenProject</type>
          <required>true</required>
          <editable>false</editable>
          <description></description>
        </parameter>
        <parameter>
          <name>resourcePath</name>
          <type>java.lang.String</type>
          <required>true</required>
          <editable>false</editable>
          <description></description>
        </parameter>
        <parameter>
          <name>siteDirectory</name>
          <type>java.io.File</type>
          <required>true</required>
          <editable>true</editable>
          <description>Directory where the original site is present.
(TRIED using ${baseDir}/src/site; that inserted a &apos;null&apos; into
the string for some reason. TRIED using ${siteDirectory},
which was undefined. TRIED ${project.directory}src/site; which also
inserted a null. ${project.build.directory}/../src/site seems to work,
though it assumes that ${project.build.directory} is
${project.directory}/target.</description>
        </parameter>
        <parameter>
          <name>taglibs</name>
          <type>java.util.Map</type>
          <required>true</required>
          <editable>true</editable>
          <description></description>
        </parameter>
      </parameters>
      <configuration>
        <siteDirectory implementation="java.io.File" default-value="${project.build.directory}/../src/site/"/>
        <outputDirectory implementation="java.io.File" default-value="${project.reporting.outputDirectory}"/>
        <project implementation="org.apache.maven.project.MavenProject">${project}</project>
        <resourcePath implementation="java.lang.String">META-INF/maven-faces-plugin/faces-config.xml</resourcePath>
      </configuration>
      <requirements>
        <requirement>
          <role>org.codehaus.doxia.site.renderer.SiteRenderer</role>
          <field-name>siteRenderer</field-name>
        </requirement>
      </requirements>
    </mojo>
  </mojos>
  <dependencies>
    <dependency>
      <groupId>junit</groupId>
      <artifactId>junit</artifactId>
      <type>jar</type>
      <version>3.8.1</version>
    </dependency>
    <dependency>
      <groupId>org.codehaus.plexus</groupId>
      <artifactId>plexus-container-default</artifactId>
      <type>jar</type>
      <version>1.0-alpha-8</version>
    </dependency>
    <dependency>
      <groupId>org.apache.maven</groupId>
      <artifactId>maven-artifact-manager</artifactId>
      <type>jar</type>
      <version>2.0.1</version>
    </dependency>
    <dependency>
      <groupId>org.apache.myfaces.trinidadbuild</groupId>
      <artifactId>maven-faces-plugin</artifactId>
      <type>jar</type>
      <version>1.2.1.1</version>
    </dependency>
    <dependency>
      <groupId>commons-logging</groupId>
      <artifactId>commons-logging</artifactId>
      <type>jar</type>
      <version>1.0.4</version>
    </dependency>
    <dependency>
      <groupId>commons-collections</groupId>
      <artifactId>commons-collections</artifactId>
      <type>jar</type>
      <version>2.1</version>
    </dependency>
    <dependency>
      <groupId>plexus</groupId>
      <artifactId>plexus-utils</artifactId>
      <type>jar</type>
      <version>1.0.2</version>
    </dependency>
    <dependency>
      <groupId>org.apache.maven</groupId>
      <artifactId>maven-artifact</artifactId>
      <type>jar</type>
      <version>2.0.1</version>
    </dependency>
    <dependency>
      <groupId>stax</groupId>
      <artifactId>stax-api</artifactId>
      <type>jar</type>
      <version>1.0.1</version>
    </dependency>
    <dependency>
      <groupId>org.codehaus.plexus</groupId>
      <artifactId>plexus-i18n</artifactId>
      <type>jar</type>
      <version>1.0-beta-6</version>
    </dependency>
    <dependency>
      <groupId>stax</groupId>
      <artifactId>stax</artifactId>
      <type>jar</type>
      <version>1.2.0_rc2-dev</version>
    </dependency>
    <dependency>
      <groupId>org.codehaus.plexus</groupId>
      <artifactId>plexus-velocity</artifactId>
      <type>jar</type>
      <version>1.1.2</version>
    </dependency>
    <dependency>
      <groupId>org.apache.maven.doxia</groupId>
      <artifactId>doxia-site-renderer</artifactId>
      <type>jar</type>
      <version>1.0-alpha-7</version>
    </dependency>
    <dependency>
      <groupId>commons-digester</groupId>
      <artifactId>commons-digester</artifactId>
      <type>jar</type>
      <version>1.7</version>
    </dependency>
    <dependency>
      <groupId>org.apache.maven.reporting</groupId>
      <artifactId>maven-reporting-impl</artifactId>
      <type>jar</type>
      <version>2.0</version>
    </dependency>
    <dependency>
      <groupId>org.apache.maven</groupId>
      <artifactId>maven-project</artifactId>
      <type>jar</type>
      <version>2.0.1</version>
    </dependency>
    <dependency>
      <groupId>org.apache.maven</groupId>
      <artifactId>maven-profile</artifactId>
      <type>jar</type>
      <version>2.0.1</version>
    </dependency>
    <dependency>
      <groupId>oro</groupId>
      <artifactId>oro</artifactId>
      <type>jar</type>
      <version>2.0.7</version>
    </dependency>
    <dependency>
      <groupId>classworlds</groupId>
      <artifactId>classworlds</artifactId>
      <type>jar</type>
      <version>1.1-alpha-2</version>
    </dependency>
    <dependency>
      <groupId>doxia</groupId>
      <artifactId>doxia-core</artifactId>
      <type>jar</type>
      <version>1.0-alpha-4</version>
    </dependency>
    <dependency>
      <groupId>org.apache.maven</groupId>
      <artifactId>maven-model</artifactId>
      <type>jar</type>
      <version>2.0.1</version>
    </dependency>
    <dependency>
      <groupId>org.apache.maven.doxia</groupId>
      <artifactId>doxia-core</artifactId>
      <type>jar</type>
      <version>1.0-alpha-7</version>
    </dependency>
    <dependency>
      <groupId>velocity</groupId>
      <artifactId>velocity</artifactId>
      <type>jar</type>
      <version>1.4</version>
    </dependency>
    <dependency>
      <groupId>commons-validator</groupId>
      <artifactId>commons-validator</artifactId>
      <type>jar</type>
      <version>1.1.4</version>
    </dependency>
    <dependency>
      <groupId>org.apache.maven.doxia</groupId>
      <artifactId>doxia-decoration-model</artifactId>
      <type>jar</type>
      <version>1.0-alpha-7</version>
    </dependency>
    <dependency>
      <groupId>org.apache.maven.wagon</groupId>
      <artifactId>wagon-provider-api</artifactId>
      <type>jar</type>
      <version>1.0-alpha-5</version>
    </dependency>
    <dependency>
      <groupId>commons-beanutils</groupId>
      <artifactId>commons-beanutils</artifactId>
      <type>jar</type>
      <version>1.6</version>
    </dependency>
    <dependency>
      <groupId>xml-apis</groupId>
      <artifactId>xml-apis</artifactId>
      <type>jar</type>
      <version>1.0.b2</version>
    </dependency>
    <dependency>
      <groupId>org.apache.maven.reporting</groupId>
      <artifactId>maven-reporting-api</artifactId>
      <type>jar</type>
      <version>2.0</version>
    </dependency>
    <dependency>
      <groupId>commons-logging</groupId>
      <artifactId>commons-logging-api</artifactId>
      <type>jar</type>
      <version>1.0.4</version>
    </dependency>
    <dependency>
      <groupId>org.codehaus.plexus</groupId>
      <artifactId>plexus-utils</artifactId>
      <type>jar</type>
      <version>1.0.5</version>
    </dependency>
    <dependency>
      <groupId>org.apache.maven</groupId>
      <artifactId>maven-plugin-api</artifactId>
      <type>jar</type>
      <version>2.0</version>
    </dependency>
    <dependency>
      <groupId>doxia</groupId>
      <artifactId>doxia-sink-api</artifactId>
      <type>jar</type>
      <version>1.0-alpha-4</version>
    </dependency>
    <dependency>
      <groupId>org.apache.maven.doxia</groupId>
      <artifactId>doxia-sink-api</artifactId>
      <type>jar</type>
      <version>1.0-alpha-7</version>
    </dependency>
    <dependency>
      <groupId>org.apache.maven</groupId>
      <artifactId>maven-repository-metadata</artifactId>
      <type>jar</type>
      <version>2.0.1</version>
    </dependency>
  </dependencies>
</plugin>