<plugin>
  <description>The Apache Software Foundation provides support for the Apache community of open-source software projects.
    The Apache projects are characterized by a collaborative, consensus based development process, an open and
    pragmatic software license, and a desire to create high quality software that leads the way in its field.
    We consider ourselves not simply a group of projects sharing a server, but rather a community of developers
    and users.</description>
  <groupId>org.apache.cocoon</groupId>
  <artifactId>cocoon-deployer-plugin</artifactId>
  <version>1.0.0-M1</version>
  <goalPrefix>cocoon</goalPrefix>
  <isolatedRealm>false</isolatedRealm>
  <inheritedByDefault>true</inheritedByDefault>
  <mojos>
    <mojo>
      <goal>deploy</goal>
      <description>Create a web application that makes use of Cocoon blocks. In the case of a web application module, (packaging: war) all referenced blocks are added, in the case of block (packaging: jar) additionally a minimal Cocoon environemt is created and it is also possible to reference &lt;i&gt;other&lt;/i&gt; locally available blocks and to set custom properties to make development highly dynamic.</description>
      <requiresDependencyResolution>runtime</requiresDependencyResolution>
      <requiresDirectInvocation>false</requiresDirectInvocation>
      <requiresProject>true</requiresProject>
      <requiresReports>false</requiresReports>
      <aggregator>false</aggregator>
      <requiresOnline>false</requiresOnline>
      <inheritedByDefault>true</inheritedByDefault>
      <phase>package</phase>
      <implementation>org.apache.cocoon.maven.deployer.DeployExplodedMojo</implementation>
      <language>java</language>
      <instantiationStrategy>per-lookup</instantiationStrategy>
      <executionStrategy>once-per-session</executionStrategy>
      <parameters>
        <parameter>
          <name>blocks</name>
          <type>org.apache.cocoon.maven.deployer.monolithic.DevelopmentBlock</type>
          <required>false</required>
          <editable>true</editable>
          <description>All blocks that should&apos;t be deployed; a path reference is used instead.</description>
        </parameter>
        <parameter>
          <name>blocksdir</name>
          <type>java.lang.String</type>
          <required>false</required>
          <editable>true</editable>
          <description></description>
        </parameter>
        <parameter>
          <name>classesDirectory</name>
          <type>java.io.File</type>
          <required>true</required>
          <editable>false</editable>
          <description>The directory containing generated classes.</description>
        </parameter>
        <parameter>
          <name>deploymentDescriptor</name>
          <type>java.io.File</type>
          <required>false</required>
          <editable>true</editable>
          <description>The deploy descriptor</description>
        </parameter>
        <parameter>
          <name>localRepository</name>
          <type>org.apache.maven.artifact.repository.ArtifactRepository</type>
          <required>true</required>
          <editable>false</editable>
          <description>Local maven repository.</description>
        </parameter>
        <parameter>
          <name>project</name>
          <type>org.apache.maven.project.MavenProject</type>
          <required>true</required>
          <editable>true</editable>
          <description>The project whose project files to create.</description>
        </parameter>
        <parameter>
          <name>properties</name>
          <type>org.apache.cocoon.maven.deployer.monolithic.DevelopmentProperty</type>
          <required>false</required>
          <editable>true</editable>
          <description>Custom Cocoon properties</description>
        </parameter>
        <parameter>
          <name>remoteArtifactRepositories</name>
          <type>java.util.List</type>
          <required>true</required>
          <editable>false</editable>
          <description>Remote repositories which will be searched for blocks.</description>
        </parameter>
        <parameter>
          <name>serverVersion</name>
          <type>java.lang.String</type>
          <required>false</required>
          <editable>true</editable>
          <description></description>
        </parameter>
        <parameter>
          <name>useShieldingClassloader</name>
          <type>boolean</type>
          <required>false</required>
          <editable>true</editable>
          <description>Use shielded classloading</description>
        </parameter>
        <parameter>
          <name>useShieldingRepository</name>
          <type>boolean</type>
          <required>false</required>
          <editable>true</editable>
          <description>Move jars for shielded classloading</description>
        </parameter>
        <parameter>
          <name>warSourceDirectory</name>
          <type>java.io.File</type>
          <required>true</required>
          <editable>true</editable>
          <description>Single directory for extra files to include in the WAR.</description>
        </parameter>
        <parameter>
          <name>webXml</name>
          <type>java.lang.String</type>
          <required>false</required>
          <editable>true</editable>
          <description>The path to the web.xml file to use.</description>
        </parameter>
        <parameter>
          <name>webappDirectory</name>
          <type>java.io.File</type>
          <required>true</required>
          <editable>true</editable>
          <description>The directory where the webapp is built.</description>
        </parameter>
      </parameters>
      <configuration>
        <remoteArtifactRepositories implementation="java.util.List">${project.remoteArtifactRepositories}</remoteArtifactRepositories>
        <deploymentDescriptor implementation="java.io.File">${basedir}/cocoon-deploy.xml</deploymentDescriptor>
        <classesDirectory implementation="java.io.File">${project.build.outputDirectory}</classesDirectory>
        <webXml implementation="java.lang.String">${maven.war.webxml}</webXml>
        <useShieldingRepository implementation="boolean">${maven.war.shieldingrepository}</useShieldingRepository>
        <localRepository implementation="org.apache.maven.artifact.repository.ArtifactRepository">${localRepository}</localRepository>
        <project implementation="org.apache.maven.project.MavenProject">${project}</project>
        <warSourceDirectory implementation="java.io.File">${basedir}/src/main/webapp</warSourceDirectory>
        <webappDirectory implementation="java.io.File">${project.build.directory}/${project.build.finalName}</webappDirectory>
        <serverVersion implementation="java.lang.String" default-value="2.2">${targetVersion}</serverVersion>
        <useShieldingClassloader implementation="boolean">${maven.war.shieldingclassloader}</useShieldingClassloader>
        <blocksdir implementation="java.lang.String" default-value="blocks">${blocksDirectory}</blocksdir>
      </configuration>
      <requirements>
        <requirement>
          <role>org.apache.maven.artifact.resolver.ArtifactResolver</role>
          <field-name>artifactResolver</field-name>
        </requirement>
        <requirement>
          <role>org.apache.maven.artifact.factory.ArtifactFactory</role>
          <field-name>artifactFactory</field-name>
        </requirement>
        <requirement>
          <role>org.apache.maven.artifact.metadata.ArtifactMetadataSource</role>
          <field-name>metadataSource</field-name>
        </requirement>
      </requirements>
    </mojo>
    <mojo>
      <goal>deploy-war</goal>
      <description>Create a packaged Cocoon web application (.war file) based on a block deployment descriptor.</description>
      <requiresDirectInvocation>false</requiresDirectInvocation>
      <requiresProject>true</requiresProject>
      <requiresReports>false</requiresReports>
      <aggregator>false</aggregator>
      <requiresOnline>false</requiresOnline>
      <inheritedByDefault>true</inheritedByDefault>
      <phase>package</phase>
      <implementation>org.apache.cocoon.maven.deployer.DeployWarMojo</implementation>
      <language>java</language>
      <instantiationStrategy>per-lookup</instantiationStrategy>
      <executionStrategy>once-per-session</executionStrategy>
      <parameters>
        <parameter>
          <name>archive</name>
          <type>org.apache.maven.archiver.MavenArchiveConfiguration</type>
          <required>false</required>
          <editable>true</editable>
          <description>The maven archive configuration to use.</description>
        </parameter>
        <parameter>
          <name>blocksdir</name>
          <type>java.lang.String</type>
          <required>false</required>
          <editable>true</editable>
          <description></description>
        </parameter>
        <parameter>
          <name>classesDirectory</name>
          <type>java.io.File</type>
          <required>true</required>
          <editable>false</editable>
          <description>The directory containing generated classes.</description>
        </parameter>
        <parameter>
          <name>deploymentDescriptor</name>
          <type>java.io.File</type>
          <required>false</required>
          <editable>true</editable>
          <description>The deploy descriptor</description>
        </parameter>
        <parameter>
          <name>localRepository</name>
          <type>org.apache.maven.artifact.repository.ArtifactRepository</type>
          <required>true</required>
          <editable>false</editable>
          <description>Local maven repository.</description>
        </parameter>
        <parameter>
          <name>outputDirectory</name>
          <type>java.lang.String</type>
          <required>true</required>
          <editable>true</editable>
          <description>The directory for the generated WAR.</description>
        </parameter>
        <parameter>
          <name>project</name>
          <type>org.apache.maven.project.MavenProject</type>
          <required>true</required>
          <editable>true</editable>
          <description>The project whose project files to create.</description>
        </parameter>
        <parameter>
          <name>remoteArtifactRepositories</name>
          <type>java.util.List</type>
          <required>true</required>
          <editable>false</editable>
          <description>Remote repositories which will be searched for blocks.</description>
        </parameter>
        <parameter>
          <name>useShieldingClassloader</name>
          <type>boolean</type>
          <required>false</required>
          <editable>true</editable>
          <description>Use shielded classloading</description>
        </parameter>
        <parameter>
          <name>useShieldingRepository</name>
          <type>boolean</type>
          <required>false</required>
          <editable>true</editable>
          <description>Move jars for shielded classloading</description>
        </parameter>
        <parameter>
          <name>warName</name>
          <type>java.lang.String</type>
          <required>true</required>
          <editable>true</editable>
          <description>The name of the generated war.</description>
        </parameter>
        <parameter>
          <name>warSourceDirectory</name>
          <type>java.io.File</type>
          <required>true</required>
          <editable>true</editable>
          <description>Single directory for extra files to include in the WAR.</description>
        </parameter>
        <parameter>
          <name>webXml</name>
          <type>java.lang.String</type>
          <required>false</required>
          <editable>true</editable>
          <description>The path to the web.xml file to use.</description>
        </parameter>
        <parameter>
          <name>webappDirectory</name>
          <type>java.io.File</type>
          <required>true</required>
          <editable>true</editable>
          <description>The directory where the webapp is built.</description>
        </parameter>
      </parameters>
      <configuration>
        <classesDirectory implementation="java.io.File">${project.build.outputDirectory}</classesDirectory>
        <deploymentDescriptor implementation="java.io.File">${basedir}/cocoon-deploy.xml</deploymentDescriptor>
        <useShieldingRepository implementation="boolean">${maven.war.shieldingrepository}</useShieldingRepository>
        <warName implementation="java.lang.String">${project.build.finalName}</warName>
        <localRepository implementation="org.apache.maven.artifact.repository.ArtifactRepository">${localRepository}</localRepository>
        <warSourceDirectory implementation="java.io.File">${basedir}/src/main/webapp</warSourceDirectory>
        <blocksdir implementation="java.lang.String" default-value="apps">${blocksDirectory}</blocksdir>
        <remoteArtifactRepositories implementation="java.util.List">${project.remoteArtifactRepositories}</remoteArtifactRepositories>
        <webXml implementation="java.lang.String">${maven.war.webxml}</webXml>
        <outputDirectory implementation="java.lang.String">${project.build.directory}</outputDirectory>
        <project implementation="org.apache.maven.project.MavenProject">${project}</project>
        <webappDirectory implementation="java.io.File">${project.build.directory}/${project.build.finalName}</webappDirectory>
        <useShieldingClassloader implementation="boolean">${maven.war.shieldingclassloader}</useShieldingClassloader>
      </configuration>
      <requirements>
        <requirement>
          <role>org.apache.maven.artifact.resolver.ArtifactResolver</role>
          <field-name>artifactResolver</field-name>
        </requirement>
        <requirement>
          <role>org.codehaus.plexus.archiver.Archiver</role>
          <role-hint>war</role-hint>
          <field-name>warArchiver</field-name>
        </requirement>
        <requirement>
          <role>org.apache.maven.artifact.factory.ArtifactFactory</role>
          <field-name>artifactFactory</field-name>
        </requirement>
        <requirement>
          <role>org.apache.maven.artifact.metadata.ArtifactMetadataSource</role>
          <field-name>metadataSource</field-name>
        </requirement>
      </requirements>
    </mojo>
  </mojos>
  <dependencies/>
</plugin>