<plugin>
  <description>Embed your warfile into/with the winstone JAR itself. This allows an all-in-one
  container plus web-application JAR file to be downloaded, and then unpacked
  at execution time.</description>
  <groupId>net.sf.alchim</groupId>
  <artifactId>winstone-maven-plugin</artifactId>
  <version>1.0</version>
  <goalPrefix>winstone</goalPrefix>
  <isolatedRealm>false</isolatedRealm>
  <inheritedByDefault>true</inheritedByDefault>
  <mojos>
    <mojo>
      <goal>embed</goal>
      <description>Embed your warfile into the winstone JAR itself. This allows an all-in-one
container plus web-application JAR file to be downloaded, and then unpacked
at execution time.</description>
      <requiresDirectInvocation>false</requiresDirectInvocation>
      <requiresProject>true</requiresProject>
      <requiresReports>false</requiresReports>
      <aggregator>false</aggregator>
      <requiresOnline>false</requiresOnline>
      <inheritedByDefault>true</inheritedByDefault>
      <phase>package</phase>
      <implementation>net.sf.alchim.winstone.mojo.EmbedMojo</implementation>
      <language>java</language>
      <instantiationStrategy>per-lookup</instantiationStrategy>
      <executionStrategy>once-per-session</executionStrategy>
      <parameters>
        <parameter>
          <name>cmdLineOptions</name>
          <type>java.util.Properties</type>
          <required>false</required>
          <editable>true</editable>
          <description>Properties to embed, If you need to add any default command-line arguments (eg ports or prefixes).</description>
        </parameter>
        <parameter>
          <name>filename</name>
          <type>java.lang.String</type>
          <required>true</required>
          <editable>true</editable>
          <description>filename of standalone jar.</description>
        </parameter>
        <parameter>
          <name>localRepository</name>
          <type>org.apache.maven.artifact.repository.ArtifactRepository</type>
          <required>true</required>
          <editable>false</editable>
          <description>Location of the local repository.</description>
        </parameter>
        <parameter>
          <name>outputDirectory</name>
          <type>java.io.File</type>
          <required>true</required>
          <editable>true</editable>
          <description>Location of the file.</description>
        </parameter>
        <parameter>
          <name>project</name>
          <type>org.apache.maven.project.MavenProject</type>
          <required>true</required>
          <editable>true</editable>
          <description></description>
        </parameter>
        <parameter>
          <name>remoteRepositories</name>
          <type>java.util.List</type>
          <required>true</required>
          <editable>false</editable>
          <description>List of Remote Repositories used by the resolver</description>
        </parameter>
        <parameter>
          <name>warFile</name>
          <type>java.io.File</type>
          <required>true</required>
          <editable>true</editable>
          <description>The War file to embed.</description>
        </parameter>
      </parameters>
      <configuration>
        <outputDirectory implementation="java.io.File">${project.build.directory}</outputDirectory>
        <remoteRepositories implementation="java.util.List">${project.remoteArtifactRepositories}</remoteRepositories>
        <warFile implementation="java.io.File">${project.build.directory}/${project.build.finalName}.war</warFile>
        <localRepository implementation="org.apache.maven.artifact.repository.ArtifactRepository">${localRepository}</localRepository>
        <project implementation="org.apache.maven.project.MavenProject">${project}</project>
        <filename implementation="java.lang.String">${project.build.finalName}-standalone.jar</filename>
      </configuration>
      <requirements>
        <requirement>
          <role>org.apache.maven.artifact.resolver.ArtifactResolver</role>
          <field-name>resolver</field-name>
        </requirement>
        <requirement>
          <role>org.apache.maven.artifact.factory.ArtifactFactory</role>
          <field-name>factory</field-name>
        </requirement>
      </requirements>
    </mojo>
  </mojos>
  <dependencies/>
</plugin>