<plugin>
  <description>Cleans up generated build artifacts.</description>
  <groupId>org.codehaus.mojo.groovy.examples</groupId>
  <artifactId>clean-maven-plugin</artifactId>
  <version>1.0-beta-1</version>
  <goalPrefix>clean</goalPrefix>
  <isolatedRealm>false</isolatedRealm>
  <inheritedByDefault>true</inheritedByDefault>
  <mojos>
    <mojo>
      <goal>clean</goal>
      <description>Cleans build generated output.</description>
      <requiresDirectInvocation>false</requiresDirectInvocation>
      <requiresProject>true</requiresProject>
      <requiresReports>false</requiresReports>
      <aggregator>false</aggregator>
      <requiresOnline>false</requiresOnline>
      <inheritedByDefault>true</inheritedByDefault>
      <implementation>org.codehaus.mojo.groovy.examples.clean.CleanMojo</implementation>
      <language>java</language>
      <instantiationStrategy>per-lookup</instantiationStrategy>
      <executionStrategy>once-per-session</executionStrategy>
      <parameters>
        <parameter>
          <name>filesets</name>
          <type>org.apache.maven.shared.model.fileset.FileSet[]</type>
          <required>false</required>
          <editable>true</editable>
          <description>Extra files to be deleted in addition to the default directories.</description>
        </parameter>
        <parameter>
          <name>project</name>
          <type>org.apache.maven.project.MavenProject</type>
          <required>true</required>
          <editable>false</editable>
          <description></description>
        </parameter>
      </parameters>
      <configuration>
        <project implementation="org.apache.maven.project.MavenProject">${project}</project>
      </configuration>
    </mojo>
  </mojos>
  <dependencies/>
</plugin>