<plugin>
  <description>Install artifacts into the local repository.</description>
  <groupId>org.codehaus.mojo.groovy.examples</groupId>
  <artifactId>install-maven-plugin</artifactId>
  <version>1.0-beta-1</version>
  <goalPrefix>install</goalPrefix>
  <isolatedRealm>false</isolatedRealm>
  <inheritedByDefault>true</inheritedByDefault>
  <mojos>
    <mojo>
      <goal>install</goal>
      <description>Installs project artifacts in local repository.</description>
      <requiresDirectInvocation>false</requiresDirectInvocation>
      <requiresProject>true</requiresProject>
      <requiresReports>false</requiresReports>
      <aggregator>false</aggregator>
      <requiresOnline>false</requiresOnline>
      <inheritedByDefault>true</inheritedByDefault>
      <phase>install</phase>
      <implementation>org.codehaus.mojo.groovy.examples.install.InstallMojo</implementation>
      <language>java</language>
      <instantiationStrategy>per-lookup</instantiationStrategy>
      <executionStrategy>once-per-session</executionStrategy>
      <parameters>
        <parameter>
          <name>createChecksum</name>
          <type>boolean</type>
          <required>false</required>
          <editable>true</editable>
          <description>Flag to create checksums(MD5, SHA1) or not.</description>
        </parameter>
        <parameter>
          <name>localRepository</name>
          <type>org.apache.maven.artifact.repository.ArtifactRepository</type>
          <required>true</required>
          <editable>false</editable>
          <description></description>
        </parameter>
        <parameter>
          <name>project</name>
          <type>org.apache.maven.project.MavenProject</type>
          <required>true</required>
          <editable>false</editable>
          <description></description>
        </parameter>
        <parameter>
          <name>updateReleaseInfo</name>
          <type>boolean</type>
          <required>false</required>
          <editable>true</editable>
          <description>Whether to update the metadata to make the artifact as release.</description>
        </parameter>
      </parameters>
      <configuration>
        <createChecksum implementation="boolean" default-value="false">${createChecksum}</createChecksum>
        <localRepository implementation="org.apache.maven.artifact.repository.ArtifactRepository">${localRepository}</localRepository>
        <project implementation="org.apache.maven.project.MavenProject">${project}</project>
        <updateReleaseInfo implementation="boolean" default-value="false">${updateReleaseInfo}</updateReleaseInfo>
      </configuration>
      <requirements>
        <requirement>
          <role>org.codehaus.plexus.digest.Digester</role>
          <role-hint>sha1</role-hint>
          <field-name>sha1Digester</field-name>
        </requirement>
        <requirement>
          <role>org.apache.maven.artifact.installer.ArtifactInstaller</role>
          <field-name>installer</field-name>
        </requirement>
        <requirement>
          <role>org.codehaus.plexus.digest.Digester</role>
          <role-hint>md5</role-hint>
          <field-name>md5Digester</field-name>
        </requirement>
      </requirements>
    </mojo>
  </mojos>
  <dependencies/>
</plugin>