<plugin>
  <description></description>
  <groupId>org.apache.directory.server</groupId>
  <artifactId>apacheds-sar-plugin</artifactId>
  <version>1.0.2</version>
  <goalPrefix>apacheds-sar</goalPrefix>
  <isolatedRealm>false</isolatedRealm>
  <inheritedByDefault>true</inheritedByDefault>
  <mojos>
    <mojo>
      <goal>inplace</goal>
      <description>Generates sar in the source directory</description>
      <requiresDependencyResolution>runtime</requiresDependencyResolution>
      <requiresDirectInvocation>false</requiresDirectInvocation>
      <requiresProject>true</requiresProject>
      <requiresReports>false</requiresReports>
      <aggregator>false</aggregator>
      <requiresOnline>false</requiresOnline>
      <inheritedByDefault>true</inheritedByDefault>
      <implementation>org.apache.directory.server.plugin.sar.SarInPlaceMojo</implementation>
      <language>java</language>
      <instantiationStrategy>per-lookup</instantiationStrategy>
      <executionStrategy>once-per-session</executionStrategy>
      <parameters>
        <parameter>
          <name>classesDirectory</name>
          <type>java.io.File</type>
          <required>true</required>
          <editable>false</editable>
          <description>The directory containing generated classes.</description>
        </parameter>
        <parameter>
          <name>jbossServiceFile</name>
          <type>java.io.File</type>
          <required>false</required>
          <editable>true</editable>
          <description>The location of the jboss-service.xml file. If it is present in the META-INF
directory in src/main/resources with that name then it will automatically be
included. Otherwise this parameter must be set.</description>
        </parameter>
        <parameter>
          <name>libDirectory</name>
          <type>java.io.File</type>
          <required>true</required>
          <editable>true</editable>
          <description>The directory where to put the libs.</description>
        </parameter>
        <parameter>
          <name>project</name>
          <type>org.apache.maven.project.MavenProject</type>
          <required>true</required>
          <editable>false</editable>
          <description>The maven project.</description>
        </parameter>
        <parameter>
          <name>sarDirectory</name>
          <type>java.io.File</type>
          <required>true</required>
          <editable>true</editable>
          <description>The directory where the sar is built.</description>
        </parameter>
      </parameters>
      <configuration>
        <classesDirectory implementation="java.io.File">${project.build.outputDirectory}</classesDirectory>
        <libDirectory implementation="java.io.File">${project.build.directory}/${project.build.finalName}/lib</libDirectory>
        <sarDirectory implementation="java.io.File">${project.build.directory}/${project.build.finalName}</sarDirectory>
        <project implementation="org.apache.maven.project.MavenProject">${project}</project>
      </configuration>
    </mojo>
    <mojo>
      <goal>sar</goal>
      <description>Build a sar.</description>
      <requiresDependencyResolution>runtime</requiresDependencyResolution>
      <requiresDirectInvocation>false</requiresDirectInvocation>
      <requiresProject>true</requiresProject>
      <requiresReports>false</requiresReports>
      <aggregator>false</aggregator>
      <requiresOnline>false</requiresOnline>
      <inheritedByDefault>true</inheritedByDefault>
      <phase>package</phase>
      <implementation>org.apache.directory.server.plugin.sar.SarMojo</implementation>
      <language>java</language>
      <instantiationStrategy>per-lookup</instantiationStrategy>
      <executionStrategy>once-per-session</executionStrategy>
      <parameters>
        <parameter>
          <name>archive</name>
          <type>org.apache.maven.archiver.MavenArchiveConfiguration</type>
          <required>false</required>
          <editable>true</editable>
          <description>The maven archive configuration to use.</description>
        </parameter>
        <parameter>
          <name>classesDirectory</name>
          <type>java.io.File</type>
          <required>true</required>
          <editable>false</editable>
          <description>The directory containing generated classes.</description>
        </parameter>
        <parameter>
          <name>excludes</name>
          <type>java.util.Set</type>
          <required>false</required>
          <editable>true</editable>
          <description>Artifacts excluded from packaging within the generated sar file. Use
artifactId:groupId in nested exclude tags.</description>
        </parameter>
        <parameter>
          <name>jbossServiceFile</name>
          <type>java.io.File</type>
          <required>false</required>
          <editable>true</editable>
          <description>The location of the jboss-service.xml file. If it is present in the META-INF
directory in src/main/resources with that name then it will automatically be
included. Otherwise this parameter must be set.</description>
        </parameter>
        <parameter>
          <name>libDirectory</name>
          <type>java.io.File</type>
          <required>true</required>
          <editable>true</editable>
          <description>The directory where to put the libs.</description>
        </parameter>
        <parameter>
          <name>outputDirectory</name>
          <type>java.lang.String</type>
          <required>true</required>
          <editable>true</editable>
          <description>The directory for the generated sar.</description>
        </parameter>
        <parameter>
          <name>project</name>
          <type>org.apache.maven.project.MavenProject</type>
          <required>true</required>
          <editable>false</editable>
          <description>The maven project.</description>
        </parameter>
        <parameter>
          <name>sarDirectory</name>
          <type>java.io.File</type>
          <required>true</required>
          <editable>true</editable>
          <description>The directory where the sar is built.</description>
        </parameter>
        <parameter>
          <name>sarName</name>
          <type>java.lang.String</type>
          <required>true</required>
          <editable>true</editable>
          <description>The name of the generated sar.</description>
        </parameter>
      </parameters>
      <configuration>
        <classesDirectory implementation="java.io.File">${project.build.outputDirectory}</classesDirectory>
        <outputDirectory implementation="java.lang.String">${project.build.directory}</outputDirectory>
        <sarName implementation="java.lang.String">${project.build.finalName}</sarName>
        <libDirectory implementation="java.io.File">${project.build.directory}/${project.build.finalName}/lib</libDirectory>
        <sarDirectory implementation="java.io.File">${project.build.directory}/${project.build.finalName}</sarDirectory>
        <project implementation="org.apache.maven.project.MavenProject">${project}</project>
      </configuration>
      <requirements>
        <requirement>
          <role>org.codehaus.plexus.archiver.Archiver</role>
          <role-hint>jar</role-hint>
          <field-name>jarArchiver</field-name>
        </requirement>
      </requirements>
    </mojo>
    <mojo>
      <goal>exploded</goal>
      <description>Generate the exploded sar</description>
      <requiresDependencyResolution>runtime</requiresDependencyResolution>
      <requiresDirectInvocation>false</requiresDirectInvocation>
      <requiresProject>true</requiresProject>
      <requiresReports>false</requiresReports>
      <aggregator>false</aggregator>
      <requiresOnline>false</requiresOnline>
      <inheritedByDefault>true</inheritedByDefault>
      <phase>package</phase>
      <implementation>org.apache.directory.server.plugin.sar.SarExplodedMojo</implementation>
      <language>java</language>
      <instantiationStrategy>per-lookup</instantiationStrategy>
      <executionStrategy>once-per-session</executionStrategy>
      <parameters>
        <parameter>
          <name>classesDirectory</name>
          <type>java.io.File</type>
          <required>true</required>
          <editable>false</editable>
          <description>The directory containing generated classes.</description>
        </parameter>
        <parameter>
          <name>jbossServiceFile</name>
          <type>java.io.File</type>
          <required>false</required>
          <editable>true</editable>
          <description>The location of the jboss-service.xml file. If it is present in the META-INF
directory in src/main/resources with that name then it will automatically be
included. Otherwise this parameter must be set.</description>
        </parameter>
        <parameter>
          <name>libDirectory</name>
          <type>java.io.File</type>
          <required>true</required>
          <editable>true</editable>
          <description>The directory where to put the libs.</description>
        </parameter>
        <parameter>
          <name>project</name>
          <type>org.apache.maven.project.MavenProject</type>
          <required>true</required>
          <editable>false</editable>
          <description>The maven project.</description>
        </parameter>
        <parameter>
          <name>sarDirectory</name>
          <type>java.io.File</type>
          <required>true</required>
          <editable>true</editable>
          <description>The directory where the sar is built.</description>
        </parameter>
      </parameters>
      <configuration>
        <classesDirectory implementation="java.io.File">${project.build.outputDirectory}</classesDirectory>
        <libDirectory implementation="java.io.File">${project.build.directory}/${project.build.finalName}/lib</libDirectory>
        <sarDirectory implementation="java.io.File">${project.build.directory}/${project.build.finalName}</sarDirectory>
        <project implementation="org.apache.maven.project.MavenProject">${project}</project>
      </configuration>
    </mojo>
  </mojos>
  <dependencies/>
</plugin>