<plugin>
  <description>A plugin to generate Maven-site-docs for HiveMind descriptors</description>
  <groupId>ch.marcus-schulte.maven</groupId>
  <artifactId>hivedoc-plugin</artifactId>
  <version>1.0.2</version>
  <goalPrefix>hivedoc</goalPrefix>
  <isolatedRealm>false</isolatedRealm>
  <inheritedByDefault>true</inheritedByDefault>
  <mojos>
    <mojo>
      <goal>hivedoc</goal>
      <description>Goal which adds hivemodule-docs to a project&apos;s site</description>
      <requiresDirectInvocation>false</requiresDirectInvocation>
      <requiresProject>true</requiresProject>
      <requiresReports>false</requiresReports>
      <aggregator>false</aggregator>
      <requiresOnline>false</requiresOnline>
      <inheritedByDefault>true</inheritedByDefault>
      <phase>generate-sources</phase>
      <implementation>ch.marcus_schulte.hivedoc.HivedocMojo</implementation>
      <language>java</language>
      <instantiationStrategy>per-lookup</instantiationStrategy>
      <executionStrategy>once-per-session</executionStrategy>
      <parameters>
        <parameter>
          <name>extraResources</name>
          <type>java.lang.String</type>
          <required>false</required>
          <editable>true</editable>
          <description>List of resources to search for hivemodule.xml&apos;s in addition to the standard resources.</description>
        </parameter>
        <parameter>
          <name>javadocDir</name>
          <type>java.lang.String</type>
          <required>true</required>
          <editable>true</editable>
          <description>Subdirectory containing the javadocs. Must be changed if you configure something non-default in the javadoc-plugin</description>
        </parameter>
        <parameter>
          <name>outDir</name>
          <type>java.io.File</type>
          <required>true</required>
          <editable>true</editable>
          <description>Location of the site.</description>
        </parameter>
        <parameter>
          <name>reportSubDir</name>
          <type>java.lang.String</type>
          <required>true</required>
          <editable>true</editable>
          <description>The name of the sub-directory to contain the generated hivedocs.</description>
        </parameter>
        <parameter>
          <name>resources</name>
          <type>java.util.List</type>
          <required>true</required>
          <editable>true</editable>
          <description>List of standard-resources to search for hivemodule.xml&apos;s. Can&apos;t be changed by the user directly. To include additional resources set the optional parameter extraResources</description>
        </parameter>
      </parameters>
      <configuration>
        <resources implementation="java.util.List" default-value="${project.resources}"/>
        <reportSubDir implementation="java.lang.String" default-value="hivedocs"/>
        <javadocDir implementation="java.lang.String" default-value="apidocs"/>
        <outDir implementation="java.io.File" default-value="${project.reporting.outputDirectory}"/>
      </configuration>
      <requirements>
        <requirement>
          <role>org.codehaus.doxia.site.renderer.SiteRenderer</role>
          <field-name>siteRenderer</field-name>
        </requirement>
      </requirements>
    </mojo>
  </mojos>
  <dependencies>
    <dependency>
      <groupId>org.codehaus.plexus</groupId>
      <artifactId>plexus-container-default</artifactId>
      <type>jar</type>
      <version>1.0-alpha-8</version>
    </dependency>
    <dependency>
      <groupId>org.apache.maven</groupId>
      <artifactId>maven-model</artifactId>
      <type>jar</type>
      <version>2.0</version>
    </dependency>
    <dependency>
      <groupId>org.apache.maven</groupId>
      <artifactId>maven-profile</artifactId>
      <type>jar</type>
      <version>2.0</version>
    </dependency>
    <dependency>
      <groupId>org.apache.maven.doxia</groupId>
      <artifactId>doxia-site-renderer</artifactId>
      <type>jar</type>
      <version>1.0-alpha-8</version>
    </dependency>
    <dependency>
      <groupId>org.codehaus.plexus</groupId>
      <artifactId>plexus-i18n</artifactId>
      <type>jar</type>
      <version>1.0-beta-6</version>
    </dependency>
    <dependency>
      <groupId>jaxen</groupId>
      <artifactId>jaxen</artifactId>
      <type>jar</type>
      <version>1.1-beta-8</version>
    </dependency>
    <dependency>
      <groupId>jdom</groupId>
      <artifactId>jdom</artifactId>
      <type>jar</type>
      <version>1.0</version>
    </dependency>
    <dependency>
      <groupId>xerces</groupId>
      <artifactId>xercesImpl</artifactId>
      <type>jar</type>
      <version>2.6.2</version>
    </dependency>
    <dependency>
      <groupId>commons-collections</groupId>
      <artifactId>commons-collections</artifactId>
      <type>jar</type>
      <version>2.0</version>
    </dependency>
    <dependency>
      <groupId>org.apache.maven.reporting</groupId>
      <artifactId>maven-reporting-impl</artifactId>
      <type>jar</type>
      <version>2.0</version>
    </dependency>
    <dependency>
      <groupId>org.apache.maven.doxia</groupId>
      <artifactId>doxia-sink-api</artifactId>
      <type>jar</type>
      <version>1.0-alpha-8</version>
    </dependency>
    <dependency>
      <groupId>org.codehaus.plexus</groupId>
      <artifactId>plexus-utils</artifactId>
      <type>jar</type>
      <version>1.0.4</version>
    </dependency>
    <dependency>
      <groupId>oro</groupId>
      <artifactId>oro</artifactId>
      <type>jar</type>
      <version>2.0.7</version>
    </dependency>
    <dependency>
      <groupId>doxia</groupId>
      <artifactId>doxia-core</artifactId>
      <type>jar</type>
      <version>1.0-alpha-4</version>
    </dependency>
    <dependency>
      <groupId>classworlds</groupId>
      <artifactId>classworlds</artifactId>
      <type>jar</type>
      <version>1.1-alpha-2</version>
    </dependency>
    <dependency>
      <groupId>xom</groupId>
      <artifactId>xom</artifactId>
      <type>jar</type>
      <version>1.1</version>
    </dependency>
    <dependency>
      <groupId>dom4j</groupId>
      <artifactId>dom4j</artifactId>
      <type>jar</type>
      <version>1.6.1</version>
    </dependency>
    <dependency>
      <groupId>xalan</groupId>
      <artifactId>xalan</artifactId>
      <type>jar</type>
      <version>2.7.0</version>
    </dependency>
    <dependency>
      <groupId>org.apache.maven</groupId>
      <artifactId>maven-repository-metadata</artifactId>
      <type>jar</type>
      <version>2.0</version>
    </dependency>
    <dependency>
      <groupId>org.apache.maven.doxia</groupId>
      <artifactId>doxia-core</artifactId>
      <type>jar</type>
      <version>1.0-alpha-8</version>
    </dependency>
    <dependency>
      <groupId>org.apache.maven.doxia</groupId>
      <artifactId>doxia-decoration-model</artifactId>
      <type>jar</type>
      <version>1.0-alpha-8</version>
    </dependency>
    <dependency>
      <groupId>velocity</groupId>
      <artifactId>velocity</artifactId>
      <type>jar</type>
      <version>1.4</version>
    </dependency>
    <dependency>
      <groupId>commons-validator</groupId>
      <artifactId>commons-validator</artifactId>
      <type>jar</type>
      <version>1.1.4</version>
    </dependency>
    <dependency>
      <groupId>org.codehaus.plexus</groupId>
      <artifactId>plexus-velocity</artifactId>
      <type>jar</type>
      <version>1.1.3</version>
    </dependency>
    <dependency>
      <groupId>org.apache.maven</groupId>
      <artifactId>maven-artifact-manager</artifactId>
      <type>jar</type>
      <version>2.0</version>
    </dependency>
    <dependency>
      <groupId>xerces</groupId>
      <artifactId>xmlParserAPIs</artifactId>
      <type>jar</type>
      <version>2.6.2</version>
    </dependency>
    <dependency>
      <groupId>org.apache.maven.wagon</groupId>
      <artifactId>wagon-provider-api</artifactId>
      <type>jar</type>
      <version>1.0-alpha-5</version>
    </dependency>
    <dependency>
      <groupId>xml-apis</groupId>
      <artifactId>xml-apis</artifactId>
      <type>jar</type>
      <version>1.0.b2</version>
    </dependency>
    <dependency>
      <groupId>org.apache.maven</groupId>
      <artifactId>maven-project</artifactId>
      <type>jar</type>
      <version>2.0</version>
    </dependency>
    <dependency>
      <groupId>org.apache.maven.reporting</groupId>
      <artifactId>maven-reporting-api</artifactId>
      <type>jar</type>
      <version>2.0</version>
    </dependency>
    <dependency>
      <groupId>org.apache.maven</groupId>
      <artifactId>maven-artifact</artifactId>
      <type>jar</type>
      <version>2.0</version>
    </dependency>
    <dependency>
      <groupId>org.apache.maven</groupId>
      <artifactId>maven-plugin-api</artifactId>
      <type>jar</type>
      <version>2.0</version>
    </dependency>
    <dependency>
      <groupId>doxia</groupId>
      <artifactId>doxia-sink-api</artifactId>
      <type>jar</type>
      <version>1.0-alpha-4</version>
    </dependency>
  </dependencies>
</plugin>