<plugin>
  <description>The Apache Software Foundation provides support for the Apache community of open-source software projects.
    The Apache projects are characterized by a collaborative, consensus based development process, an open and
    pragmatic software license, and a desire to create high quality software that leads the way in its field.
    We consider ourselves not simply a group of projects sharing a server, but rather a community of developers
    and users.</description>
  <groupId>org.apache.cocoon</groupId>
  <artifactId>cocoon-maven-plugin</artifactId>
  <version>1.0.0-M1</version>
  <goalPrefix>cocoon</goalPrefix>
  <isolatedRealm>false</isolatedRealm>
  <inheritedByDefault>true</inheritedByDefault>
  <mojos>
    <mojo>
      <goal>rcl</goal>
      <description>The ReloadingWebappMojo creates a web application environment for a Cocoon block.</description>
      <requiresDependencyResolution>runtime</requiresDependencyResolution>
      <requiresDirectInvocation>false</requiresDirectInvocation>
      <requiresProject>true</requiresProject>
      <requiresReports>false</requiresReports>
      <aggregator>false</aggregator>
      <requiresOnline>false</requiresOnline>
      <inheritedByDefault>true</inheritedByDefault>
      <executePhase>process-classes</executePhase>
      <implementation>org.apache.cocoon.maven.rcl.ReloadingWebappMojo</implementation>
      <language>java</language>
      <instantiationStrategy>per-lookup</instantiationStrategy>
      <executionStrategy>once-per-session</executionStrategy>
      <parameters>
        <parameter>
          <name>customLog4jXconf</name>
          <type>java.lang.String</type>
          <required>false</required>
          <editable>true</editable>
          <description>Logging: Use a custom log4j xml configuration file=</description>
        </parameter>
        <parameter>
          <name>localRepository</name>
          <type>org.apache.maven.artifact.repository.ArtifactRepository</type>
          <required>true</required>
          <editable>false</editable>
          <description>Local maven repository.</description>
        </parameter>
        <parameter>
          <name>project</name>
          <type>org.apache.maven.project.MavenProject</type>
          <required>true</required>
          <editable>true</editable>
          <description>The project whose project files to create.</description>
        </parameter>
        <parameter>
          <name>rclPropertiesFile</name>
          <type>java.io.File</type>
          <required>false</required>
          <editable>true</editable>
          <description>The central property file that contains all information about where to find blocks.</description>
        </parameter>
        <parameter>
          <name>reloadingSpringEnabled</name>
          <type>boolean</type>
          <required>false</required>
          <editable>true</editable>
          <description>Enable reloading of the Spring application context. Note: The reload of the
application context doesn&apos;t work properly if it contains beans which are based
on proxies with interfaces which are loaded by the reloading class loader. As a
workaround you can put all those interfaces into a seperate module which is NOT
loaded by the reloading class loader.</description>
        </parameter>
        <parameter>
          <name>remoteArtifactRepositories</name>
          <type>java.util.List</type>
          <required>true</required>
          <editable>false</editable>
          <description>Remote repositories which will be searched for blocks.</description>
        </parameter>
        <parameter>
          <name>target</name>
          <type>java.io.File</type>
          <required>false</required>
          <editable>true</editable>
          <description>The directory that contains the Cocoon web application.</description>
        </parameter>
        <parameter>
          <name>useConsoleAppender</name>
          <type>boolean</type>
          <required>false</required>
          <editable>true</editable>
          <description>Logging: Use console appender?</description>
        </parameter>
        <parameter>
          <name>useSocketAppender</name>
          <type>boolean</type>
          <required>false</required>
          <editable>true</editable>
          <description>Logging: Use socket appender?</description>
        </parameter>
      </parameters>
      <configuration>
        <remoteArtifactRepositories implementation="java.util.List">${project.remoteArtifactRepositories}</remoteArtifactRepositories>
        <useSocketAppender implementation="boolean">${cocoon.rcl.log4j.useSocketAppender}</useSocketAppender>
        <target implementation="java.io.File">./target/rcl</target>
        <localRepository implementation="org.apache.maven.artifact.repository.ArtifactRepository">${localRepository}</localRepository>
        <customLog4jXconf implementation="java.lang.String">${cocoon.rcl.log4j.conf}</customLog4jXconf>
        <project implementation="org.apache.maven.project.MavenProject">${project}</project>
        <rclPropertiesFile implementation="java.io.File">./rcl.properties</rclPropertiesFile>
        <useConsoleAppender implementation="boolean">${cocoon.rcl.log4j.useConsoleAppender}</useConsoleAppender>
      </configuration>
      <requirements>
        <requirement>
          <role>org.apache.maven.artifact.resolver.ArtifactResolver</role>
          <field-name>artifactResolver</field-name>
        </requirement>
        <requirement>
          <role>org.apache.maven.artifact.factory.ArtifactFactory</role>
          <field-name>artifactFactory</field-name>
        </requirement>
        <requirement>
          <role>org.apache.maven.artifact.metadata.ArtifactMetadataSource</role>
          <field-name>metadataSource</field-name>
        </requirement>
      </requirements>
    </mojo>
    <mojo>
      <goal>deploy</goal>
      <description>Create a web application that makes use of Cocoon blocks. In the case of a
web application module, (packaging: war) all referenced blocks are added, in
the case of block (packaging: jar) additionally a minimal Cocoon environemt
is created and it is also possible to reference &lt;i&gt;other&lt;/i&gt; locally
available blocks and to set custom properties to make development highly
dynamic.</description>
      <requiresDependencyResolution>runtime</requiresDependencyResolution>
      <requiresDirectInvocation>false</requiresDirectInvocation>
      <requiresProject>true</requiresProject>
      <requiresReports>false</requiresReports>
      <aggregator>false</aggregator>
      <requiresOnline>false</requiresOnline>
      <inheritedByDefault>true</inheritedByDefault>
      <phase>package</phase>
      <implementation>org.apache.cocoon.maven.deployer.DeployExplodedMojo</implementation>
      <language>java</language>
      <instantiationStrategy>per-lookup</instantiationStrategy>
      <executionStrategy>once-per-session</executionStrategy>
      <parameters>
        <parameter>
          <name>classesDirectory</name>
          <type>java.io.File</type>
          <required>true</required>
          <editable>false</editable>
          <description>The directory containing generated classes.</description>
        </parameter>
        <parameter>
          <name>localRepository</name>
          <type>org.apache.maven.artifact.repository.ArtifactRepository</type>
          <required>true</required>
          <editable>false</editable>
          <description>Local maven repository.</description>
        </parameter>
        <parameter>
          <name>project</name>
          <type>org.apache.maven.project.MavenProject</type>
          <required>true</required>
          <editable>true</editable>
          <description>The project whose project files to create.</description>
        </parameter>
        <parameter>
          <name>remoteArtifactRepositories</name>
          <type>java.util.List</type>
          <required>true</required>
          <editable>false</editable>
          <description>Remote repositories which will be searched for blocks.</description>
        </parameter>
        <parameter>
          <name>useShieldingClassLoader</name>
          <type>boolean</type>
          <required>false</required>
          <editable>true</editable>
          <description>Use shielded classloading</description>
        </parameter>
        <parameter>
          <name>useShieldingRepository</name>
          <type>boolean</type>
          <required>false</required>
          <editable>true</editable>
          <description>Move jars for shielded classloading</description>
        </parameter>
        <parameter>
          <name>warSourceDirectory</name>
          <type>java.io.File</type>
          <required>true</required>
          <editable>true</editable>
          <description>Single directory for extra files to include in the WAR.</description>
        </parameter>
        <parameter>
          <name>webXml</name>
          <type>java.lang.String</type>
          <required>false</required>
          <editable>true</editable>
          <description>The path to the web.xml file to use.</description>
        </parameter>
        <parameter>
          <name>webappDirectory</name>
          <type>java.io.File</type>
          <required>true</required>
          <editable>true</editable>
          <description>The directory where the webapp is built.</description>
        </parameter>
      </parameters>
      <configuration>
        <remoteArtifactRepositories implementation="java.util.List">${project.remoteArtifactRepositories}</remoteArtifactRepositories>
        <classesDirectory implementation="java.io.File">${project.build.outputDirectory}</classesDirectory>
        <webXml implementation="java.lang.String">${maven.war.webxml}</webXml>
        <useShieldingRepository implementation="boolean">${maven.war.shieldingrepository}</useShieldingRepository>
        <localRepository implementation="org.apache.maven.artifact.repository.ArtifactRepository">${localRepository}</localRepository>
        <project implementation="org.apache.maven.project.MavenProject">${project}</project>
        <warSourceDirectory implementation="java.io.File">${basedir}/src/main/webapp</warSourceDirectory>
        <webappDirectory implementation="java.io.File">${project.build.directory}/${project.build.finalName}</webappDirectory>
        <useShieldingClassLoader implementation="boolean">${maven.war.shieldingclassloader}</useShieldingClassLoader>
      </configuration>
      <requirements>
        <requirement>
          <role>org.apache.maven.artifact.resolver.ArtifactResolver</role>
          <field-name>artifactResolver</field-name>
        </requirement>
        <requirement>
          <role>org.apache.maven.artifact.factory.ArtifactFactory</role>
          <field-name>artifactFactory</field-name>
        </requirement>
        <requirement>
          <role>org.apache.maven.artifact.metadata.ArtifactMetadataSource</role>
          <field-name>metadataSource</field-name>
        </requirement>
      </requirements>
    </mojo>
    <mojo>
      <goal>deploy-war</goal>
      <description>Create a packaged Cocoon web application (.war file) based on a block
deployment descriptor.</description>
      <requiresDirectInvocation>false</requiresDirectInvocation>
      <requiresProject>true</requiresProject>
      <requiresReports>false</requiresReports>
      <aggregator>false</aggregator>
      <requiresOnline>false</requiresOnline>
      <inheritedByDefault>true</inheritedByDefault>
      <phase>package</phase>
      <implementation>org.apache.cocoon.maven.deployer.DeployWarMojo</implementation>
      <language>java</language>
      <instantiationStrategy>per-lookup</instantiationStrategy>
      <executionStrategy>once-per-session</executionStrategy>
      <parameters>
        <parameter>
          <name>archive</name>
          <type>org.apache.maven.archiver.MavenArchiveConfiguration</type>
          <required>false</required>
          <editable>true</editable>
          <description>The maven archive configuration to use.</description>
        </parameter>
        <parameter>
          <name>classesDirectory</name>
          <type>java.io.File</type>
          <required>true</required>
          <editable>false</editable>
          <description>The directory containing generated classes.</description>
        </parameter>
        <parameter>
          <name>localRepository</name>
          <type>org.apache.maven.artifact.repository.ArtifactRepository</type>
          <required>true</required>
          <editable>false</editable>
          <description>Local maven repository.</description>
        </parameter>
        <parameter>
          <name>outputDirectory</name>
          <type>java.lang.String</type>
          <required>true</required>
          <editable>true</editable>
          <description>The directory for the generated WAR.</description>
        </parameter>
        <parameter>
          <name>project</name>
          <type>org.apache.maven.project.MavenProject</type>
          <required>true</required>
          <editable>true</editable>
          <description>The project whose project files to create.</description>
        </parameter>
        <parameter>
          <name>remoteArtifactRepositories</name>
          <type>java.util.List</type>
          <required>true</required>
          <editable>false</editable>
          <description>Remote repositories which will be searched for blocks.</description>
        </parameter>
        <parameter>
          <name>useShieldingClassLoader</name>
          <type>boolean</type>
          <required>false</required>
          <editable>true</editable>
          <description>Use shielded classloading</description>
        </parameter>
        <parameter>
          <name>useShieldingRepository</name>
          <type>boolean</type>
          <required>false</required>
          <editable>true</editable>
          <description>Move jars for shielded classloading</description>
        </parameter>
        <parameter>
          <name>warName</name>
          <type>java.lang.String</type>
          <required>true</required>
          <editable>true</editable>
          <description>The name of the generated war.</description>
        </parameter>
        <parameter>
          <name>warSourceDirectory</name>
          <type>java.io.File</type>
          <required>true</required>
          <editable>true</editable>
          <description>Single directory for extra files to include in the WAR.</description>
        </parameter>
        <parameter>
          <name>webXml</name>
          <type>java.lang.String</type>
          <required>false</required>
          <editable>true</editable>
          <description>The path to the web.xml file to use.</description>
        </parameter>
        <parameter>
          <name>webappDirectory</name>
          <type>java.io.File</type>
          <required>true</required>
          <editable>true</editable>
          <description>The directory where the webapp is built.</description>
        </parameter>
      </parameters>
      <configuration>
        <remoteArtifactRepositories implementation="java.util.List">${project.remoteArtifactRepositories}</remoteArtifactRepositories>
        <classesDirectory implementation="java.io.File">${project.build.outputDirectory}</classesDirectory>
        <webXml implementation="java.lang.String">${maven.war.webxml}</webXml>
        <outputDirectory implementation="java.lang.String">${project.build.directory}</outputDirectory>
        <warName implementation="java.lang.String">${project.build.finalName}</warName>
        <useShieldingRepository implementation="boolean">${maven.war.shieldingrepository}</useShieldingRepository>
        <localRepository implementation="org.apache.maven.artifact.repository.ArtifactRepository">${localRepository}</localRepository>
        <project implementation="org.apache.maven.project.MavenProject">${project}</project>
        <warSourceDirectory implementation="java.io.File">${basedir}/src/main/webapp</warSourceDirectory>
        <webappDirectory implementation="java.io.File">${project.build.directory}/${project.build.finalName}</webappDirectory>
        <useShieldingClassLoader implementation="boolean">${maven.war.shieldingclassloader}</useShieldingClassLoader>
      </configuration>
      <requirements>
        <requirement>
          <role>org.apache.maven.artifact.resolver.ArtifactResolver</role>
          <field-name>artifactResolver</field-name>
        </requirement>
        <requirement>
          <role>org.codehaus.plexus.archiver.Archiver</role>
          <role-hint>war</role-hint>
          <field-name>warArchiver</field-name>
        </requirement>
        <requirement>
          <role>org.apache.maven.artifact.factory.ArtifactFactory</role>
          <field-name>artifactFactory</field-name>
        </requirement>
        <requirement>
          <role>org.apache.maven.artifact.metadata.ArtifactMetadataSource</role>
          <field-name>metadataSource</field-name>
        </requirement>
      </requirements>
    </mojo>
  </mojos>
  <dependencies/>
</plugin>