<plugin>
  <description>dtddoc-maven-plugin is a Maven2 plugin to document DTDs with DTDDoc</description>
  <groupId>net.sf.dtddoc</groupId>
  <artifactId>dtddoc-maven-plugin</artifactId>
  <version>1.0</version>
  <goalPrefix>dtddoc</goalPrefix>
  <isolatedRealm>false</isolatedRealm>
  <inheritedByDefault>true</inheritedByDefault>
  <mojos>
    <mojo>
      <goal>dtddoc</goal>
      <description>DTDDoc Maven2 plugin.</description>
      <requiresDirectInvocation>false</requiresDirectInvocation>
      <requiresProject>true</requiresProject>
      <requiresReports>false</requiresReports>
      <aggregator>false</aggregator>
      <requiresOnline>false</requiresOnline>
      <inheritedByDefault>true</inheritedByDefault>
      <implementation>net.sf.dtddoc.maven2.DTDDocReport</implementation>
      <language>java</language>
      <instantiationStrategy>per-lookup</instantiationStrategy>
      <executionStrategy>once-per-session</executionStrategy>
      <parameters>
        <parameter>
          <name>docTitle</name>
          <type>java.lang.String</type>
          <required>false</required>
          <editable>true</editable>
          <description>Name of the documentation: it will appear at the top of the index.</description>
        </parameter>
        <parameter>
          <name>excludes</name>
          <type>java.lang.String</type>
          <required>false</required>
          <editable>true</editable>
          <description>List of patterns used to specify the files that should be excluded in DTD documentation. When not specified, the default excludes will be empty.</description>
        </parameter>
        <parameter>
          <name>getAroundNetBeansComments</name>
          <type>boolean</type>
          <required>false</required>
          <editable>true</editable>
          <description>In case you have comments that start with three hyphens, this option will tell DTDDoc to interpret them as regular double hyphens. This was introduced to support NetBeans comments.</description>
        </parameter>
        <parameter>
          <name>includes</name>
          <type>java.lang.String</type>
          <required>false</required>
          <editable>true</editable>
          <description>List of patterns used to specify the files that should be included in DTD documentation. When not specified, the default includes will be &lt;code&gt;**&amp;#47;*.dtd&lt;/code&gt;.</description>
        </parameter>
        <parameter>
          <name>outputDirectory</name>
          <type>java.io.File</type>
          <required>false</required>
          <editable>true</editable>
          <description>Specifies the destination directory where DTDDoc saves the generated HTML files.</description>
        </parameter>
        <parameter>
          <name>project</name>
          <type>org.apache.maven.project.MavenProject</type>
          <required>true</required>
          <editable>false</editable>
          <description>Maven project</description>
        </parameter>
        <parameter>
          <name>showFixmeTags</name>
          <type>boolean</type>
          <required>false</required>
          <editable>true</editable>
          <description>Tells if the content of the &lt;code&gt;@fixme&lt;/code&gt; tags must be part of the documentation</description>
        </parameter>
        <parameter>
          <name>showHiddenTags</name>
          <type>boolean</type>
          <required>false</required>
          <editable>true</editable>
          <description>Tells if the content of the &lt;code&gt;@hidden&lt;/code&gt; tags must be part of the documentation</description>
        </parameter>
        <parameter>
          <name>sourceDirectory</name>
          <type>java.io.File</type>
          <required>false</required>
          <editable>true</editable>
          <description>Specifies the source directory where DTDDoc searches for DTDs.</description>
        </parameter>
        <parameter>
          <name>styleSheet</name>
          <type>java.io.File</type>
          <required>false</required>
          <editable>true</editable>
          <description>The stylesheet to use to render the documentation. This stylesheet will be copied into the documentation. If not specified, DTDDoc&apos;s default stylesheet is used.</description>
        </parameter>
      </parameters>
      <configuration>
        <outputDirectory implementation="java.io.File">${project.build.directory}/dtddoc/</outputDirectory>
        <getAroundNetBeansComments implementation="boolean" default-value="true">${dtddoc.getAroundNetBeansComments}</getAroundNetBeansComments>
        <sourceDirectory implementation="java.io.File">src/main/resources</sourceDirectory>
        <showFixmeTags implementation="boolean" default-value="true">${dtddoc.fixme}</showFixmeTags>
        <project implementation="org.apache.maven.project.MavenProject">${project}</project>
        <styleSheet implementation="java.io.File">${dtddoc.styleSheet}</styleSheet>
        <showHiddenTags implementation="boolean" default-value="false">${dtddoc.hidden}</showHiddenTags>
        <docTitle implementation="java.lang.String" default-value="">${dtddoc.title}</docTitle>
      </configuration>
      <requirements>
        <requirement>
          <role>org.apache.maven.doxia.siterenderer.Renderer</role>
          <field-name>siteRenderer</field-name>
        </requirement>
      </requirements>
    </mojo>
  </mojos>
  <dependencies>
    <dependency>
      <groupId>junit</groupId>
      <artifactId>junit</artifactId>
      <type>jar</type>
      <version>3.8.1</version>
    </dependency>
    <dependency>
      <groupId>org.codehaus.plexus</groupId>
      <artifactId>plexus-container-default</artifactId>
      <type>jar</type>
      <version>1.0-alpha-8</version>
    </dependency>
    <dependency>
      <groupId>commons-logging</groupId>
      <artifactId>commons-logging</artifactId>
      <type>jar</type>
      <version>1.0.4</version>
    </dependency>
    <dependency>
      <groupId>ant</groupId>
      <artifactId>ant</artifactId>
      <type>jar</type>
      <version>1.6.5</version>
    </dependency>
    <dependency>
      <groupId>net.sf.dtddoc</groupId>
      <artifactId>DTDDoc</artifactId>
      <type>jar</type>
      <version>1.0.0</version>
    </dependency>
    <dependency>
      <groupId>org.apache.maven.doxia</groupId>
      <artifactId>doxia-site-renderer</artifactId>
      <type>jar</type>
      <version>1.0-alpha-8</version>
    </dependency>
    <dependency>
      <groupId>regexp</groupId>
      <artifactId>regexp</artifactId>
      <type>jar</type>
      <version>1.2</version>
    </dependency>
    <dependency>
      <groupId>net.sf.dtddoc</groupId>
      <artifactId>dtdparser</artifactId>
      <type>jar</type>
      <version>1.20-dtddoc</version>
    </dependency>
    <dependency>
      <groupId>commons-beanutils</groupId>
      <artifactId>commons-beanutils</artifactId>
      <type>jar</type>
      <version>1.7.0</version>
    </dependency>
    <dependency>
      <groupId>org.codehaus.plexus</groupId>
      <artifactId>plexus-i18n</artifactId>
      <type>jar</type>
      <version>1.0-beta-6</version>
    </dependency>
    <dependency>
      <groupId>commons-digester</groupId>
      <artifactId>commons-digester</artifactId>
      <type>jar</type>
      <version>1.6</version>
    </dependency>
    <dependency>
      <groupId>org.apache.maven</groupId>
      <artifactId>maven-repository-metadata</artifactId>
      <type>jar</type>
      <version>2.0.4</version>
    </dependency>
    <dependency>
      <groupId>org.apache.maven</groupId>
      <artifactId>maven-model</artifactId>
      <type>jar</type>
      <version>2.0.4</version>
    </dependency>
    <dependency>
      <groupId>commons-collections</groupId>
      <artifactId>commons-collections</artifactId>
      <type>jar</type>
      <version>2.0</version>
    </dependency>
    <dependency>
      <groupId>commons-validator</groupId>
      <artifactId>commons-validator</artifactId>
      <type>jar</type>
      <version>1.2.0</version>
    </dependency>
    <dependency>
      <groupId>org.apache.maven.doxia</groupId>
      <artifactId>doxia-sink-api</artifactId>
      <type>jar</type>
      <version>1.0-alpha-8</version>
    </dependency>
    <dependency>
      <groupId>org.codehaus.plexus</groupId>
      <artifactId>plexus-utils</artifactId>
      <type>jar</type>
      <version>1.0.4</version>
    </dependency>
    <dependency>
      <groupId>org.apache.maven</groupId>
      <artifactId>maven-artifact</artifactId>
      <type>jar</type>
      <version>2.0.4</version>
    </dependency>
    <dependency>
      <groupId>org.apache.maven</groupId>
      <artifactId>maven-settings</artifactId>
      <type>jar</type>
      <version>2.0.4</version>
    </dependency>
    <dependency>
      <groupId>velocity</groupId>
      <artifactId>velocity-dep</artifactId>
      <type>jar</type>
      <version>1.4</version>
    </dependency>
    <dependency>
      <groupId>oro</groupId>
      <artifactId>oro</artifactId>
      <type>jar</type>
      <version>2.0.7</version>
    </dependency>
    <dependency>
      <groupId>org.apache.maven.wagon</groupId>
      <artifactId>wagon-provider-api</artifactId>
      <type>jar</type>
      <version>1.0-alpha-6</version>
    </dependency>
    <dependency>
      <groupId>org.apache.maven</groupId>
      <artifactId>maven-artifact-manager</artifactId>
      <type>jar</type>
      <version>2.0.4</version>
    </dependency>
    <dependency>
      <groupId>classworlds</groupId>
      <artifactId>classworlds</artifactId>
      <type>jar</type>
      <version>1.1-alpha-2</version>
    </dependency>
    <dependency>
      <groupId>org.apache.maven.reporting</groupId>
      <artifactId>maven-reporting-impl</artifactId>
      <type>jar</type>
      <version>2.0.4</version>
    </dependency>
    <dependency>
      <groupId>org.apache.maven</groupId>
      <artifactId>maven-plugin-api</artifactId>
      <type>jar</type>
      <version>2.0.4</version>
    </dependency>
    <dependency>
      <groupId>org.apache.maven.doxia</groupId>
      <artifactId>doxia-decoration-model</artifactId>
      <type>jar</type>
      <version>1.0-alpha-8</version>
    </dependency>
    <dependency>
      <groupId>org.apache.maven.doxia</groupId>
      <artifactId>doxia-core</artifactId>
      <type>jar</type>
      <version>1.0-alpha-8</version>
    </dependency>
    <dependency>
      <groupId>velocity</groupId>
      <artifactId>velocity</artifactId>
      <type>jar</type>
      <version>1.4</version>
    </dependency>
    <dependency>
      <groupId>org.apache.maven</groupId>
      <artifactId>maven-profile</artifactId>
      <type>jar</type>
      <version>2.0.4</version>
    </dependency>
    <dependency>
      <groupId>org.codehaus.plexus</groupId>
      <artifactId>plexus-velocity</artifactId>
      <type>jar</type>
      <version>1.1.3</version>
    </dependency>
    <dependency>
      <groupId>org.apache.maven.reporting</groupId>
      <artifactId>maven-reporting-api</artifactId>
      <type>jar</type>
      <version>2.0.4</version>
    </dependency>
    <dependency>
      <groupId>org.apache.maven</groupId>
      <artifactId>maven-project</artifactId>
      <type>jar</type>
      <version>2.0.4</version>
    </dependency>
    <dependency>
      <groupId>xml-apis</groupId>
      <artifactId>xml-apis</artifactId>
      <type>jar</type>
      <version>1.0.b2</version>
    </dependency>
  </dependencies>
</plugin>