<plugin>
  <description>dtddoc-maven-plugin is a Maven2 plugin to document DTDs with DTDDoc</description>
  <groupId>net.sf.dtddoc</groupId>
  <artifactId>dtddoc-maven-plugin</artifactId>
  <version>1.1</version>
  <goalPrefix>dtddoc</goalPrefix>
  <isolatedRealm>false</isolatedRealm>
  <inheritedByDefault>true</inheritedByDefault>
  <mojos>
    <mojo>
      <goal>dtddoc</goal>
      <description>DTDDoc Maven2 plugin.</description>
      <requiresDirectInvocation>false</requiresDirectInvocation>
      <requiresProject>true</requiresProject>
      <requiresReports>false</requiresReports>
      <aggregator>false</aggregator>
      <requiresOnline>false</requiresOnline>
      <inheritedByDefault>true</inheritedByDefault>
      <implementation>net.sf.dtddoc.maven2.DTDDocReport</implementation>
      <language>java</language>
      <instantiationStrategy>per-lookup</instantiationStrategy>
      <executionStrategy>once-per-session</executionStrategy>
      <parameters>
        <parameter>
          <name>docTitle</name>
          <type>java.lang.String</type>
          <required>false</required>
          <editable>true</editable>
          <description>Name of the documentation: it will appear at the top of the index.</description>
        </parameter>
        <parameter>
          <name>excludes</name>
          <type>java.lang.String[]</type>
          <required>false</required>
          <editable>true</editable>
          <description>List of patterns used to specify the files that should be excluded in DTD documentation.
When not specified, the default excludes will be empty.</description>
        </parameter>
        <parameter>
          <name>getAroundNetBeansComments</name>
          <type>boolean</type>
          <required>false</required>
          <editable>true</editable>
          <description>In case you have comments that start with three hyphens, this option will tell DTDDoc
to interpret them as regular double hyphens. This was introduced to support NetBeans comments.</description>
        </parameter>
        <parameter>
          <name>includes</name>
          <type>java.lang.String[]</type>
          <required>false</required>
          <editable>true</editable>
          <description>List of patterns used to specify the files that should be included in DTD documentation.
When not specified, the default includes will be &lt;code&gt;**&amp;#47;*.dtd&lt;/code&gt;.</description>
        </parameter>
        <parameter>
          <name>outputDirectory</name>
          <type>java.io.File</type>
          <required>false</required>
          <editable>true</editable>
          <description>Specifies the destination directory where DTDDoc saves the generated HTML files.</description>
        </parameter>
        <parameter>
          <name>project</name>
          <type>org.apache.maven.project.MavenProject</type>
          <required>true</required>
          <editable>false</editable>
          <description>Maven project</description>
        </parameter>
        <parameter>
          <name>showFixmeTags</name>
          <type>boolean</type>
          <required>false</required>
          <editable>true</editable>
          <description>Tells if the content of the &lt;code&gt;@fixme&lt;/code&gt; tags must be part of the documentation</description>
        </parameter>
        <parameter>
          <name>showHiddenTags</name>
          <type>boolean</type>
          <required>false</required>
          <editable>true</editable>
          <description>Tells if the content of the &lt;code&gt;@hidden&lt;/code&gt; tags must be part of the documentation</description>
        </parameter>
        <parameter>
          <name>sourceDirectory</name>
          <type>java.io.File</type>
          <required>false</required>
          <editable>true</editable>
          <description>Specifies the source directory where DTDDoc searches for DTDs.</description>
        </parameter>
        <parameter>
          <name>styleSheet</name>
          <type>java.io.File</type>
          <required>false</required>
          <editable>true</editable>
          <description>The stylesheet to use to render the documentation. This stylesheet will be copied into the documentation.
If not specified, DTDDoc&apos;s default stylesheet is used.</description>
        </parameter>
      </parameters>
      <configuration>
        <outputDirectory implementation="java.io.File">${project.build.directory}/dtddoc/</outputDirectory>
        <getAroundNetBeansComments implementation="boolean" default-value="true">${dtddoc.getAroundNetBeansComments}</getAroundNetBeansComments>
        <sourceDirectory implementation="java.io.File">src/main/resources</sourceDirectory>
        <showFixmeTags implementation="boolean" default-value="true">${dtddoc.fixme}</showFixmeTags>
        <project implementation="org.apache.maven.project.MavenProject">${project}</project>
        <styleSheet implementation="java.io.File">${dtddoc.styleSheet}</styleSheet>
        <showHiddenTags implementation="boolean" default-value="false">${dtddoc.hidden}</showHiddenTags>
        <docTitle implementation="java.lang.String" default-value="">${dtddoc.title}</docTitle>
      </configuration>
      <requirements>
        <requirement>
          <role>org.apache.maven.doxia.siterenderer.Renderer</role>
          <field-name>siteRenderer</field-name>
        </requirement>
      </requirements>
    </mojo>
  </mojos>
  <dependencies/>
</plugin>