<plugin>
  <description>Pluto is the Reference Implementation of the Java Portlet Specfication.</description>
  <groupId>org.apache.pluto</groupId>
  <artifactId>pluto-resources-plugin</artifactId>
  <version>1.1.3</version>
  <goalPrefix>pluto</goalPrefix>
  <isolatedRealm>false</isolatedRealm>
  <inheritedByDefault>true</inheritedByDefault>
  <mojos>
    <mojo>
      <goal>bundle</goal>
      <description>Bundle up the resources that should be considered as a remote-resource</description>
      <requiresDirectInvocation>false</requiresDirectInvocation>
      <requiresProject>true</requiresProject>
      <requiresReports>false</requiresReports>
      <aggregator>false</aggregator>
      <requiresOnline>false</requiresOnline>
      <inheritedByDefault>true</inheritedByDefault>
      <phase>generate-resources</phase>
      <implementation>org.apache.pluto.maven.resources.remote.BundleRemoteResourcesMojo</implementation>
      <language>java</language>
      <instantiationStrategy>per-lookup</instantiationStrategy>
      <executionStrategy>once-per-session</executionStrategy>
      <parameters>
        <parameter>
          <name>excludes</name>
          <type>java.lang.String</type>
          <required>false</required>
          <editable>true</editable>
          <description>A list of files to exclude. Can contain ant-style wildcards and double wildcards.</description>
        </parameter>
        <parameter>
          <name>includes</name>
          <type>java.lang.String</type>
          <required>false</required>
          <editable>true</editable>
          <description>A list of files to include. Can contain ant-style wildcards and double wildcards. The default includes are &lt;code&gt;**&amp;#47;*.txt **&amp;#47;*.vm&lt;/code&gt;</description>
        </parameter>
        <parameter>
          <name>outputDirectory</name>
          <type>java.io.File</type>
          <required>false</required>
          <editable>true</editable>
          <description>The directory where you want the resource bundle manifest written to.</description>
        </parameter>
        <parameter>
          <name>resourcesDirectory</name>
          <type>java.io.File</type>
          <required>false</required>
          <editable>true</editable>
          <description>The directory which contains the resources you want packaged up in this resource bundle.</description>
        </parameter>
      </parameters>
      <configuration>
        <outputDirectory implementation="java.io.File">${project.build.outputDirectory}</outputDirectory>
        <resourcesDirectory implementation="java.io.File">${basedir}/src/main/resources</resourcesDirectory>
      </configuration>
    </mojo>
    <mojo>
      <goal>process</goal>
      <description>Pull down resourceBundles containing remote resources and process the resources contained inside the artifact. &lt;p/&gt; Resources that end in &quot;.vm&quot; are treated as velocity templates. For those, the &quot;.vm&quot; is stripped off for the final artifact name and it&apos;s fed through velocity to have properties expanded, conditions processed, etc... &lt;p/&gt; Resources that don&apos;t end in &quot;.vm&quot; are copied &quot;as is&quot;.</description>
      <requiresDependencyResolution>runtime</requiresDependencyResolution>
      <requiresDirectInvocation>false</requiresDirectInvocation>
      <requiresProject>true</requiresProject>
      <requiresReports>false</requiresReports>
      <aggregator>false</aggregator>
      <requiresOnline>false</requiresOnline>
      <inheritedByDefault>true</inheritedByDefault>
      <phase>generate-resources</phase>
      <implementation>org.apache.pluto.maven.resources.remote.ProcessRemoteResourcesMojo</implementation>
      <language>java</language>
      <instantiationStrategy>per-lookup</instantiationStrategy>
      <executionStrategy>once-per-session</executionStrategy>
      <parameters>
        <parameter>
          <name>appendedResourcesDirectory</name>
          <type>java.io.File</type>
          <required>false</required>
          <editable>true</editable>
          <description>The directory containing extra information appended to the generated resources.</description>
        </parameter>
        <parameter>
          <name>localRepository</name>
          <type>org.apache.maven.artifact.repository.ArtifactRepository</type>
          <required>false</required>
          <editable>true</editable>
          <description>The local repository taken from Maven&apos;s runtime. Typically $HOME/.m2/repository.</description>
        </parameter>
        <parameter>
          <name>mavenSession</name>
          <type>org.apache.maven.execution.MavenSession</type>
          <required>false</required>
          <editable>true</editable>
          <description>The Maven session.</description>
        </parameter>
        <parameter>
          <name>outputDirectory</name>
          <type>java.io.File</type>
          <required>false</required>
          <editable>true</editable>
          <description>The directory where processed resources will be placed for packaging.</description>
        </parameter>
        <parameter>
          <name>project</name>
          <type>org.apache.maven.project.MavenProject</type>
          <required>false</required>
          <editable>true</editable>
          <description>The current Maven project.</description>
        </parameter>
        <parameter>
          <name>properties</name>
          <type>java.util.Map</type>
          <required>false</required>
          <editable>true</editable>
          <description>Additional properties to be passed to velocity. &lt;p/&gt; Several properties are automatically added:&lt;br/&gt; project - the current MavenProject &lt;br/&gt; projects - the list of dependency projects&lt;br/&gt; projectTimespan - the timespan of the current project (requires inceptionYear in pom)&lt;br/&gt; &lt;p/&gt; See &lt;a href=&quot;http://maven.apache.org/ref/current/maven-project/apidocs/org/apache/maven/project/MavenProject.html&quot;&gt; the javadoc for MavenProject&lt;/a&gt; for information about the properties on the MavenProject.</description>
        </parameter>
        <parameter>
          <name>remoteRepositories</name>
          <type>java.util.List</type>
          <required>false</required>
          <editable>true</editable>
          <description>The remote repositories used as specified in your POM.</description>
        </parameter>
        <parameter>
          <name>resourceBundles</name>
          <type>java.util.List</type>
          <required>true</required>
          <editable>true</editable>
          <description>The resource bundles that will be retrieved and processed.</description>
        </parameter>
        <parameter>
          <name>resources</name>
          <type>java.util.List</type>
          <required>true</required>
          <editable>true</editable>
          <description>The list of resources defined for the project.</description>
        </parameter>
        <parameter>
          <name>skip</name>
          <type>boolean</type>
          <required>false</required>
          <editable>true</editable>
          <description>Skip remote-resource processing</description>
        </parameter>
      </parameters>
      <configuration>
        <appendedResourcesDirectory implementation="java.io.File">${basedir}/src/main/appended-resources</appendedResourcesDirectory>
        <skip implementation="boolean" default-value="false">${remoteresources.skip}</skip>
        <outputDirectory implementation="java.io.File">${project.build.directory}/maven-shared-archive-resources</outputDirectory>
        <remoteRepositories implementation="java.util.List">${project.repositories}</remoteRepositories>
        <mavenSession implementation="org.apache.maven.execution.MavenSession">${session}</mavenSession>
        <localRepository implementation="org.apache.maven.artifact.repository.ArtifactRepository">${localRepository}</localRepository>
        <resources implementation="java.util.List">${project.resources}</resources>
        <project implementation="org.apache.maven.project.MavenProject">${project}</project>
      </configuration>
      <requirements>
        <requirement>
          <role>org.codehaus.plexus.velocity.VelocityComponent</role>
          <field-name>velocity</field-name>
        </requirement>
        <requirement>
          <role>org.apache.maven.project.inheritance.ModelInheritanceAssembler</role>
          <field-name>inheritanceAssembler</field-name>
        </requirement>
        <requirement>
          <role>org.apache.maven.artifact.repository.ArtifactRepositoryFactory</role>
          <field-name>artifactRepositoryFactory</field-name>
        </requirement>
        <requirement>
          <role>org.apache.maven.artifact.factory.ArtifactFactory</role>
          <field-name>artifactFactory</field-name>
        </requirement>
        <requirement>
          <role>org.apache.maven.project.MavenProjectBuilder</role>
          <field-name>mavenProjectBuilder</field-name>
        </requirement>
        <requirement>
          <role>org.apache.maven.shared.downloader.Downloader</role>
          <field-name>downloader</field-name>
        </requirement>
      </requirements>
    </mojo>
  </mojos>
  <dependencies/>
</plugin>