<plugin>
  <description>XBean is a plugin based server architecture.</description>
  <groupId>org.apache.xbean</groupId>
  <artifactId>maven-xbean-plugin</artifactId>
  <version>2.5</version>
  <goalPrefix>xbean</goalPrefix>
  <isolatedRealm>false</isolatedRealm>
  <inheritedByDefault>true</inheritedByDefault>
  <mojos>
    <mojo>
      <goal>mapping</goal>
      <description></description>
      <requiresDirectInvocation>false</requiresDirectInvocation>
      <requiresProject>true</requiresProject>
      <requiresReports>false</requiresReports>
      <aggregator>false</aggregator>
      <requiresOnline>false</requiresOnline>
      <inheritedByDefault>true</inheritedByDefault>
      <phase>generate-sources</phase>
      <implementation>org.apache.xbean.maven.XBeanMojo</implementation>
      <language>java</language>
      <instantiationStrategy>per-lookup</instantiationStrategy>
      <executionStrategy>once-per-session</executionStrategy>
      <parameters>
        <parameter>
          <name>namespace</name>
          <type>java.lang.String</type>
          <required>true</required>
          <editable>true</editable>
          <description></description>
        </parameter>
        <parameter>
          <name>outputDir</name>
          <type>java.io.File</type>
          <required>true</required>
          <editable>true</editable>
          <description></description>
        </parameter>
        <parameter>
          <name>project</name>
          <type>org.apache.maven.project.MavenProject</type>
          <required>true</required>
          <editable>true</editable>
          <description></description>
        </parameter>
        <parameter>
          <name>propertyEditorPaths</name>
          <type>java.lang.String</type>
          <required>false</required>
          <editable>true</editable>
          <description></description>
        </parameter>
        <parameter>
          <name>schema</name>
          <type>java.io.File</type>
          <required>false</required>
          <editable>true</editable>
          <description></description>
        </parameter>
        <parameter>
          <name>srcDir</name>
          <type>java.io.File</type>
          <required>true</required>
          <editable>true</editable>
          <description></description>
        </parameter>
      </parameters>
      <configuration>
        <srcDir implementation="java.io.File">${basedir}/src/main/java</srcDir>
        <outputDir implementation="java.io.File">${basedir}/target/xbean/</outputDir>
        <project implementation="org.apache.maven.project.MavenProject">${project}</project>
        <propertyEditorPaths implementation="java.lang.String">org.apache.xbean.spring.context.impl</propertyEditorPaths>
      </configuration>
    </mojo>
  </mojos>
  <dependencies/>
</plugin>