<plugin>
  <description>Maven 2 plugin for the Torque Generator</description>
  <groupId>org.apache.db.torque</groupId>
  <artifactId>torque-maven-plugin</artifactId>
  <version>3.3-RC2</version>
  <goalPrefix>torque</goalPrefix>
  <isolatedRealm>false</isolatedRealm>
  <inheritedByDefault>true</inheritedByDefault>
  <mojos>
    <mojo>
      <goal>datadump</goal>
      <description>Reads the content of tables from thh database and stores the data in XML files.</description>
      <requiresDirectInvocation>false</requiresDirectInvocation>
      <requiresProject>true</requiresProject>
      <requiresReports>false</requiresReports>
      <aggregator>false</aggregator>
      <requiresOnline>false</requiresOnline>
      <inheritedByDefault>true</inheritedByDefault>
      <phase>generate-sources</phase>
      <implementation>org.apache.torque.mojo.DataDumpMojo</implementation>
      <language>java</language>
      <instantiationStrategy>per-lookup</instantiationStrategy>
      <executionStrategy>once-per-session</executionStrategy>
      <parameters>
        <parameter>
          <name>driver</name>
          <type>java.lang.String</type>
          <required>true</required>
          <editable>true</editable>
          <description>The fully qualified class name of the database driver.</description>
        </parameter>
        <parameter>
          <name>outputDir</name>
          <type>java.lang.String</type>
          <required>false</required>
          <editable>true</editable>
          <description>The directory in which the data files will be created.</description>
        </parameter>
        <parameter>
          <name>reportFile</name>
          <type>java.lang.String</type>
          <required>false</required>
          <editable>true</editable>
          <description>The location where the report file will be generated.</description>
        </parameter>
        <parameter>
          <name>contextPropertiesPath</name>
          <type>java.lang.String</type>
          <required>false</required>
          <editable>true</editable>
          <description>The location where the context property file for velocity will be generated.</description>
        </parameter>
        <parameter>
          <name>password</name>
          <type>java.lang.String</type>
          <required>false</required>
          <editable>true</editable>
          <description>The password for the database user.</description>
        </parameter>
        <parameter>
          <name>project</name>
          <type>org.apache.maven.project.MavenProject</type>
          <required>true</required>
          <editable>false</editable>
          <description>The Maven project this plugin runs in.</description>
        </parameter>
        <parameter>
          <name>projectName</name>
          <type>java.lang.String</type>
          <required>false</required>
          <editable>true</editable>
          <description>The name of the project, used as a prefix of the names of the generated files and the name of the datadtd.</description>
        </parameter>
        <parameter>
          <name>runOnlyOnSchemaChange</name>
          <type>boolean</type>
          <required>false</required>
          <editable>true</editable>
          <description>Determines if this task should run only if the schema has changed.</description>
        </parameter>
        <parameter>
          <name>schemaDir</name>
          <type>java.lang.String</type>
          <required>true</required>
          <editable>true</editable>
          <description>The path to the directory where the schema files are located in.</description>
        </parameter>
        <parameter>
          <name>schemaExcludes</name>
          <type>java.lang.String</type>
          <required>false</required>
          <editable>true</editable>
          <description>The schema files which should be excluded in generation (in ant-style notation).</description>
        </parameter>
        <parameter>
          <name>schemaIncludes</name>
          <type>java.lang.String</type>
          <required>true</required>
          <editable>true</editable>
          <description>The schema files which should be included in generation (in ant-style notation).</description>
        </parameter>
        <parameter>
          <name>sqlDbMap</name>
          <type>java.lang.String</type>
          <required>false</required>
          <editable>true</editable>
          <description>The path to the properties file containing the mapping sql file -&gt; target database.</description>
        </parameter>
        <parameter>
          <name>targetDatabase</name>
          <type>java.lang.String</type>
          <required>true</required>
          <editable>true</editable>
          <description>The database type (e.g. mysql, oracle, ...) for the generated persistence classes,</description>
        </parameter>
        <parameter>
          <name>targetPackage</name>
          <type>java.lang.String</type>
          <required>false</required>
          <editable>true</editable>
          <description>The target package for the generated classes.</description>
        </parameter>
        <parameter>
          <name>templatePath</name>
          <type>java.lang.String</type>
          <required>false</required>
          <editable>true</editable>
          <description>The base path where the templates are read from, if they are not read from the classpath.</description>
        </parameter>
        <parameter>
          <name>url</name>
          <type>java.lang.String</type>
          <required>true</required>
          <editable>true</editable>
          <description>The connect URL of the database.</description>
        </parameter>
        <parameter>
          <name>useClasspath</name>
          <type>boolean</type>
          <required>false</required>
          <editable>true</editable>
          <description>Whether the templates should be loaded from the classpath.</description>
        </parameter>
        <parameter>
          <name>user</name>
          <type>java.lang.String</type>
          <required>true</required>
          <editable>true</editable>
          <description>The user name to connect to the database.</description>
        </parameter>
        <parameter>
          <name>userContextProperties</name>
          <type>java.util.Map</type>
          <required>false</required>
          <editable>true</editable>
          <description>A map where all user-defined context properties can be set. Overrides all other mojo configuration settings which are mapped to context properties.</description>
        </parameter>
      </parameters>
      <configuration>
        <targetPackage implementation="java.lang.String">torque.generated</targetPackage>
        <templatePath implementation="java.lang.String">${basedir}/src/main/torque/templates</templatePath>
        <contextPropertiesPath implementation="java.lang.String">${project.build.directory}/torque/context.data.properties</contextPropertiesPath>
        <sqlDbMap implementation="java.lang.String">${project.build.directory}/torque/sqldbmap.properties</sqlDbMap>
        <schemaIncludes implementation="java.lang.String">*schema.xml</schemaIncludes>
        <schemaDir implementation="java.lang.String">${basedir}/src/main/torque/schema</schemaDir>
        <runOnlyOnSchemaChange implementation="boolean">true</runOnlyOnSchemaChange>
        <useClasspath implementation="boolean">true</useClasspath>
        <outputDir implementation="java.lang.String">${project.build.directory}/data/torque</outputDir>
        <schemaExcludes implementation="java.lang.String">id-table-schema.xml</schemaExcludes>
        <reportFile implementation="java.lang.String">../../torque/report.${project.artifact.artifactId}.data.generation</reportFile>
        <project implementation="org.apache.maven.project.MavenProject">${project}</project>
        <projectName implementation="java.lang.String">torque</projectName>
      </configuration>
    </mojo>
    <mojo>
      <goal>datasql</goal>
      <description>Generates SQL for populating the database from data.xml files.</description>
      <requiresDirectInvocation>false</requiresDirectInvocation>
      <requiresProject>true</requiresProject>
      <requiresReports>false</requiresReports>
      <aggregator>false</aggregator>
      <requiresOnline>false</requiresOnline>
      <inheritedByDefault>true</inheritedByDefault>
      <phase>generate-sources</phase>
      <implementation>org.apache.torque.mojo.DataSqlMojo</implementation>
      <language>java</language>
      <instantiationStrategy>per-lookup</instantiationStrategy>
      <executionStrategy>once-per-session</executionStrategy>
      <parameters>
        <parameter>
          <name>outputDir</name>
          <type>java.lang.String</type>
          <required>false</required>
          <editable>true</editable>
          <description>The directory in which the sql will be generated.</description>
        </parameter>
        <parameter>
          <name>reportFile</name>
          <type>java.lang.String</type>
          <required>false</required>
          <editable>true</editable>
          <description>The location where the report file will be generated.</description>
        </parameter>
        <parameter>
          <name>contextPropertiesPath</name>
          <type>java.lang.String</type>
          <required>false</required>
          <editable>true</editable>
          <description>The location where the context property file for velocity will be generated.</description>
        </parameter>
        <parameter>
          <name>project</name>
          <type>org.apache.maven.project.MavenProject</type>
          <required>true</required>
          <editable>false</editable>
          <description>The Maven project this plugin runs in.</description>
        </parameter>
        <parameter>
          <name>runOnlyOnSchemaChange</name>
          <type>boolean</type>
          <required>false</required>
          <editable>true</editable>
          <description>Determines if this task should run only if the schema has changed.</description>
        </parameter>
        <parameter>
          <name>schemaDir</name>
          <type>java.lang.String</type>
          <required>true</required>
          <editable>true</editable>
          <description>The path to the directory where the schema files are located in.</description>
        </parameter>
        <parameter>
          <name>schemaExcludes</name>
          <type>java.lang.String</type>
          <required>false</required>
          <editable>true</editable>
          <description>The schema files which should be excluded in generation (in ant-style notation).</description>
        </parameter>
        <parameter>
          <name>schemaIncludes</name>
          <type>java.lang.String</type>
          <required>true</required>
          <editable>true</editable>
          <description>The schema files which should be included in generation (in ant-style notation).</description>
        </parameter>
        <parameter>
          <name>sqlDbMap</name>
          <type>java.lang.String</type>
          <required>false</required>
          <editable>true</editable>
          <description>The path to the properties file containing the mapping sql file -&gt; target database.</description>
        </parameter>
        <parameter>
          <name>targetDatabase</name>
          <type>java.lang.String</type>
          <required>true</required>
          <editable>true</editable>
          <description>The database type (e.g. mysql, oracle, ...) for the generated persistence classes,</description>
        </parameter>
        <parameter>
          <name>targetPackage</name>
          <type>java.lang.String</type>
          <required>false</required>
          <editable>true</editable>
          <description>The target package for the generated classes.</description>
        </parameter>
        <parameter>
          <name>templatePath</name>
          <type>java.lang.String</type>
          <required>false</required>
          <editable>true</editable>
          <description>The base path where the templates are read from, if they are not read from the classpath.</description>
        </parameter>
        <parameter>
          <name>useClasspath</name>
          <type>boolean</type>
          <required>false</required>
          <editable>true</editable>
          <description>Whether the templates should be loaded from the classpath.</description>
        </parameter>
        <parameter>
          <name>userContextProperties</name>
          <type>java.util.Map</type>
          <required>false</required>
          <editable>true</editable>
          <description>A map where all user-defined context properties can be set. Overrides all other mojo configuration settings which are mapped to context properties.</description>
        </parameter>
      </parameters>
      <configuration>
        <schemaExcludes implementation="java.lang.String">id-table-schema.xml</schemaExcludes>
        <outputDir implementation="java.lang.String">${project.build.directory}/generated-sql/torque</outputDir>
        <templatePath implementation="java.lang.String">${basedir}/src/main/torque/templates</templatePath>
        <targetPackage implementation="java.lang.String">torque.generated</targetPackage>
        <sqlDbMap implementation="java.lang.String">${project.build.directory}/torque/sqldbmap.properties</sqlDbMap>
        <contextPropertiesPath implementation="java.lang.String">${project.build.directory}/torque/context.datasql.properties</contextPropertiesPath>
        <reportFile implementation="java.lang.String">../../torque/report.${project.artifact.artifactId}.datasql.generation</reportFile>
        <schemaIncludes implementation="java.lang.String">*schema.xml</schemaIncludes>
        <project implementation="org.apache.maven.project.MavenProject">${project}</project>
        <schemaDir implementation="java.lang.String">${basedir}/src/main/torque/schema</schemaDir>
        <useClasspath implementation="boolean">true</useClasspath>
        <runOnlyOnSchemaChange implementation="boolean">true</runOnlyOnSchemaChange>
      </configuration>
    </mojo>
    <mojo>
      <goal>documentation</goal>
      <description>Creates html or anakia documentation for the data model from the schema.xml files.</description>
      <requiresDirectInvocation>false</requiresDirectInvocation>
      <requiresProject>true</requiresProject>
      <requiresReports>false</requiresReports>
      <aggregator>false</aggregator>
      <requiresOnline>false</requiresOnline>
      <inheritedByDefault>true</inheritedByDefault>
      <phase>generate-sources</phase>
      <implementation>org.apache.torque.mojo.DocumentationMojo</implementation>
      <language>java</language>
      <instantiationStrategy>per-lookup</instantiationStrategy>
      <executionStrategy>once-per-session</executionStrategy>
      <parameters>
        <parameter>
          <name>outputDir</name>
          <type>java.lang.String</type>
          <required>false</required>
          <editable>true</editable>
          <description>The directory in which the documentation will be generated</description>
        </parameter>
        <parameter>
          <name>reportFile</name>
          <type>java.lang.String</type>
          <required>false</required>
          <editable>true</editable>
          <description>The location where the report file will be generated.</description>
        </parameter>
        <parameter>
          <name>contextPropertiesPath</name>
          <type>java.lang.String</type>
          <required>false</required>
          <editable>true</editable>
          <description>The location where the context property file for velocity will be generated.</description>
        </parameter>
        <parameter>
          <name>outputFormat</name>
          <type>java.lang.String</type>
          <required>false</required>
          <editable>true</editable>
          <description>The format of the generated documentation. Can be either html or anakia.</description>
        </parameter>
        <parameter>
          <name>project</name>
          <type>org.apache.maven.project.MavenProject</type>
          <required>true</required>
          <editable>false</editable>
          <description>The Maven project this plugin runs in.</description>
        </parameter>
        <parameter>
          <name>runOnlyOnSchemaChange</name>
          <type>boolean</type>
          <required>false</required>
          <editable>true</editable>
          <description>Determines if this task should run only if the schema has changed.</description>
        </parameter>
        <parameter>
          <name>schemaDir</name>
          <type>java.lang.String</type>
          <required>true</required>
          <editable>true</editable>
          <description>The path to the directory where the schema files are located in.</description>
        </parameter>
        <parameter>
          <name>schemaExcludes</name>
          <type>java.lang.String</type>
          <required>false</required>
          <editable>true</editable>
          <description>The schema files which should be excluded in generation (in ant-style notation).</description>
        </parameter>
        <parameter>
          <name>schemaIncludes</name>
          <type>java.lang.String</type>
          <required>true</required>
          <editable>true</editable>
          <description>The schema files which should be included in generation (in ant-style notation).</description>
        </parameter>
        <parameter>
          <name>sqlDbMap</name>
          <type>java.lang.String</type>
          <required>false</required>
          <editable>true</editable>
          <description>The path to the properties file containing the mapping sql file -&gt; target database.</description>
        </parameter>
        <parameter>
          <name>targetDatabase</name>
          <type>java.lang.String</type>
          <required>true</required>
          <editable>true</editable>
          <description>The database type (e.g. mysql, oracle, ...) for the generated persistence classes,</description>
        </parameter>
        <parameter>
          <name>targetPackage</name>
          <type>java.lang.String</type>
          <required>false</required>
          <editable>true</editable>
          <description>The target package for the generated classes.</description>
        </parameter>
        <parameter>
          <name>templatePath</name>
          <type>java.lang.String</type>
          <required>false</required>
          <editable>true</editable>
          <description>The base path where the templates are read from, if they are not read from the classpath.</description>
        </parameter>
        <parameter>
          <name>useClasspath</name>
          <type>boolean</type>
          <required>false</required>
          <editable>true</editable>
          <description>Whether the templates should be loaded from the classpath.</description>
        </parameter>
        <parameter>
          <name>userContextProperties</name>
          <type>java.util.Map</type>
          <required>false</required>
          <editable>true</editable>
          <description>A map where all user-defined context properties can be set. Overrides all other mojo configuration settings which are mapped to context properties.</description>
        </parameter>
      </parameters>
      <configuration>
        <targetPackage implementation="java.lang.String">torque.generated</targetPackage>
        <templatePath implementation="java.lang.String">${basedir}/src/main/torque/templates</templatePath>
        <contextPropertiesPath implementation="java.lang.String">${project.build.directory}/torque/context.doc.properties</contextPropertiesPath>
        <sqlDbMap implementation="java.lang.String">${project.build.directory}/torque/sqldbmap.properties</sqlDbMap>
        <schemaIncludes implementation="java.lang.String">*schema.xml</schemaIncludes>
        <schemaDir implementation="java.lang.String">${basedir}/src/main/torque/schema</schemaDir>
        <outputFormat implementation="java.lang.String">html</outputFormat>
        <runOnlyOnSchemaChange implementation="boolean">true</runOnlyOnSchemaChange>
        <useClasspath implementation="boolean">true</useClasspath>
        <outputDir implementation="java.lang.String">${project.build.directory}/generated-docs/torque</outputDir>
        <schemaExcludes implementation="java.lang.String">id-table-schema.xml</schemaExcludes>
        <reportFile implementation="java.lang.String">../../torque/report.${project.artifact.artifactId}.doc.generation</reportFile>
        <project implementation="org.apache.maven.project.MavenProject">${project}</project>
      </configuration>
    </mojo>
    <mojo>
      <goal>om</goal>
      <description>Generates the sources for the persistence classes from the schema.xml files.</description>
      <requiresDirectInvocation>false</requiresDirectInvocation>
      <requiresProject>true</requiresProject>
      <requiresReports>false</requiresReports>
      <aggregator>false</aggregator>
      <requiresOnline>false</requiresOnline>
      <inheritedByDefault>true</inheritedByDefault>
      <phase>generate-sources</phase>
      <implementation>org.apache.torque.mojo.OMMojo</implementation>
      <language>java</language>
      <instantiationStrategy>per-lookup</instantiationStrategy>
      <executionStrategy>once-per-session</executionStrategy>
      <parameters>
        <parameter>
          <name>addGetByNameMethod</name>
          <type>boolean</type>
          <required>false</required>
          <editable>true</editable>
          <description>If true, Torque adds methods to get database fields by name/position.</description>
        </parameter>
        <parameter>
          <name>addRetrievableInterface</name>
          <type>boolean</type>
          <required>false</required>
          <editable>true</editable>
          <description>If true, the data objects will implement a Retrievable interface.</description>
        </parameter>
        <parameter>
          <name>addSaveMethod</name>
          <type>boolean</type>
          <required>false</required>
          <editable>true</editable>
          <description>Determines whether save()-Methods should be added to the data objects.</description>
        </parameter>
        <parameter>
          <name>addTimeStamp</name>
          <type>boolean</type>
          <required>false</required>
          <editable>true</editable>
          <description>Determines whether a time stamp and a serialVersionUID will be added to generated objects.</description>
        </parameter>
        <parameter>
          <name>baseOutputDir</name>
          <type>java.lang.String</type>
          <required>false</required>
          <editable>true</editable>
          <description>The directory where the sources for the base persistence classes will be generated.</description>
        </parameter>
        <parameter>
          <name>basePrefix</name>
          <type>java.lang.String</type>
          <required>false</required>
          <editable>true</editable>
          <description>The prefix for the base classes.</description>
        </parameter>
        <parameter>
          <name>baseReportFile</name>
          <type>java.lang.String</type>
          <required>false</required>
          <editable>true</editable>
          <description>The location where the report file for the base persistence classes will be generated.</description>
        </parameter>
        <parameter>
          <name>beanSuffix</name>
          <type>java.lang.String</type>
          <required>false</required>
          <editable>true</editable>
          <description>The suffix for the class name of the bean classes.</description>
        </parameter>
        <parameter>
          <name>complexObjectModel</name>
          <type>boolean</type>
          <required>false</required>
          <editable>true</editable>
          <description>If true, Torque generates data objects with collection support and methods to easily retrieve foreign key relationships.</description>
        </parameter>
        <parameter>
          <name>correctGetters</name>
          <type>boolean</type>
          <required>false</required>
          <editable>true</editable>
          <description>If true, Torque generates isXXX getter methods for boolean columns.</description>
        </parameter>
        <parameter>
          <name>outputDir</name>
          <type>java.lang.String</type>
          <required>false</required>
          <editable>true</editable>
          <description>The directory in which the sources for the non-base persistence classes will be generated.</description>
        </parameter>
        <parameter>
          <name>reportFile</name>
          <type>java.lang.String</type>
          <required>false</required>
          <editable>true</editable>
          <description>The location where the report file for the non-base persistence classes will be generated.</description>
        </parameter>
        <parameter>
          <name>contextPropertiesPath</name>
          <type>java.lang.String</type>
          <required>false</required>
          <editable>true</editable>
          <description>The location where the context property file for velocity will be generated.</description>
        </parameter>
        <parameter>
          <name>enableJava5Features</name>
          <type>boolean</type>
          <required>false</required>
          <editable>true</editable>
          <description>Whether Java5 generics and iteration shorthand should be used  in generated code.</description>
        </parameter>
        <parameter>
          <name>generateBeans</name>
          <type>boolean</type>
          <required>false</required>
          <editable>true</editable>
          <description>If true, Torque generates a bean object for each data object, plus methods to convert data objects to beans and vice versa.</description>
        </parameter>
        <parameter>
          <name>objectIsCaching</name>
          <type>boolean</type>
          <required>false</required>
          <editable>true</editable>
          <description>If true, Torque generates data objects that cache their foreign key relationships.</description>
        </parameter>
        <parameter>
          <name>project</name>
          <type>org.apache.maven.project.MavenProject</type>
          <required>true</required>
          <editable>false</editable>
          <description>The Maven project this plugin runs in.</description>
        </parameter>
        <parameter>
          <name>retrievableInterface</name>
          <type>java.lang.String</type>
          <required>false</required>
          <editable>true</editable>
          <description>The fully qualified class name of the retrievable interface to be implemented by the data objects.</description>
        </parameter>
        <parameter>
          <name>runOnlyOnSchemaChange</name>
          <type>boolean</type>
          <required>false</required>
          <editable>true</editable>
          <description>Determines if this task should run only if the schema has changed.</description>
        </parameter>
        <parameter>
          <name>saveException</name>
          <type>java.lang.String</type>
          <required>false</required>
          <editable>true</editable>
          <description>Defines which Exception should be thrown by the Object.save() method.</description>
        </parameter>
        <parameter>
          <name>schemaDir</name>
          <type>java.lang.String</type>
          <required>true</required>
          <editable>true</editable>
          <description>The path to the directory where the schema files are located in.</description>
        </parameter>
        <parameter>
          <name>schemaExcludes</name>
          <type>java.lang.String</type>
          <required>false</required>
          <editable>true</editable>
          <description>The schema files which should be excluded in generation (in ant-style notation).</description>
        </parameter>
        <parameter>
          <name>schemaIncludes</name>
          <type>java.lang.String</type>
          <required>true</required>
          <editable>true</editable>
          <description>The schema files which should be included in generation (in ant-style notation).</description>
        </parameter>
        <parameter>
          <name>silentDbFetch</name>
          <type>boolean</type>
          <required>false</required>
          <editable>true</editable>
          <description>If true and objectIsCaching is true, Torque silently fetches foreign key relation collections if the collection is not yet initialized.</description>
        </parameter>
        <parameter>
          <name>sqlDbMap</name>
          <type>java.lang.String</type>
          <required>false</required>
          <editable>true</editable>
          <description>The path to the properties file containing the mapping sql file -&gt; target database.</description>
        </parameter>
        <parameter>
          <name>subpackageBase</name>
          <type>java.lang.String</type>
          <required>false</required>
          <editable>true</editable>
          <description>The subpackage (relative to &lt;code&gt;targetPackage&lt;/code&gt;) where Torque will put the generated BaseObject, BasePeer, (and BaseManager, if they are generated at all) Java classes. If not set, the Base classes will be generated in &lt;code&gt;targetPackage&lt;/code&gt;.</description>
        </parameter>
        <parameter>
          <name>subpackageBaseBean</name>
          <type>java.lang.String</type>
          <required>false</required>
          <editable>true</editable>
          <description>The subpackage (relative to &lt;code&gt;targetPackage&lt;/code&gt;) where Torque will put the generated BaseBean Java classes, if they are generated at all.</description>
        </parameter>
        <parameter>
          <name>subpackageBean</name>
          <type>java.lang.String</type>
          <required>false</required>
          <editable>true</editable>
          <description>The subpackage (relative to &lt;code&gt;targetPackage&lt;/code&gt;) where Torque will put the generated JavaBean classes, if they are generated at all.</description>
        </parameter>
        <parameter>
          <name>subpackageManager</name>
          <type>java.lang.String</type>
          <required>false</required>
          <editable>true</editable>
          <description>The subpackage (relative to &lt;code&gt;targetPackage&lt;/code&gt;) where Torque will put the generated Java Manager classes, if they are generated at all. If not set, the Manager classes will be generated in &lt;code&gt;targetPackage&lt;/code&gt;.</description>
        </parameter>
        <parameter>
          <name>subpackageMap</name>
          <type>java.lang.String</type>
          <required>false</required>
          <editable>true</editable>
          <description>The subpackage (relative to &lt;code&gt;targetPackage&lt;/code&gt; where Torque will put the generated Java classes for the database map.</description>
        </parameter>
        <parameter>
          <name>subpackageObject</name>
          <type>java.lang.String</type>
          <required>false</required>
          <editable>true</editable>
          <description>The subpackage (relative to &lt;code&gt;targetPackage&lt;/code&gt;) where Torque will put the generated data object Java classes. If not set, the object classes will be generated in &lt;code&gt;targetPackage&lt;/code&gt;.</description>
        </parameter>
        <parameter>
          <name>subpackagePeer</name>
          <type>java.lang.String</type>
          <required>false</required>
          <editable>true</editable>
          <description>The subpackage (relative to &lt;code&gt;targetPackage&lt;/code&gt;) where Torque will put the generated Peer Java classes. If not set, the Peer classes will be generated in &lt;code&gt;targetPackage&lt;/code&gt;.</description>
        </parameter>
        <parameter>
          <name>targetDatabase</name>
          <type>java.lang.String</type>
          <required>true</required>
          <editable>true</editable>
          <description>The database type (e.g. mysql, oracle, ...) for the generated persistence classes,</description>
        </parameter>
        <parameter>
          <name>targetPackage</name>
          <type>java.lang.String</type>
          <required>false</required>
          <editable>true</editable>
          <description>The target package for the generated classes.</description>
        </parameter>
        <parameter>
          <name>templatePath</name>
          <type>java.lang.String</type>
          <required>false</required>
          <editable>true</editable>
          <description>The base path where the templates are read from, if they are not read from the classpath.</description>
        </parameter>
        <parameter>
          <name>useClasspath</name>
          <type>boolean</type>
          <required>false</required>
          <editable>true</editable>
          <description>Whether the templates should be loaded from the classpath.</description>
        </parameter>
        <parameter>
          <name>useManagers</name>
          <type>boolean</type>
          <required>false</required>
          <editable>true</editable>
          <description>If true, Torque will generate Manager classes that use JCS for caching.</description>
        </parameter>
        <parameter>
          <name>userContextProperties</name>
          <type>java.util.Map</type>
          <required>false</required>
          <editable>true</editable>
          <description>A map where all user-defined context properties can be set. Overrides all other mojo configuration settings which are mapped to context properties.</description>
        </parameter>
      </parameters>
      <configuration>
        <targetPackage implementation="java.lang.String">torque.generated</targetPackage>
        <contextPropertiesPath implementation="java.lang.String">${project.build.directory}/torque/context.om.properties</contextPropertiesPath>
        <addRetrievableInterface implementation="boolean">false</addRetrievableInterface>
        <subpackageMap implementation="java.lang.String">map</subpackageMap>
        <baseReportFile implementation="java.lang.String">../../torque/report.${project.artifact.artifactId}.om.base.generation</baseReportFile>
        <schemaIncludes implementation="java.lang.String">*schema.xml</schemaIncludes>
        <schemaDir implementation="java.lang.String">${basedir}/src/main/torque/schema</schemaDir>
        <silentDbFetch implementation="boolean">true</silentDbFetch>
        <useClasspath implementation="boolean">true</useClasspath>
        <outputDir implementation="java.lang.String">${project.build.sourceDirectory}/../generated-java</outputDir>
        <subpackageBean implementation="java.lang.String">bean</subpackageBean>
        <addTimeStamp implementation="boolean">true</addTimeStamp>
        <reportFile implementation="java.lang.String">../../../target/torque/report.${project.artifact.artifactId}.om.generation</reportFile>
        <beanSuffix implementation="java.lang.String">Bean</beanSuffix>
        <addGetByNameMethod implementation="boolean">true</addGetByNameMethod>
        <subpackageBaseBean implementation="java.lang.String">bean</subpackageBaseBean>
        <useManagers implementation="boolean">false</useManagers>
        <correctGetters implementation="boolean">false</correctGetters>
        <basePrefix implementation="java.lang.String">Base</basePrefix>
        <templatePath implementation="java.lang.String">${basedir}/src/main/torque/templates</templatePath>
        <objectIsCaching implementation="boolean">true</objectIsCaching>
        <saveException implementation="java.lang.String">Exception</saveException>
        <sqlDbMap implementation="java.lang.String">${project.build.directory}/torque/sqldbmap.properties</sqlDbMap>
        <baseOutputDir implementation="java.lang.String">${project.build.directory}/generated-sources/torque</baseOutputDir>
        <addSaveMethod implementation="boolean">true</addSaveMethod>
        <retrievableInterface implementation="java.lang.String">org.apache.turbine.om.Retrievable</retrievableInterface>
        <runOnlyOnSchemaChange implementation="boolean">true</runOnlyOnSchemaChange>
        <schemaExcludes implementation="java.lang.String">id-table-schema.xml</schemaExcludes>
        <generateBeans implementation="boolean">false</generateBeans>
        <complexObjectModel implementation="boolean">true</complexObjectModel>
        <project implementation="org.apache.maven.project.MavenProject">${project}</project>
        <enableJava5Features implementation="boolean">false</enableJava5Features>
      </configuration>
    </mojo>
    <mojo>
      <goal>sqlExec</goal>
      <description>Executes the generated SQL.</description>
      <requiresDirectInvocation>false</requiresDirectInvocation>
      <requiresProject>true</requiresProject>
      <requiresReports>false</requiresReports>
      <aggregator>false</aggregator>
      <requiresOnline>false</requiresOnline>
      <inheritedByDefault>true</inheritedByDefault>
      <phase>generate-sources</phase>
      <implementation>org.apache.torque.mojo.SqlExecMojo</implementation>
      <language>java</language>
      <instantiationStrategy>per-lookup</instantiationStrategy>
      <executionStrategy>once-per-session</executionStrategy>
      <parameters>
        <parameter>
          <name>autocommit</name>
          <type>boolean</type>
          <required>false</required>
          <editable>true</editable>
          <description>Autocommit flag. Default value is true.</description>
        </parameter>
        <parameter>
          <name>delimiter</name>
          <type>java.lang.String</type>
          <required>false</required>
          <editable>true</editable>
          <description>The SQL Statement delimiter.</description>
        </parameter>
        <parameter>
          <name>driver</name>
          <type>java.lang.String</type>
          <required>true</required>
          <editable>true</editable>
          <description>The fully qualified class name of the database driver.</description>
        </parameter>
        <parameter>
          <name>onError</name>
          <type>java.lang.String</type>
          <required>true</required>
          <editable>true</editable>
          <description>Tells the Mojo what to do if an sql error occurs during execution. Can be either &quot;continue&quot;, &quot;stop&quot; or &quot;abort&quot;.</description>
        </parameter>
        <parameter>
          <name>password</name>
          <type>java.lang.String</type>
          <required>false</required>
          <editable>true</editable>
          <description>The password for the database user.</description>
        </parameter>
        <parameter>
          <name>sqlDbMap</name>
          <type>java.lang.String</type>
          <required>false</required>
          <editable>true</editable>
          <description>The path to the properties file containing the mapping sql file -&gt; target database.</description>
        </parameter>
        <parameter>
          <name>srcDir</name>
          <type>java.lang.String</type>
          <required>false</required>
          <editable>true</editable>
          <description>The source directory where to find the SQL files.</description>
        </parameter>
        <parameter>
          <name>url</name>
          <type>java.lang.String</type>
          <required>true</required>
          <editable>true</editable>
          <description>The connect URL of the database.</description>
        </parameter>
        <parameter>
          <name>user</name>
          <type>java.lang.String</type>
          <required>true</required>
          <editable>true</editable>
          <description>The user name to connect to the database.</description>
        </parameter>
      </parameters>
      <configuration>
        <srcDir implementation="java.lang.String">${project.build.directory}/generated-sql/torque</srcDir>
        <delimiter implementation="java.lang.String">;</delimiter>
        <sqlDbMap implementation="java.lang.String">${project.build.directory}/torque/sqldbmap.properties</sqlDbMap>
        <autocommit implementation="boolean">true</autocommit>
        <onError implementation="java.lang.String">continue</onError>
      </configuration>
    </mojo>
    <mojo>
      <goal>sql</goal>
      <description>Generates SQL for creating the database from the schema.xml files.</description>
      <requiresDirectInvocation>false</requiresDirectInvocation>
      <requiresProject>true</requiresProject>
      <requiresReports>false</requiresReports>
      <aggregator>false</aggregator>
      <requiresOnline>false</requiresOnline>
      <inheritedByDefault>true</inheritedByDefault>
      <phase>generate-sources</phase>
      <implementation>org.apache.torque.mojo.SqlMojo</implementation>
      <language>java</language>
      <instantiationStrategy>per-lookup</instantiationStrategy>
      <executionStrategy>once-per-session</executionStrategy>
      <parameters>
        <parameter>
          <name>outputDir</name>
          <type>java.lang.String</type>
          <required>false</required>
          <editable>true</editable>
          <description>The directory in which the SQL will be generated.</description>
        </parameter>
        <parameter>
          <name>reportFile</name>
          <type>java.lang.String</type>
          <required>false</required>
          <editable>true</editable>
          <description>The location where the report file will be generated.</description>
        </parameter>
        <parameter>
          <name>contextPropertiesPath</name>
          <type>java.lang.String</type>
          <required>false</required>
          <editable>true</editable>
          <description>The location where the context property file for velocity will be generated.</description>
        </parameter>
        <parameter>
          <name>idTableXmlFile</name>
          <type>java.lang.String</type>
          <required>false</required>
          <editable>true</editable>
          <description>The path to the xml schema file that defines the id-table, used by the idbroker method.</description>
        </parameter>
        <parameter>
          <name>project</name>
          <type>org.apache.maven.project.MavenProject</type>
          <required>true</required>
          <editable>false</editable>
          <description>The Maven project this plugin runs in.</description>
        </parameter>
        <parameter>
          <name>runOnlyOnSchemaChange</name>
          <type>boolean</type>
          <required>false</required>
          <editable>true</editable>
          <description>Determines if this task should run only if the schema has changed.</description>
        </parameter>
        <parameter>
          <name>schemaDir</name>
          <type>java.lang.String</type>
          <required>true</required>
          <editable>true</editable>
          <description>The path to the directory where the schema files are located in.</description>
        </parameter>
        <parameter>
          <name>schemaExcludes</name>
          <type>java.lang.String</type>
          <required>false</required>
          <editable>true</editable>
          <description>The schema files which should be excluded in generation (in ant-style notation).</description>
        </parameter>
        <parameter>
          <name>schemaIncludes</name>
          <type>java.lang.String</type>
          <required>true</required>
          <editable>true</editable>
          <description>The schema files which should be included in generation (in ant-style notation).</description>
        </parameter>
        <parameter>
          <name>sqlDbMap</name>
          <type>java.lang.String</type>
          <required>false</required>
          <editable>true</editable>
          <description>The path to the properties file containing the mapping sql file -&gt; target database.</description>
        </parameter>
        <parameter>
          <name>suffix</name>
          <type>java.lang.String</type>
          <required>false</required>
          <editable>true</editable>
          <description>The suffix of the generated sql files.</description>
        </parameter>
        <parameter>
          <name>targetDatabase</name>
          <type>java.lang.String</type>
          <required>true</required>
          <editable>true</editable>
          <description>The database type (e.g. mysql, oracle, ...) for the generated persistence classes,</description>
        </parameter>
        <parameter>
          <name>targetPackage</name>
          <type>java.lang.String</type>
          <required>false</required>
          <editable>true</editable>
          <description>The target package for the generated classes.</description>
        </parameter>
        <parameter>
          <name>templatePath</name>
          <type>java.lang.String</type>
          <required>false</required>
          <editable>true</editable>
          <description>The base path where the templates are read from, if they are not read from the classpath.</description>
        </parameter>
        <parameter>
          <name>useClasspath</name>
          <type>boolean</type>
          <required>false</required>
          <editable>true</editable>
          <description>Whether the templates should be loaded from the classpath.</description>
        </parameter>
        <parameter>
          <name>userContextProperties</name>
          <type>java.util.Map</type>
          <required>false</required>
          <editable>true</editable>
          <description>A map where all user-defined context properties can be set. Overrides all other mojo configuration settings which are mapped to context properties.</description>
        </parameter>
      </parameters>
      <configuration>
        <schemaExcludes implementation="java.lang.String">id-table-schema.xml</schemaExcludes>
        <outputDir implementation="java.lang.String">${project.build.directory}/generated-sql/torque</outputDir>
        <templatePath implementation="java.lang.String">${basedir}/src/main/torque/templates</templatePath>
        <targetPackage implementation="java.lang.String">torque.generated</targetPackage>
        <sqlDbMap implementation="java.lang.String">${project.build.directory}/torque/sqldbmap.properties</sqlDbMap>
        <contextPropertiesPath implementation="java.lang.String">${project.build.directory}/torque/context.sql.properties</contextPropertiesPath>
        <reportFile implementation="java.lang.String">../../torque/report.${project.artifact.artifactId}.sql.generation</reportFile>
        <schemaIncludes implementation="java.lang.String">*schema.xml</schemaIncludes>
        <project implementation="org.apache.maven.project.MavenProject">${project}</project>
        <schemaDir implementation="java.lang.String">${basedir}/src/main/torque/schema</schemaDir>
        <useClasspath implementation="boolean">true</useClasspath>
        <runOnlyOnSchemaChange implementation="boolean">true</runOnlyOnSchemaChange>
      </configuration>
    </mojo>
  </mojos>
  <dependencies/>
</plugin>