<plugin>
  <description>Maven Fortress Plugin</description>
  <groupId>org.apache.excalibur.fortress.meta</groupId>
  <artifactId>maven-fortress-plugin</artifactId>
  <version>1.3.1</version>
  <goalPrefix>fortress</goalPrefix>
  <isolatedRealm>false</isolatedRealm>
  <inheritedByDefault>true</inheritedByDefault>
  <mojos>
    <mojo>
      <goal>collect-metainfo</goal>
      <description>The Maven-2 plugin to extract Fortress meta-data from Java sources.</description>
      <requiresDirectInvocation>false</requiresDirectInvocation>
      <requiresProject>true</requiresProject>
      <requiresReports>false</requiresReports>
      <aggregator>false</aggregator>
      <requiresOnline>false</requiresOnline>
      <inheritedByDefault>true</inheritedByDefault>
      <phase>compile</phase>
      <implementation>org.apache.avalon.fortress.tools.ComponentMetaMavenMojo</implementation>
      <language>java</language>
      <instantiationStrategy>per-lookup</instantiationStrategy>
      <executionStrategy>once-per-session</executionStrategy>
      <parameters>
        <parameter>
          <name>baseDir</name>
          <type>java.lang.String</type>
          <required>false</required>
          <editable>true</editable>
          <description>If filesets are not defined, a default one is created using this directory</description>
        </parameter>
        <parameter>
          <name>defaultIncludes</name>
          <type>java.lang.String</type>
          <required>false</required>
          <editable>true</editable>
          <description>If filesets are not defined, a default one is created using this inclusion pattern</description>
        </parameter>
        <parameter>
          <name>destDir</name>
          <type>java.io.File</type>
          <required>false</required>
          <editable>true</editable>
          <description>The directory where the generated directories and files are placed</description>
        </parameter>
        <parameter>
          <name>filesets</name>
          <type>org.apache.maven.model.FileSet[]</type>
          <required>false</required>
          <editable>true</editable>
          <description>Define the set of directory and file name inclusion/exclusion patterns. If ommitted,
a default fileset is constructed using the baseDir and defaultIncludes configuration</description>
        </parameter>
      </parameters>
      <configuration>
        <baseDir implementation="java.lang.String">${basedir}</baseDir>
        <defaultIncludes implementation="java.lang.String">**/*.java</defaultIncludes>
        <destDir implementation="java.io.File">${project.build.outputDirectory}</destDir>
      </configuration>
    </mojo>
  </mojos>
  <dependencies/>
</plugin>