<plugin>
  <description>XBean is a plugin based server architecture.</description>
  <groupId>org.apache.xbean</groupId>
  <artifactId>maven-xbean-plugin</artifactId>
  <version>3.0.1</version>
  <goalPrefix>xbean</goalPrefix>
  <isolatedRealm>false</isolatedRealm>
  <inheritedByDefault>true</inheritedByDefault>
  <mojos>
    <mojo>
      <goal>mapping</goal>
      <description></description>
      <requiresDependencyResolution>compile</requiresDependencyResolution>
      <requiresDirectInvocation>false</requiresDirectInvocation>
      <requiresProject>true</requiresProject>
      <requiresReports>false</requiresReports>
      <aggregator>false</aggregator>
      <requiresOnline>false</requiresOnline>
      <inheritedByDefault>true</inheritedByDefault>
      <phase>generate-sources</phase>
      <implementation>org.apache.xbean.maven.XBeanMojo</implementation>
      <language>java</language>
      <instantiationStrategy>per-lookup</instantiationStrategy>
      <executionStrategy>once-per-session</executionStrategy>
      <parameters>
        <parameter>
          <name>excludedClasses</name>
          <type>java.lang.String</type>
          <required>false</required>
          <editable>true</editable>
          <description></description>
        </parameter>
        <parameter>
          <name>generatorPlugins</name>
          <type>java.util.List</type>
          <required>false</required>
          <editable>true</editable>
          <description>A list of additional GeneratorPlugins that should get used executed
when generating output.</description>
        </parameter>
        <parameter>
          <name>namespace</name>
          <type>java.lang.String</type>
          <required>true</required>
          <editable>true</editable>
          <description></description>
        </parameter>
        <parameter>
          <name>outputDir</name>
          <type>java.io.File</type>
          <required>true</required>
          <editable>true</editable>
          <description></description>
        </parameter>
        <parameter>
          <name>project</name>
          <type>org.apache.maven.project.MavenProject</type>
          <required>true</required>
          <editable>true</editable>
          <description></description>
        </parameter>
        <parameter>
          <name>propertyEditorPaths</name>
          <type>java.lang.String</type>
          <required>false</required>
          <editable>true</editable>
          <description></description>
        </parameter>
        <parameter>
          <name>schema</name>
          <type>java.io.File</type>
          <required>false</required>
          <editable>true</editable>
          <description></description>
        </parameter>
        <parameter>
          <name>schemaAsArtifact</name>
          <type>boolean</type>
          <required>false</required>
          <editable>true</editable>
          <description></description>
        </parameter>
        <parameter>
          <name>srcDir</name>
          <type>java.io.File</type>
          <required>true</required>
          <editable>true</editable>
          <description></description>
        </parameter>
      </parameters>
      <configuration>
        <outputDir implementation="java.io.File">${basedir}/target/xbean/</outputDir>
        <propertyEditorPaths implementation="java.lang.String">org.apache.xbean.spring.context.impl</propertyEditorPaths>
        <project implementation="org.apache.maven.project.MavenProject">${project}</project>
        <srcDir implementation="java.io.File">${basedir}/src/main/java</srcDir>
      </configuration>
      <requirements>
        <requirement>
          <role>org.apache.maven.project.MavenProjectHelper</role>
          <field-name>projectHelper</field-name>
        </requirement>
      </requirements>
    </mojo>
  </mojos>
  <dependencies>
    <dependency>
      <groupId>org.apache.maven.wagon</groupId>
      <artifactId>wagon-provider-api</artifactId>
      <type>jar</type>
      <version>1.0-alpha-5</version>
    </dependency>
    <dependency>
      <groupId>org.codehaus.plexus</groupId>
      <artifactId>plexus-utils</artifactId>
      <type>jar</type>
      <version>1.1</version>
    </dependency>
    <dependency>
      <groupId>org.apache.maven</groupId>
      <artifactId>maven-artifact</artifactId>
      <type>jar</type>
      <version>2.0</version>
    </dependency>
    <dependency>
      <groupId>org.apache.maven</groupId>
      <artifactId>maven-artifact-manager</artifactId>
      <type>jar</type>
      <version>2.0</version>
    </dependency>
    <dependency>
      <groupId>org.apache.maven</groupId>
      <artifactId>maven-repository-metadata</artifactId>
      <type>jar</type>
      <version>2.0</version>
    </dependency>
    <dependency>
      <groupId>ant</groupId>
      <artifactId>ant</artifactId>
      <type>jar</type>
      <version>1.6.2</version>
    </dependency>
    <dependency>
      <groupId>org.codehaus.plexus</groupId>
      <artifactId>plexus-archiver</artifactId>
      <type>jar</type>
      <version>1.0-alpha-5</version>
    </dependency>
    <dependency>
      <groupId>org.apache.maven</groupId>
      <artifactId>maven-archiver</artifactId>
      <type>jar</type>
      <version>2.0</version>
    </dependency>
    <dependency>
      <groupId>org.apache.maven</groupId>
      <artifactId>maven-project</artifactId>
      <type>jar</type>
      <version>2.0</version>
    </dependency>
    <dependency>
      <groupId>org.apache.maven</groupId>
      <artifactId>maven-plugin-api</artifactId>
      <type>jar</type>
      <version>2.0</version>
    </dependency>
    <dependency>
      <groupId>org.apache.maven</groupId>
      <artifactId>maven-model</artifactId>
      <type>jar</type>
      <version>2.0</version>
    </dependency>
    <dependency>
      <groupId>commons-logging</groupId>
      <artifactId>commons-logging</artifactId>
      <type>jar</type>
      <version>1.0.3</version>
    </dependency>
    <dependency>
      <groupId>org.apache.maven</groupId>
      <artifactId>maven-profile</artifactId>
      <type>jar</type>
      <version>2.0</version>
    </dependency>
    <dependency>
      <groupId>org.codehaus.plexus</groupId>
      <artifactId>plexus-container-default</artifactId>
      <type>jar</type>
      <version>1.0-alpha-8</version>
    </dependency>
    <dependency>
      <groupId>classworlds</groupId>
      <artifactId>classworlds</artifactId>
      <type>jar</type>
      <version>1.1-alpha-2</version>
    </dependency>
    <dependency>
      <groupId>qdox</groupId>
      <artifactId>qdox</artifactId>
      <type>jar</type>
      <version>1.6.1</version>
    </dependency>
    <dependency>
      <groupId>org.springframework</groupId>
      <artifactId>spring</artifactId>
      <type>jar</type>
      <version>2.0.3</version>
    </dependency>
    <dependency>
      <groupId>org.apache.xbean</groupId>
      <artifactId>xbean-spring</artifactId>
      <type>jar</type>
      <version>3.0.1</version>
    </dependency>
  </dependencies>
</plugin>