<plugin>
  <description></description>
  <groupId>org.codehaus.xsite</groupId>
  <artifactId>xsite-maven-plugin</artifactId>
  <version>1.0-beta-1</version>
  <goalPrefix>xsite</goalPrefix>
  <isolatedRealm>false</isolatedRealm>
  <inheritedByDefault>true</inheritedByDefault>
  <mojos>
    <mojo>
      <goal>run</goal>
      <description>Mojo to run XSite via Main CLI</description>
      <requiresDirectInvocation>false</requiresDirectInvocation>
      <requiresProject>true</requiresProject>
      <requiresReports>false</requiresReports>
      <aggregator>false</aggregator>
      <requiresOnline>false</requiresOnline>
      <inheritedByDefault>true</inheritedByDefault>
      <implementation>org.codehaus.xsite.mojo.XSiteRunMojo</implementation>
      <language>java</language>
      <instantiationStrategy>per-lookup</instantiationStrategy>
      <executionStrategy>once-per-session</executionStrategy>
      <parameters>
        <parameter>
          <name>outputDirectoryPath</name>
          <type>java.lang.String</type>
          <required>true</required>
          <editable>true</editable>
          <description></description>
        </parameter>
        <parameter>
          <name>siteMapPath</name>
          <type>java.lang.String</type>
          <required>true</required>
          <editable>true</editable>
          <description></description>
        </parameter>
        <parameter>
          <name>skinPath</name>
          <type>java.lang.String</type>
          <required>true</required>
          <editable>true</editable>
          <description></description>
        </parameter>
      </parameters>
    </mojo>
  </mojos>
  <dependencies>
    <dependency>
      <groupId>aopalliance</groupId>
      <artifactId>aopalliance</artifactId>
      <type>jar</type>
      <version>1.0</version>
    </dependency>
    <dependency>
      <groupId>cglib</groupId>
      <artifactId>cglib-asm</artifactId>
      <type>jar</type>
      <version>1.0</version>
    </dependency>
    <dependency>
      <groupId>xstream</groupId>
      <artifactId>xstream</artifactId>
      <type>jar</type>
      <version>1.1.3</version>
    </dependency>
    <dependency>
      <groupId>xerces</groupId>
      <artifactId>xerces</artifactId>
      <type>jar</type>
      <version>2.4.0</version>
    </dependency>
    <dependency>
      <groupId>cglib</groupId>
      <artifactId>cglib-nodep</artifactId>
      <type>jar</type>
      <version>2.1_2</version>
    </dependency>
    <dependency>
      <groupId>commons-logging</groupId>
      <artifactId>commons-logging</artifactId>
      <type>jar</type>
      <version>1.0.4</version>
    </dependency>
    <dependency>
      <groupId>freemarker</groupId>
      <artifactId>freemarker</artifactId>
      <type>jar</type>
      <version>2.3.3</version>
    </dependency>
    <dependency>
      <groupId>dynaop</groupId>
      <artifactId>dynaop</artifactId>
      <type>jar</type>
      <version>1.0-beta</version>
    </dependency>
    <dependency>
      <groupId>org.picocontainer</groupId>
      <artifactId>picocontainer</artifactId>
      <type>jar</type>
      <version>1.2</version>
    </dependency>
    <dependency>
      <groupId>opensymphony</groupId>
      <artifactId>sitemesh</artifactId>
      <type>jar</type>
      <version>20051115</version>
    </dependency>
    <dependency>
      <groupId>asm</groupId>
      <artifactId>asm</artifactId>
      <type>jar</type>
      <version>2.1</version>
    </dependency>
    <dependency>
      <groupId>oro</groupId>
      <artifactId>oro</artifactId>
      <type>jar</type>
      <version>2.0.8</version>
    </dependency>
    <dependency>
      <groupId>org.codehaus.xsite</groupId>
      <artifactId>xsite</artifactId>
      <type>jar</type>
      <version>1.0-beta-1</version>
    </dependency>
    <dependency>
      <groupId>org.nanocontainer</groupId>
      <artifactId>nanocontainer</artifactId>
      <type>jar</type>
      <version>1.0</version>
    </dependency>
    <dependency>
      <groupId>xpp3</groupId>
      <artifactId>xpp3_min</artifactId>
      <type>jar</type>
      <version>1.1.3.4.O</version>
    </dependency>
    <dependency>
      <groupId>org.apache.maven</groupId>
      <artifactId>maven-plugin-api</artifactId>
      <type>jar</type>
      <version>2.0</version>
    </dependency>
  </dependencies>
</plugin>