<plugin>
  <description>A Maven 2 plugin for creating WSDL files from Java source.</description>
  <groupId>org.apache.axis2</groupId>
  <artifactId>axis2-java2wsdl-maven-plugin</artifactId>
  <version>1.3</version>
  <goalPrefix>axis2-java2wsdl</goalPrefix>
  <isolatedRealm>false</isolatedRealm>
  <inheritedByDefault>true</inheritedByDefault>
  <mojos>
    <mojo>
      <goal>java2wsdl</goal>
      <description>Takes a Java class as input and converts it into an equivalent
WSDL file.</description>
      <requiresDependencyResolution>compile</requiresDependencyResolution>
      <requiresDirectInvocation>false</requiresDirectInvocation>
      <requiresProject>true</requiresProject>
      <requiresReports>false</requiresReports>
      <aggregator>false</aggregator>
      <requiresOnline>false</requiresOnline>
      <inheritedByDefault>true</inheritedByDefault>
      <phase>process-classes</phase>
      <implementation>org.apache.axis2.maven2.java2wsdl.Java2WSDLMojo</implementation>
      <language>java</language>
      <instantiationStrategy>per-lookup</instantiationStrategy>
      <executionStrategy>once-per-session</executionStrategy>
      <parameters>
        <parameter>
          <name>attrFormDefault</name>
          <type>java.lang.String</type>
          <required>false</required>
          <editable>true</editable>
          <description>attrFormDefault setting for the schema</description>
        </parameter>
        <parameter>
          <name>className</name>
          <type>java.lang.String</type>
          <required>true</required>
          <editable>true</editable>
          <description>Fully qualified name of the class, which is being inspected.</description>
        </parameter>
        <parameter>
          <name>docLitBare</name>
          <type>java.lang.String</type>
          <required>false</required>
          <editable>true</editable>
          <description>Switch on the Doc/Lit/Bare style schema</description>
        </parameter>
        <parameter>
          <name>elementFormDefault</name>
          <type>java.lang.String</type>
          <required>false</required>
          <editable>true</editable>
          <description>elementFormDefault setting for the schema</description>
        </parameter>
        <parameter>
          <name>extraClasses</name>
          <type>java.lang.String[]</type>
          <required>false</required>
          <editable>true</editable>
          <description>Additional classes for which we need to generate schema</description>
        </parameter>
        <parameter>
          <name>locationUri</name>
          <type>java.lang.String</type>
          <required>false</required>
          <editable>true</editable>
          <description>Location URI in the wsdl</description>
        </parameter>
        <parameter>
          <name>nsGenClassName</name>
          <type>java.lang.String</type>
          <required>false</required>
          <editable>true</editable>
          <description>Namespace Generator</description>
        </parameter>
        <parameter>
          <name>outputFileName</name>
          <type>java.lang.String</type>
          <required>false</required>
          <editable>true</editable>
          <description>Name of the service file, which is being generated.</description>
        </parameter>
        <parameter>
          <name>package2Namespace</name>
          <type>java.util.Properties</type>
          <required>false</required>
          <editable>true</editable>
          <description>Specify namespaces explicitly for packages</description>
        </parameter>
        <parameter>
          <name>project</name>
          <type>org.apache.maven.project.MavenProject</type>
          <required>true</required>
          <editable>true</editable>
          <description>The maven project.</description>
        </parameter>
        <parameter>
          <name>schemaGenClassName</name>
          <type>java.lang.String</type>
          <required>false</required>
          <editable>true</editable>
          <description>Schema Generator</description>
        </parameter>
        <parameter>
          <name>schemaTargetNamespace</name>
          <type>java.lang.String</type>
          <required>false</required>
          <editable>true</editable>
          <description>The generated schemas target namespace.</description>
        </parameter>
        <parameter>
          <name>schemaTargetNamespacePrefix</name>
          <type>java.lang.String</type>
          <required>false</required>
          <editable>true</editable>
          <description>The generated schemas target namespace prefix.</description>
        </parameter>
        <parameter>
          <name>serviceName</name>
          <type>java.lang.String</type>
          <required>false</required>
          <editable>true</editable>
          <description>Name of the generated service.</description>
        </parameter>
        <parameter>
          <name>style</name>
          <type>java.lang.String</type>
          <required>false</required>
          <editable>true</editable>
          <description>Style for the wsdl</description>
        </parameter>
        <parameter>
          <name>targetNamespace</name>
          <type>java.lang.String</type>
          <required>false</required>
          <editable>true</editable>
          <description>Target namespace of the generated WSDL.</description>
        </parameter>
        <parameter>
          <name>targetNamespacePrefix</name>
          <type>java.lang.String</type>
          <required>false</required>
          <editable>true</editable>
          <description>The namespace prefix, which is being used for the WSDL&apos;s
target namespace.</description>
        </parameter>
        <parameter>
          <name>use</name>
          <type>java.lang.String</type>
          <required>false</required>
          <editable>true</editable>
          <description>Use for the wsdl</description>
        </parameter>
        <parameter>
          <name>wsdlVersion</name>
          <type>java.lang.String</type>
          <required>false</required>
          <editable>true</editable>
          <description>Version for the wsdl</description>
        </parameter>
      </parameters>
      <configuration>
        <package2Namespace implementation="java.util.Properties">${axis2.java2wsdl.package2Namespace}</package2Namespace>
        <use implementation="java.lang.String">${axis2.java2wsdl.use}</use>
        <extraClasses implementation="java.lang.String[]">${axis2.java2wsdl.extraClasses}</extraClasses>
        <nsGenClassName implementation="java.lang.String">${axis2.java2wsdl.nsGenClassName}</nsGenClassName>
        <schemaTargetNamespacePrefix implementation="java.lang.String">${axis2.java2wsdl.schemaTargetNamespacePrefix}</schemaTargetNamespacePrefix>
        <className implementation="java.lang.String">${axis2.java2wsdl.className}</className>
        <locationUri implementation="java.lang.String">${axis2.java2wsdl.locationUri}</locationUri>
        <schemaGenClassName implementation="java.lang.String">${axis2.java2wsdl.nsGenClassName}</schemaGenClassName>
        <targetNamespacePrefix implementation="java.lang.String">${axis2.java2wsdl.targetNamespacePrefix}</targetNamespacePrefix>
        <attrFormDefault implementation="java.lang.String">${axis2.java2wsdl.attrFormDefault}</attrFormDefault>
        <elementFormDefault implementation="java.lang.String">${axis2.java2wsdl.elementFormDefault}</elementFormDefault>
        <wsdlVersion implementation="java.lang.String">${axis2.java2wsdl.wsdlVersion}</wsdlVersion>
        <targetNamespace implementation="java.lang.String">${axis2.java2wsdl.targetNamespace}</targetNamespace>
        <schemaTargetNamespace implementation="java.lang.String">${axis2.java2wsdl.schemaTargetNamespace}</schemaTargetNamespace>
        <serviceName implementation="java.lang.String">${axis2.java2wsdl.serviceName}</serviceName>
        <style implementation="java.lang.String">${axis2.java2wsdl.style}</style>
        <outputFileName implementation="java.lang.String" default-value="${project.build.directory}/generated-resources/service.wsdl">${axis2.java2wsdl.outputFileName}</outputFileName>
        <project implementation="org.apache.maven.project.MavenProject">${project}</project>
        <docLitBare implementation="java.lang.String">${axis2.java2wsdl.docLitBare}</docLitBare>
      </configuration>
    </mojo>
  </mojos>
  <dependencies/>
</plugin>