<plugin>
  <description>A Maven 2 plugin for creating WSDL files from Java source.</description>
  <groupId>org.apache.axis2</groupId>
  <artifactId>axis2-java2wsdl-maven-plugin</artifactId>
  <version>1.2</version>
  <goalPrefix>axis2-java2wsdl</goalPrefix>
  <isolatedRealm>false</isolatedRealm>
  <inheritedByDefault>true</inheritedByDefault>
  <mojos>
    <mojo>
      <goal>java2wsdl</goal>
      <description>Takes a Java class as input and converts it into an equivalent
WSDL file.</description>
      <requiresDependencyResolution>compile</requiresDependencyResolution>
      <requiresDirectInvocation>false</requiresDirectInvocation>
      <requiresProject>true</requiresProject>
      <requiresReports>false</requiresReports>
      <aggregator>false</aggregator>
      <requiresOnline>false</requiresOnline>
      <inheritedByDefault>true</inheritedByDefault>
      <phase>process-classes</phase>
      <implementation>org.apache.axis2.maven2.java2wsdl.Java2WSDLMojo</implementation>
      <language>java</language>
      <instantiationStrategy>per-lookup</instantiationStrategy>
      <executionStrategy>once-per-session</executionStrategy>
      <parameters>
        <parameter>
          <name>className</name>
          <type>java.lang.String</type>
          <required>true</required>
          <editable>true</editable>
          <description>Fully qualified name of the class, which is being inspected.</description>
        </parameter>
        <parameter>
          <name>outputFileName</name>
          <type>java.lang.String</type>
          <required>false</required>
          <editable>true</editable>
          <description>Name of the service file, which is being generated.</description>
        </parameter>
        <parameter>
          <name>project</name>
          <type>org.apache.maven.project.MavenProject</type>
          <required>true</required>
          <editable>true</editable>
          <description>The maven project.</description>
        </parameter>
        <parameter>
          <name>schemaTargetNamespace</name>
          <type>java.lang.String</type>
          <required>false</required>
          <editable>true</editable>
          <description>The generated schemas target namespace.</description>
        </parameter>
        <parameter>
          <name>schemaTargetNamespacePrefix</name>
          <type>java.lang.String</type>
          <required>false</required>
          <editable>true</editable>
          <description>The generated schemas target namespace prefix.</description>
        </parameter>
        <parameter>
          <name>serviceName</name>
          <type>java.lang.String</type>
          <required>false</required>
          <editable>true</editable>
          <description>Name of the generated service.</description>
        </parameter>
        <parameter>
          <name>targetNamespace</name>
          <type>java.lang.String</type>
          <required>false</required>
          <editable>true</editable>
          <description>Target namespace of the generated WSDL.</description>
        </parameter>
        <parameter>
          <name>targetNamespacePrefix</name>
          <type>java.lang.String</type>
          <required>false</required>
          <editable>true</editable>
          <description>The namespace prefix, which is being used for the WSDL&apos;s
target namespace.</description>
        </parameter>
      </parameters>
      <configuration>
        <targetNamespace implementation="java.lang.String">${axis2.java2wsdl.targetNamespace}</targetNamespace>
        <schemaTargetNamespace implementation="java.lang.String">${axis2.java2wsdl.schemaTargetNamespace}</schemaTargetNamespace>
        <serviceName implementation="java.lang.String">${axis2.java2wsdl.serviceName}</serviceName>
        <schemaTargetNamespacePrefix implementation="java.lang.String">${axis2.java2wsdl.schemaTargetNamespacePrefix}</schemaTargetNamespacePrefix>
        <project implementation="org.apache.maven.project.MavenProject">${project}</project>
        <outputFileName implementation="java.lang.String" default-value="${project.build.outputDirectory}/generated-resources/java2wsdl/service.xml">${axis2.java2wsdl.outputFileName}</outputFileName>
        <className implementation="java.lang.String">${axis2.java2wsdl.className}</className>
        <targetNamespacePrefix implementation="java.lang.String">${axis2.java2wsdl.targetNamespacePrefix}</targetNamespacePrefix>
      </configuration>
    </mojo>
  </mojos>
  <dependencies/>
</plugin>