<plugin>
  <description>M2 plugin for jsp tag libraries developers for the generation, documentation and testing of jsp tag libraries.</description>
  <groupId>net.sourceforge.maven-taglib</groupId>
  <artifactId>maven-taglib-plugin</artifactId>
  <version>2.3</version>
  <goalPrefix>taglib</goalPrefix>
  <isolatedRealm>false</isolatedRealm>
  <inheritedByDefault>true</inheritedByDefault>
  <mojos>
    <mojo>
      <goal>taglibdocjar</goal>
      <description>Generates a jar containing the tlddoc generated documentation. The generated jar is installed/deployed to the repository if install/deploy is executed after this goal.</description>
      <requiresDirectInvocation>false</requiresDirectInvocation>
      <requiresProject>true</requiresProject>
      <requiresReports>false</requiresReports>
      <aggregator>false</aggregator>
      <requiresOnline>false</requiresOnline>
      <inheritedByDefault>true</inheritedByDefault>
      <phase>package</phase>
      <executeGoal>taglibdoc</executeGoal>
      <implementation>net.sf.maventaglib.TaglibdocJar</implementation>
      <language>java</language>
      <instantiationStrategy>per-lookup</instantiationStrategy>
      <executionStrategy>once-per-session</executionStrategy>
      <parameters>
        <parameter>
          <name>attach</name>
          <type>boolean</type>
          <required>false</required>
          <editable>true</editable>
          <description>Attach the generated jar to the main artifact. Set this to false if you don&apos;t want the taglibdoc jar deployed to the repository.</description>
        </parameter>
        <parameter>
          <name>project</name>
          <type>org.apache.maven.project.MavenProject</type>
          <required>true</required>
          <editable>false</editable>
          <description>Maven project.</description>
        </parameter>
        <parameter>
          <name>tldDocDir</name>
          <type>java.io.File</type>
          <required>false</required>
          <editable>true</editable>
          <description>TldDoc output dir.</description>
        </parameter>
        <parameter>
          <name>tlddocJar</name>
          <type>java.io.File</type>
          <required>true</required>
          <editable>true</editable>
          <description>Generated jar name/location.</description>
        </parameter>
      </parameters>
      <configuration>
        <tlddocJar implementation="java.io.File">${project.build.directory}/${project.build.finalName}-tlddoc.jar</tlddocJar>
        <project implementation="org.apache.maven.project.MavenProject">${project}</project>
        <tldDocDir implementation="java.io.File">${project.reporting.outputDirectory}/tlddoc</tldDocDir>
        <attach implementation="boolean" default-value="true">${attach}</attach>
      </configuration>
      <requirements>
        <requirement>
          <role>org.apache.maven.project.MavenProjectHelper</role>
          <field-name>projectHelper</field-name>
        </requirement>
      </requirements>
    </mojo>
    <mojo>
      <goal>taglibdoc</goal>
      <description>Generates taglibdoc documentation.</description>
      <requiresDirectInvocation>false</requiresDirectInvocation>
      <requiresProject>true</requiresProject>
      <requiresReports>false</requiresReports>
      <aggregator>false</aggregator>
      <requiresOnline>false</requiresOnline>
      <inheritedByDefault>true</inheritedByDefault>
      <implementation>net.sf.maventaglib.TaglibdocMojo</implementation>
      <language>java</language>
      <instantiationStrategy>per-lookup</instantiationStrategy>
      <executionStrategy>once-per-session</executionStrategy>
      <parameters>
        <parameter>
          <name>srcDir</name>
          <alias>taglib.src.dir</alias>
          <type>java.io.File</type>
          <required>false</required>
          <editable>true</editable>
          <description>Directory containing tld or tag files. Subdirectories are also processed.</description>
        </parameter>
        <parameter>
          <name>title</name>
          <type>java.lang.String</type>
          <required>false</required>
          <editable>true</editable>
          <description>title for tlddoc generated documentation.</description>
        </parameter>
        <parameter>
          <name>tldDocDir</name>
          <type>java.io.File</type>
          <required>false</required>
          <editable>true</editable>
          <description>TldDoc output dir.</description>
        </parameter>
      </parameters>
      <configuration>
        <srcDir implementation="java.io.File">src/main/resources/META-INF</srcDir>
        <title implementation="java.lang.String">${project.name} Tag library documentation</title>
        <tldDocDir implementation="java.io.File">${project.reporting.outputDirectory}/tlddoc</tldDocDir>
      </configuration>
      <requirements>
        <requirement>
          <role>org.apache.maven.doxia.siterenderer.Renderer</role>
          <field-name>siteRenderer</field-name>
        </requirement>
      </requirements>
    </mojo>
    <mojo>
      <goal>tagreference</goal>
      <description>Generates a tag reference xdoc that can be integrated in a maven generated site.</description>
      <requiresDirectInvocation>false</requiresDirectInvocation>
      <requiresProject>true</requiresProject>
      <requiresReports>false</requiresReports>
      <aggregator>false</aggregator>
      <requiresOnline>false</requiresOnline>
      <inheritedByDefault>true</inheritedByDefault>
      <implementation>net.sf.maventaglib.TagreferenceMojo</implementation>
      <language>java</language>
      <instantiationStrategy>per-lookup</instantiationStrategy>
      <executionStrategy>once-per-session</executionStrategy>
      <parameters>
        <parameter>
          <name>outputDirectory</name>
          <type>java.io.File</type>
          <required>false</required>
          <editable>true</editable>
          <description>Output directory for generated docs.</description>
        </parameter>
        <parameter>
          <name>project</name>
          <type>org.apache.maven.project.MavenProject</type>
          <required>false</required>
          <editable>false</editable>
          <description>Maven project</description>
        </parameter>
        <parameter>
          <name>srcDir</name>
          <alias>taglib.src.dir</alias>
          <type>java.io.File</type>
          <required>false</required>
          <editable>true</editable>
          <description>Directory containing tld files. Subdirectories are also processed.</description>
        </parameter>
      </parameters>
      <configuration>
        <srcDir implementation="java.io.File">src/main/resources/META-INF</srcDir>
        <outputDirectory implementation="java.io.File">${project.reporting.outputDirectory}</outputDirectory>
        <project implementation="org.apache.maven.project.MavenProject">${project}</project>
      </configuration>
      <requirements>
        <requirement>
          <role>org.apache.maven.doxia.siterenderer.Renderer</role>
          <field-name>siteRenderer</field-name>
        </requirement>
      </requirements>
    </mojo>
    <mojo>
      <goal>tldgenerate</goal>
      <description>Generates tld files from directories of jsp 2.0 tag files.</description>
      <requiresDirectInvocation>false</requiresDirectInvocation>
      <requiresProject>true</requiresProject>
      <requiresReports>false</requiresReports>
      <aggregator>false</aggregator>
      <requiresOnline>false</requiresOnline>
      <inheritedByDefault>true</inheritedByDefault>
      <phase>generate-resources</phase>
      <implementation>net.sf.maventaglib.TldGenerateMojo</implementation>
      <language>java</language>
      <instantiationStrategy>per-lookup</instantiationStrategy>
      <executionStrategy>once-per-session</executionStrategy>
      <parameters>
        <parameter>
          <name>outputDir</name>
          <type>java.io.File</type>
          <required>true</required>
          <editable>true</editable>
          <description>Output dir for tld files.</description>
        </parameter>
        <parameter>
          <name>tagDir</name>
          <type>java.io.File</type>
          <required>false</required>
          <editable>true</editable>
          <description>Directory containing tag files. Subdirectories are also processed.</description>
        </parameter>
        <parameter>
          <name>version</name>
          <type>java.lang.String</type>
          <required>true</required>
          <editable>true</editable>
          <description>Version added to tld files, defaults to project version.</description>
        </parameter>
      </parameters>
      <configuration>
        <outputDir implementation="java.io.File">${project.build.outputDirectory}/META-INF</outputDir>
        <tagDir implementation="java.io.File">src/main/resources/META-INF/tags/</tagDir>
        <version implementation="java.lang.String">${project.version}</version>
      </configuration>
    </mojo>
    <mojo>
      <goal>validate</goal>
      <description>Generates a tag library validation report.</description>
      <requiresDirectInvocation>false</requiresDirectInvocation>
      <requiresProject>true</requiresProject>
      <requiresReports>false</requiresReports>
      <aggregator>false</aggregator>
      <requiresOnline>false</requiresOnline>
      <inheritedByDefault>true</inheritedByDefault>
      <implementation>net.sf.maventaglib.ValidateMojo</implementation>
      <language>java</language>
      <instantiationStrategy>per-lookup</instantiationStrategy>
      <executionStrategy>once-per-session</executionStrategy>
      <parameters>
        <parameter>
          <name>buildOutputDirectory</name>
          <type>java.io.File</type>
          <required>true</required>
          <editable>true</editable>
          <description>The directory containing generated test classes of the project being tested.</description>
        </parameter>
        <parameter>
          <name>outputDirectory</name>
          <type>java.io.File</type>
          <required>false</required>
          <editable>true</editable>
          <description>Output directory for generated docs.</description>
        </parameter>
        <parameter>
          <name>project</name>
          <type>org.apache.maven.project.MavenProject</type>
          <required>true</required>
          <editable>false</editable>
          <description>Maven project</description>
        </parameter>
        <parameter>
          <name>srcDir</name>
          <alias>taglib.src.dir</alias>
          <type>java.io.File</type>
          <required>false</required>
          <editable>true</editable>
          <description>Directory containing tld files. Subdirectories are also processed.</description>
        </parameter>
      </parameters>
      <configuration>
        <srcDir implementation="java.io.File">src/main/resources/META-INF</srcDir>
        <buildOutputDirectory implementation="java.io.File">${project.build.outputDirectory}</buildOutputDirectory>
        <outputDirectory implementation="java.io.File">${project.reporting.outputDirectory}</outputDirectory>
        <project implementation="org.apache.maven.project.MavenProject">${project}</project>
      </configuration>
      <requirements>
        <requirement>
          <role>org.apache.maven.doxia.siterenderer.Renderer</role>
          <field-name>siteRenderer</field-name>
        </requirement>
      </requirements>
    </mojo>
  </mojos>
  <dependencies/>
</plugin>