<plugin>
  <description>Camel Maven Plugins</description>
  <groupId>org.apache.camel</groupId>
  <artifactId>maven-html-to-docbook</artifactId>
  <version>1.1.0</version>
  <goalPrefix>html-to-docbook</goalPrefix>
  <isolatedRealm>false</isolatedRealm>
  <inheritedByDefault>true</inheritedByDefault>
  <mojos>
    <mojo>
      <goal>htmlToDocbook</goal>
      <description>Goal which extracts the content of a wiki page and converts it to docbook format</description>
      <requiresDirectInvocation>false</requiresDirectInvocation>
      <requiresProject>true</requiresProject>
      <requiresReports>false</requiresReports>
      <aggregator>false</aggregator>
      <requiresOnline>false</requiresOnline>
      <inheritedByDefault>true</inheritedByDefault>
      <phase>process-sources</phase>
      <implementation>org.apache.camel.maven.GenerateDocBookMojo</implementation>
      <language>java</language>
      <instantiationStrategy>per-lookup</instantiationStrategy>
      <executionStrategy>once-per-session</executionStrategy>
      <parameters>
        <parameter>
          <name>authors</name>
          <type>java.lang.String</type>
          <required>false</required>
          <editable>true</editable>
          <description>List of author&apos;s fullname</description>
        </parameter>
        <parameter>
          <name>baseURL</name>
          <type>java.lang.String</type>
          <required>true</required>
          <editable>true</editable>
          <description>Base URL.</description>
        </parameter>
        <parameter>
          <name>imageLocation</name>
          <type>java.lang.String</type>
          <required>false</required>
          <editable>true</editable>
          <description>Location of image files.</description>
        </parameter>
        <parameter>
          <name>legalNotice</name>
          <type>java.lang.String</type>
          <required>false</required>
          <editable>true</editable>
          <description></description>
        </parameter>
        <parameter>
          <name>mainFilename</name>
          <type>java.lang.String</type>
          <required>true</required>
          <editable>true</editable>
          <description></description>
        </parameter>
        <parameter>
          <name>outputPath</name>
          <type>java.lang.String</type>
          <required>false</required>
          <editable>true</editable>
          <description>Location of the output directory.</description>
        </parameter>
        <parameter>
          <name>resources</name>
          <type>java.lang.String</type>
          <required>false</required>
          <editable>true</editable>
          <description>List of resources</description>
        </parameter>
        <parameter>
          <name>subtitle</name>
          <type>java.lang.String</type>
          <required>false</required>
          <editable>true</editable>
          <description></description>
        </parameter>
        <parameter>
          <name>title</name>
          <type>java.lang.String</type>
          <required>true</required>
          <editable>true</editable>
          <description></description>
        </parameter>
        <parameter>
          <name>version</name>
          <type>java.lang.String</type>
          <required>false</required>
          <editable>true</editable>
          <description></description>
        </parameter>
        <parameter>
          <name>wikiOutputPath</name>
          <type>java.lang.String</type>
          <required>false</required>
          <editable>true</editable>
          <description>Location of the output directory for wiki source.</description>
        </parameter>
        <parameter>
          <name>xslFile</name>
          <type>java.lang.String</type>
          <required>false</required>
          <editable>true</editable>
          <description>Location of the xsl file.</description>
        </parameter>
      </parameters>
      <configuration>
        <title implementation="java.lang.String">${title}</title>
        <legalNotice implementation="java.lang.String">${legalNotice}</legalNotice>
        <xslFile implementation="java.lang.String">${configDirectory}</xslFile>
        <outputPath implementation="java.lang.String">${project.build.directory}/docbkx/docbkx-source</outputPath>
        <mainFilename implementation="java.lang.String" default-value="manual">${mainFilename}</mainFilename>
        <baseURL implementation="java.lang.String" default-value="http://activemq.apache.org/camel/">${baseURL}</baseURL>
        <subtitle implementation="java.lang.String">${subtitle}</subtitle>
        <wikiOutputPath implementation="java.lang.String">${project.build.directory}/docbkx/wiki-source</wikiOutputPath>
        <version implementation="java.lang.String" default-value="${project.version}">${version}</version>
        <imageLocation implementation="java.lang.String">${project.build.directory}/site/book/images</imageLocation>
      </configuration>
    </mojo>
  </mojos>
  <dependencies/>
</plugin>