<plugin>
  <description>This plugin pre-loads a set of schema objects into a special fixed schema 
    partition within the server.  It uses the bootstrap schema objects to do
    this at build time.  The schema partition files created are then packaged 
    using the jar plugin to become what is known as the bootstrap partition jar.</description>
  <groupId>org.apache.directory.server</groupId>
  <artifactId>apacheds-bootstrap-plugin</artifactId>
  <version>1.5.0</version>
  <goalPrefix>apacheds-bootstrap</goalPrefix>
  <isolatedRealm>false</isolatedRealm>
  <inheritedByDefault>true</inheritedByDefault>
  <mojos>
    <mojo>
      <goal>load</goal>
      <description>A plugin used to pre-load meta schema entries into the schema partition.</description>
      <requiresDependencyResolution>compile</requiresDependencyResolution>
      <requiresDirectInvocation>false</requiresDirectInvocation>
      <requiresProject>true</requiresProject>
      <requiresReports>false</requiresReports>
      <aggregator>false</aggregator>
      <requiresOnline>false</requiresOnline>
      <inheritedByDefault>true</inheritedByDefault>
      <phase>compile</phase>
      <implementation>org.apache.directory.server.core.bootstrap.plugin.BootstrapPlugin</implementation>
      <language>java</language>
      <instantiationStrategy>per-lookup</instantiationStrategy>
      <executionStrategy>once-per-session</executionStrategy>
      <parameters>
        <parameter>
          <name>bootstrapSchemaClasses</name>
          <type>java.lang.String[]</type>
          <required>false</required>
          <editable>true</editable>
          <description>The name of the set of bootstrap schemas to load into the registries
and ultimately into the schema partition being built.</description>
        </parameter>
        <parameter>
          <name>classpathElements</name>
          <type>java.util.List</type>
          <required>true</required>
          <editable>false</editable>
          <description>The classpath elements of the project being tested.</description>
        </parameter>
        <parameter>
          <name>disabledSchemas</name>
          <type>java.lang.String[]</type>
          <required>false</required>
          <editable>true</editable>
          <description>The set of disabled schema names.</description>
        </parameter>
        <parameter>
          <name>indexedAttributes</name>
          <type>java.lang.String[]</type>
          <required>false</required>
          <editable>true</editable>
          <description>The names of Attributes to index.</description>
        </parameter>
        <parameter>
          <name>listingFileName</name>
          <type>java.lang.String</type>
          <required>false</required>
          <editable>true</editable>
          <description>The file name to use for the package listing.</description>
        </parameter>
        <parameter>
          <name>outputDirectory</name>
          <type>java.io.File</type>
          <required>false</required>
          <editable>true</editable>
          <description>The target directory into which the plugin generates schema partion files
within the specified outputPackage.</description>
        </parameter>
        <parameter>
          <name>outputPackage</name>
          <type>java.lang.String</type>
          <required>false</required>
          <editable>true</editable>
          <description>The package to put the db file entry listing info as well as the partition.</description>
        </parameter>
      </parameters>
      <configuration>
        <outputPackage implementation="java.lang.String">org.apache.directory.server.schema.bootstrap.partition</outputPackage>
        <outputDirectory implementation="java.io.File">target/classes</outputDirectory>
        <classpathElements implementation="java.util.List">${project.compileClasspathElements}</classpathElements>
        <listingFileName implementation="java.lang.String">DBFILES</listingFileName>
      </configuration>
    </mojo>
  </mojos>
  <dependencies/>
</plugin>