<plugin>
  <description>A collection of tools as plugins to manage various tasks associated with 
    the directory server.</description>
  <groupId>org.apache.directory.server</groupId>
  <artifactId>apacheds-core-plugin</artifactId>
  <version>1.0-RC1</version>
  <goalPrefix>apacheds-core</goalPrefix>
  <isolatedRealm>false</isolatedRealm>
  <inheritedByDefault>true</inheritedByDefault>
  <mojos>
    <mojo>
      <goal>generate</goal>
      <description>Maven 2 plugin mojo wrapper for directory plugin.</description>
      <requiresDirectInvocation>false</requiresDirectInvocation>
      <requiresProject>true</requiresProject>
      <requiresReports>false</requiresReports>
      <aggregator>false</aggregator>
      <requiresOnline>false</requiresOnline>
      <inheritedByDefault>true</inheritedByDefault>
      <phase>generate-sources</phase>
      <implementation>org.apache.directory.server.core.tools.schema.DirectorySchemaToolMojo</implementation>
      <language>java</language>
      <instantiationStrategy>per-lookup</instantiationStrategy>
      <executionStrategy>once-per-session</executionStrategy>
      <parameters>
        <parameter>
          <name>defaultOwner</name>
          <type>java.lang.String</type>
          <required>false</required>
          <editable>true</editable>
          <description>The distinguished name of the default schema owner.</description>
        </parameter>
        <parameter>
          <name>defaultPackage</name>
          <type>java.lang.String</type>
          <required>false</required>
          <editable>true</editable>
          <description>The default package to use for generated schema classes.</description>
        </parameter>
        <parameter>
          <name>outputDirectory</name>
          <type>java.io.File</type>
          <required>false</required>
          <editable>true</editable>
          <description>The target directory into which the plugin generates schema java sources.</description>
        </parameter>
        <parameter>
          <name>project</name>
          <type>org.apache.maven.project.MavenProject</type>
          <required>true</required>
          <editable>true</editable>
          <description></description>
        </parameter>
        <parameter>
          <name>schemas</name>
          <type>org.apache.directory.server.core.tools.schema.Schema</type>
          <required>false</required>
          <editable>true</editable>
          <description>The set of schemas to generate classes for.</description>
        </parameter>
        <parameter>
          <name>sourceDirectory</name>
          <type>java.io.File</type>
          <required>false</required>
          <editable>true</editable>
          <description>The directory containing the OpenLDAP schema files.</description>
        </parameter>
        <parameter>
          <name>verboseOutput</name>
          <type>boolean</type>
          <required>false</required>
          <editable>true</editable>
          <description>Toggles verbose output.</description>
        </parameter>
      </parameters>
      <configuration>
        <outputDirectory implementation="java.io.File">target/generated-sources</outputDirectory>
        <defaultOwner implementation="java.lang.String">uid=admin,ou=system</defaultOwner>
        <sourceDirectory implementation="java.io.File">src/main/schema</sourceDirectory>
        <project implementation="org.apache.maven.project.MavenProject">${project}</project>
        <defaultPackage implementation="java.lang.String">org.apache.directory.server.core.schema.bootstrap</defaultPackage>
        <verboseOutput implementation="boolean">true</verboseOutput>
      </configuration>
    </mojo>
  </mojos>
  <dependencies>
    <dependency>
      <groupId>org.apache.directory.shared</groupId>
      <artifactId>shared-ldap</artifactId>
      <type>jar</type>
      <version>0.9.5</version>
    </dependency>
    <dependency>
      <groupId>org.codehaus.plexus</groupId>
      <artifactId>plexus-utils</artifactId>
      <type>jar</type>
      <version>1.0.4</version>
    </dependency>
    <dependency>
      <groupId>velocity</groupId>
      <artifactId>velocity-dep</artifactId>
      <type>jar</type>
      <version>1.4</version>
    </dependency>
    <dependency>
      <groupId>org.codehaus.plexus</groupId>
      <artifactId>plexus-container-default</artifactId>
      <type>jar</type>
      <version>1.0-alpha-8</version>
    </dependency>
    <dependency>
      <groupId>org.apache.maven</groupId>
      <artifactId>maven-model</artifactId>
      <type>jar</type>
      <version>2.0</version>
    </dependency>
    <dependency>
      <groupId>org.apache.maven</groupId>
      <artifactId>maven-profile</artifactId>
      <type>jar</type>
      <version>2.0</version>
    </dependency>
    <dependency>
      <groupId>classworlds</groupId>
      <artifactId>classworlds</artifactId>
      <type>jar</type>
      <version>1.1-alpha-2</version>
    </dependency>
    <dependency>
      <groupId>org.apache.maven</groupId>
      <artifactId>maven-repository-metadata</artifactId>
      <type>jar</type>
      <version>2.0</version>
    </dependency>
    <dependency>
      <groupId>org.apache.directory.shared</groupId>
      <artifactId>shared-asn1</artifactId>
      <type>jar</type>
      <version>0.9.5</version>
    </dependency>
    <dependency>
      <groupId>commons-lang</groupId>
      <artifactId>commons-lang</artifactId>
      <type>jar</type>
      <version>2.0</version>
    </dependency>
    <dependency>
      <groupId>org.apache.directory.server</groupId>
      <artifactId>apacheds-core-shared</artifactId>
      <type>jar</type>
      <version>1.0-RC1</version>
    </dependency>
    <dependency>
      <groupId>org.apache.maven</groupId>
      <artifactId>maven-artifact-manager</artifactId>
      <type>jar</type>
      <version>2.0</version>
    </dependency>
    <dependency>
      <groupId>commons-collections</groupId>
      <artifactId>commons-collections</artifactId>
      <type>jar</type>
      <version>3.0</version>
    </dependency>
    <dependency>
      <groupId>org.apache.maven.wagon</groupId>
      <artifactId>wagon-provider-api</artifactId>
      <type>jar</type>
      <version>1.0-alpha-5</version>
    </dependency>
    <dependency>
      <groupId>org.apache.maven</groupId>
      <artifactId>maven-project</artifactId>
      <type>jar</type>
      <version>2.0</version>
    </dependency>
    <dependency>
      <groupId>org.apache.maven</groupId>
      <artifactId>maven-plugin-api</artifactId>
      <type>jar</type>
      <version>2.0</version>
    </dependency>
    <dependency>
      <groupId>org.apache.maven</groupId>
      <artifactId>maven-artifact</artifactId>
      <type>jar</type>
      <version>2.0</version>
    </dependency>
    <dependency>
      <groupId>antlr</groupId>
      <artifactId>antlr</artifactId>
      <type>jar</type>
      <version>2.7.2</version>
    </dependency>
  </dependencies>
</plugin>