<plugin>
  <description>Cargo Maven 2 Plugin</description>
  <groupId>org.codehaus.cargo</groupId>
  <artifactId>cargo-maven2-plugin</artifactId>
  <version>0.3.1</version>
  <goalPrefix>cargo</goalPrefix>
  <isolatedRealm>false</isolatedRealm>
  <inheritedByDefault>true</inheritedByDefault>
  <mojos>
    <mojo>
      <goal>deploy</goal>
      <description>Class used uniquely to provide a goal alias for &lt;code&gt;deployer-deploy&lt;/code&gt;.</description>
      <requiresDependencyResolution>compile</requiresDependencyResolution>
      <requiresDirectInvocation>false</requiresDirectInvocation>
      <requiresProject>true</requiresProject>
      <requiresReports>false</requiresReports>
      <aggregator>false</aggregator>
      <requiresOnline>false</requiresOnline>
      <inheritedByDefault>true</inheritedByDefault>
      <implementation>org.codehaus.cargo.maven2.AliasedDeployerDeployMojo</implementation>
      <language>java</language>
      <instantiationStrategy>per-lookup</instantiationStrategy>
      <executionStrategy>once-per-session</executionStrategy>
      <parameters>
        <parameter>
          <name>configuration</name>
          <type>org.codehaus.cargo.maven2.configuration.Configuration</type>
          <required>false</required>
          <editable>true</editable>
          <description></description>
        </parameter>
        <parameter>
          <name>container</name>
          <type>org.codehaus.cargo.maven2.configuration.Container</type>
          <required>false</required>
          <editable>true</editable>
          <description>Configures a Cargo {@link org.codehaus.cargo.container.Container}.
See the &lt;a href=&quot;http://cargo.codehaus.org/Maven2+Plugin+Reference+Guide&quot;&gt;Cargo Maven2 plugin
reference guide&lt;/a&gt; for more details.</description>
        </parameter>
        <parameter>
          <name>deployer</name>
          <type>org.codehaus.cargo.maven2.configuration.Deployer</type>
          <required>false</required>
          <editable>true</editable>
          <description></description>
        </parameter>
        <parameter>
          <name>localRepository</name>
          <type>org.apache.maven.artifact.repository.ArtifactRepository</type>
          <required>false</required>
          <editable>true</editable>
          <description>The local Maven repository. This is used by the artifact resolver to download resolved
JARs and put them in the local repository so that they won&apos;t have to be fetched again next
time the plugin is executed.</description>
        </parameter>
        <parameter>
          <name>project</name>
          <type>org.apache.maven.project.MavenProject</type>
          <required>true</required>
          <editable>false</editable>
          <description></description>
        </parameter>
        <parameter>
          <name>repositories</name>
          <type>java.util.List</type>
          <required>false</required>
          <editable>true</editable>
          <description>The remote Maven repositories used by the artifact resolver to look for JARs.</description>
        </parameter>
      </parameters>
      <configuration>
        <localRepository implementation="org.apache.maven.artifact.repository.ArtifactRepository">${localRepository}</localRepository>
        <repositories implementation="java.util.List">${project.remoteArtifactRepositories}</repositories>
        <project implementation="org.apache.maven.project.MavenProject">${project}</project>
      </configuration>
      <requirements>
        <requirement>
          <role>org.apache.maven.artifact.resolver.ArtifactResolver</role>
          <field-name>artifactResolver</field-name>
        </requirement>
        <requirement>
          <role>org.apache.maven.artifact.factory.ArtifactFactory</role>
          <field-name>artifactFactory</field-name>
        </requirement>
      </requirements>
    </mojo>
    <mojo>
      <goal>redeploy</goal>
      <description>Class used uniquely to provide a goal alias for &lt;code&gt;deployer-deploy&lt;/code&gt;.</description>
      <requiresDependencyResolution>compile</requiresDependencyResolution>
      <requiresDirectInvocation>false</requiresDirectInvocation>
      <requiresProject>true</requiresProject>
      <requiresReports>false</requiresReports>
      <aggregator>false</aggregator>
      <requiresOnline>false</requiresOnline>
      <inheritedByDefault>true</inheritedByDefault>
      <implementation>org.codehaus.cargo.maven2.AliasedDeployerRedeployMojo</implementation>
      <language>java</language>
      <instantiationStrategy>per-lookup</instantiationStrategy>
      <executionStrategy>once-per-session</executionStrategy>
      <parameters>
        <parameter>
          <name>configuration</name>
          <type>org.codehaus.cargo.maven2.configuration.Configuration</type>
          <required>false</required>
          <editable>true</editable>
          <description></description>
        </parameter>
        <parameter>
          <name>container</name>
          <type>org.codehaus.cargo.maven2.configuration.Container</type>
          <required>false</required>
          <editable>true</editable>
          <description>Configures a Cargo {@link org.codehaus.cargo.container.Container}.
See the &lt;a href=&quot;http://cargo.codehaus.org/Maven2+Plugin+Reference+Guide&quot;&gt;Cargo Maven2 plugin
reference guide&lt;/a&gt; for more details.</description>
        </parameter>
        <parameter>
          <name>deployer</name>
          <type>org.codehaus.cargo.maven2.configuration.Deployer</type>
          <required>false</required>
          <editable>true</editable>
          <description></description>
        </parameter>
        <parameter>
          <name>localRepository</name>
          <type>org.apache.maven.artifact.repository.ArtifactRepository</type>
          <required>false</required>
          <editable>true</editable>
          <description>The local Maven repository. This is used by the artifact resolver to download resolved
JARs and put them in the local repository so that they won&apos;t have to be fetched again next
time the plugin is executed.</description>
        </parameter>
        <parameter>
          <name>project</name>
          <type>org.apache.maven.project.MavenProject</type>
          <required>true</required>
          <editable>false</editable>
          <description></description>
        </parameter>
        <parameter>
          <name>repositories</name>
          <type>java.util.List</type>
          <required>false</required>
          <editable>true</editable>
          <description>The remote Maven repositories used by the artifact resolver to look for JARs.</description>
        </parameter>
      </parameters>
      <configuration>
        <localRepository implementation="org.apache.maven.artifact.repository.ArtifactRepository">${localRepository}</localRepository>
        <repositories implementation="java.util.List">${project.remoteArtifactRepositories}</repositories>
        <project implementation="org.apache.maven.project.MavenProject">${project}</project>
      </configuration>
      <requirements>
        <requirement>
          <role>org.apache.maven.artifact.resolver.ArtifactResolver</role>
          <field-name>artifactResolver</field-name>
        </requirement>
        <requirement>
          <role>org.apache.maven.artifact.factory.ArtifactFactory</role>
          <field-name>artifactFactory</field-name>
        </requirement>
      </requirements>
    </mojo>
    <mojo>
      <goal>undeploy</goal>
      <description>Class used uniquely to provide a goal alias for &lt;code&gt;deployer-undeploy&lt;/code&gt;.</description>
      <requiresDependencyResolution>compile</requiresDependencyResolution>
      <requiresDirectInvocation>false</requiresDirectInvocation>
      <requiresProject>true</requiresProject>
      <requiresReports>false</requiresReports>
      <aggregator>false</aggregator>
      <requiresOnline>false</requiresOnline>
      <inheritedByDefault>true</inheritedByDefault>
      <implementation>org.codehaus.cargo.maven2.AliasedDeployerUndeployMojo</implementation>
      <language>java</language>
      <instantiationStrategy>per-lookup</instantiationStrategy>
      <executionStrategy>once-per-session</executionStrategy>
      <parameters>
        <parameter>
          <name>configuration</name>
          <type>org.codehaus.cargo.maven2.configuration.Configuration</type>
          <required>false</required>
          <editable>true</editable>
          <description></description>
        </parameter>
        <parameter>
          <name>container</name>
          <type>org.codehaus.cargo.maven2.configuration.Container</type>
          <required>false</required>
          <editable>true</editable>
          <description>Configures a Cargo {@link org.codehaus.cargo.container.Container}.
See the &lt;a href=&quot;http://cargo.codehaus.org/Maven2+Plugin+Reference+Guide&quot;&gt;Cargo Maven2 plugin
reference guide&lt;/a&gt; for more details.</description>
        </parameter>
        <parameter>
          <name>deployer</name>
          <type>org.codehaus.cargo.maven2.configuration.Deployer</type>
          <required>false</required>
          <editable>true</editable>
          <description></description>
        </parameter>
        <parameter>
          <name>localRepository</name>
          <type>org.apache.maven.artifact.repository.ArtifactRepository</type>
          <required>false</required>
          <editable>true</editable>
          <description>The local Maven repository. This is used by the artifact resolver to download resolved
JARs and put them in the local repository so that they won&apos;t have to be fetched again next
time the plugin is executed.</description>
        </parameter>
        <parameter>
          <name>project</name>
          <type>org.apache.maven.project.MavenProject</type>
          <required>true</required>
          <editable>false</editable>
          <description></description>
        </parameter>
        <parameter>
          <name>repositories</name>
          <type>java.util.List</type>
          <required>false</required>
          <editable>true</editable>
          <description>The remote Maven repositories used by the artifact resolver to look for JARs.</description>
        </parameter>
      </parameters>
      <configuration>
        <localRepository implementation="org.apache.maven.artifact.repository.ArtifactRepository">${localRepository}</localRepository>
        <repositories implementation="java.util.List">${project.remoteArtifactRepositories}</repositories>
        <project implementation="org.apache.maven.project.MavenProject">${project}</project>
      </configuration>
      <requirements>
        <requirement>
          <role>org.apache.maven.artifact.resolver.ArtifactResolver</role>
          <field-name>artifactResolver</field-name>
        </requirement>
        <requirement>
          <role>org.apache.maven.artifact.factory.ArtifactFactory</role>
          <field-name>artifactFactory</field-name>
        </requirement>
      </requirements>
    </mojo>
    <mojo>
      <goal>configure</goal>
      <description>Mojo to create a local container standalone configuration at a specified directory.</description>
      <requiresDirectInvocation>false</requiresDirectInvocation>
      <requiresProject>true</requiresProject>
      <requiresReports>false</requiresReports>
      <aggregator>false</aggregator>
      <requiresOnline>false</requiresOnline>
      <inheritedByDefault>true</inheritedByDefault>
      <implementation>org.codehaus.cargo.maven2.ConfigureMojo</implementation>
      <language>java</language>
      <instantiationStrategy>per-lookup</instantiationStrategy>
      <executionStrategy>once-per-session</executionStrategy>
      <parameters>
        <parameter>
          <name>configuration</name>
          <type>org.codehaus.cargo.maven2.configuration.Configuration</type>
          <required>false</required>
          <editable>true</editable>
          <description></description>
        </parameter>
        <parameter>
          <name>container</name>
          <type>org.codehaus.cargo.maven2.configuration.Container</type>
          <required>false</required>
          <editable>true</editable>
          <description>Configures a Cargo {@link org.codehaus.cargo.container.Container}.
See the &lt;a href=&quot;http://cargo.codehaus.org/Maven2+Plugin+Reference+Guide&quot;&gt;Cargo Maven2 plugin
reference guide&lt;/a&gt; for more details.</description>
        </parameter>
        <parameter>
          <name>deployer</name>
          <type>org.codehaus.cargo.maven2.configuration.Deployer</type>
          <required>false</required>
          <editable>true</editable>
          <description></description>
        </parameter>
        <parameter>
          <name>localRepository</name>
          <type>org.apache.maven.artifact.repository.ArtifactRepository</type>
          <required>false</required>
          <editable>true</editable>
          <description>The local Maven repository. This is used by the artifact resolver to download resolved
JARs and put them in the local repository so that they won&apos;t have to be fetched again next
time the plugin is executed.</description>
        </parameter>
        <parameter>
          <name>project</name>
          <type>org.apache.maven.project.MavenProject</type>
          <required>true</required>
          <editable>false</editable>
          <description></description>
        </parameter>
        <parameter>
          <name>repositories</name>
          <type>java.util.List</type>
          <required>false</required>
          <editable>true</editable>
          <description>The remote Maven repositories used by the artifact resolver to look for JARs.</description>
        </parameter>
      </parameters>
      <configuration>
        <localRepository implementation="org.apache.maven.artifact.repository.ArtifactRepository">${localRepository}</localRepository>
        <repositories implementation="java.util.List">${project.remoteArtifactRepositories}</repositories>
        <project implementation="org.apache.maven.project.MavenProject">${project}</project>
      </configuration>
      <requirements>
        <requirement>
          <role>org.apache.maven.artifact.resolver.ArtifactResolver</role>
          <field-name>artifactResolver</field-name>
        </requirement>
        <requirement>
          <role>org.apache.maven.artifact.factory.ArtifactFactory</role>
          <field-name>artifactFactory</field-name>
        </requirement>
      </requirements>
    </mojo>
    <mojo>
      <goal>install</goal>
      <description>Installs a container into a given directory. If the container is already installed nothing
happens. The container is defined using the &lt;code&gt;&amp;lt;container&amp;gt;&lt;/code&gt; element as described
in the &lt;a href=&quot;http://cargo.codehaus.org/Maven2+Plugin+Reference+Guide&quot;&gt;Cargo Maven2 plugin
reference guide&lt;/a&gt;.</description>
      <requiresDependencyResolution>compile</requiresDependencyResolution>
      <requiresDirectInvocation>false</requiresDirectInvocation>
      <requiresProject>true</requiresProject>
      <requiresReports>false</requiresReports>
      <aggregator>false</aggregator>
      <requiresOnline>false</requiresOnline>
      <inheritedByDefault>true</inheritedByDefault>
      <implementation>org.codehaus.cargo.maven2.ContainerInstallMojo</implementation>
      <language>java</language>
      <instantiationStrategy>per-lookup</instantiationStrategy>
      <executionStrategy>once-per-session</executionStrategy>
      <parameters>
        <parameter>
          <name>configuration</name>
          <type>org.codehaus.cargo.maven2.configuration.Configuration</type>
          <required>false</required>
          <editable>true</editable>
          <description></description>
        </parameter>
        <parameter>
          <name>container</name>
          <type>org.codehaus.cargo.maven2.configuration.Container</type>
          <required>false</required>
          <editable>true</editable>
          <description>Configures a Cargo {@link org.codehaus.cargo.container.Container}.
See the &lt;a href=&quot;http://cargo.codehaus.org/Maven2+Plugin+Reference+Guide&quot;&gt;Cargo Maven2 plugin
reference guide&lt;/a&gt; for more details.</description>
        </parameter>
        <parameter>
          <name>deployer</name>
          <type>org.codehaus.cargo.maven2.configuration.Deployer</type>
          <required>false</required>
          <editable>true</editable>
          <description></description>
        </parameter>
        <parameter>
          <name>localRepository</name>
          <type>org.apache.maven.artifact.repository.ArtifactRepository</type>
          <required>false</required>
          <editable>true</editable>
          <description>The local Maven repository. This is used by the artifact resolver to download resolved
JARs and put them in the local repository so that they won&apos;t have to be fetched again next
time the plugin is executed.</description>
        </parameter>
        <parameter>
          <name>project</name>
          <type>org.apache.maven.project.MavenProject</type>
          <required>true</required>
          <editable>false</editable>
          <description></description>
        </parameter>
        <parameter>
          <name>repositories</name>
          <type>java.util.List</type>
          <required>false</required>
          <editable>true</editable>
          <description>The remote Maven repositories used by the artifact resolver to look for JARs.</description>
        </parameter>
      </parameters>
      <configuration>
        <localRepository implementation="org.apache.maven.artifact.repository.ArtifactRepository">${localRepository}</localRepository>
        <repositories implementation="java.util.List">${project.remoteArtifactRepositories}</repositories>
        <project implementation="org.apache.maven.project.MavenProject">${project}</project>
      </configuration>
      <requirements>
        <requirement>
          <role>org.apache.maven.artifact.resolver.ArtifactResolver</role>
          <field-name>artifactResolver</field-name>
        </requirement>
        <requirement>
          <role>org.apache.maven.artifact.factory.ArtifactFactory</role>
          <field-name>artifactFactory</field-name>
        </requirement>
      </requirements>
    </mojo>
    <mojo>
      <goal>start</goal>
      <description>Start a container using Cargo.</description>
      <requiresDependencyResolution>compile</requiresDependencyResolution>
      <requiresDirectInvocation>false</requiresDirectInvocation>
      <requiresProject>true</requiresProject>
      <requiresReports>false</requiresReports>
      <aggregator>false</aggregator>
      <requiresOnline>false</requiresOnline>
      <inheritedByDefault>true</inheritedByDefault>
      <implementation>org.codehaus.cargo.maven2.ContainerStartMojo</implementation>
      <language>java</language>
      <instantiationStrategy>per-lookup</instantiationStrategy>
      <executionStrategy>once-per-session</executionStrategy>
      <parameters>
        <parameter>
          <name>configuration</name>
          <type>org.codehaus.cargo.maven2.configuration.Configuration</type>
          <required>false</required>
          <editable>true</editable>
          <description></description>
        </parameter>
        <parameter>
          <name>container</name>
          <type>org.codehaus.cargo.maven2.configuration.Container</type>
          <required>false</required>
          <editable>true</editable>
          <description>Configures a Cargo {@link org.codehaus.cargo.container.Container}.
See the &lt;a href=&quot;http://cargo.codehaus.org/Maven2+Plugin+Reference+Guide&quot;&gt;Cargo Maven2 plugin
reference guide&lt;/a&gt; for more details.</description>
        </parameter>
        <parameter>
          <name>deployer</name>
          <type>org.codehaus.cargo.maven2.configuration.Deployer</type>
          <required>false</required>
          <editable>true</editable>
          <description></description>
        </parameter>
        <parameter>
          <name>localRepository</name>
          <type>org.apache.maven.artifact.repository.ArtifactRepository</type>
          <required>false</required>
          <editable>true</editable>
          <description>The local Maven repository. This is used by the artifact resolver to download resolved
JARs and put them in the local repository so that they won&apos;t have to be fetched again next
time the plugin is executed.</description>
        </parameter>
        <parameter>
          <name>project</name>
          <type>org.apache.maven.project.MavenProject</type>
          <required>true</required>
          <editable>false</editable>
          <description></description>
        </parameter>
        <parameter>
          <name>repositories</name>
          <type>java.util.List</type>
          <required>false</required>
          <editable>true</editable>
          <description>The remote Maven repositories used by the artifact resolver to look for JARs.</description>
        </parameter>
        <parameter>
          <name>wait</name>
          <type>boolean</type>
          <required>true</required>
          <editable>true</editable>
          <description>Decides whether to wait after the container is started or to return the execution
flow to the user.</description>
        </parameter>
      </parameters>
      <configuration>
        <localRepository implementation="org.apache.maven.artifact.repository.ArtifactRepository">${localRepository}</localRepository>
        <repositories implementation="java.util.List">${project.remoteArtifactRepositories}</repositories>
        <project implementation="org.apache.maven.project.MavenProject">${project}</project>
        <wait implementation="boolean" default-value="true"/>
      </configuration>
      <requirements>
        <requirement>
          <role>org.apache.maven.artifact.resolver.ArtifactResolver</role>
          <field-name>artifactResolver</field-name>
        </requirement>
        <requirement>
          <role>org.apache.maven.artifact.factory.ArtifactFactory</role>
          <field-name>artifactFactory</field-name>
        </requirement>
      </requirements>
    </mojo>
    <mojo>
      <goal>stop</goal>
      <description>Stop a running container using Cargo.</description>
      <requiresDirectInvocation>false</requiresDirectInvocation>
      <requiresProject>true</requiresProject>
      <requiresReports>false</requiresReports>
      <aggregator>false</aggregator>
      <requiresOnline>false</requiresOnline>
      <inheritedByDefault>true</inheritedByDefault>
      <implementation>org.codehaus.cargo.maven2.ContainerStopMojo</implementation>
      <language>java</language>
      <instantiationStrategy>per-lookup</instantiationStrategy>
      <executionStrategy>once-per-session</executionStrategy>
      <parameters>
        <parameter>
          <name>configuration</name>
          <type>org.codehaus.cargo.maven2.configuration.Configuration</type>
          <required>false</required>
          <editable>true</editable>
          <description></description>
        </parameter>
        <parameter>
          <name>container</name>
          <type>org.codehaus.cargo.maven2.configuration.Container</type>
          <required>false</required>
          <editable>true</editable>
          <description>Configures a Cargo {@link org.codehaus.cargo.container.Container}.
See the &lt;a href=&quot;http://cargo.codehaus.org/Maven2+Plugin+Reference+Guide&quot;&gt;Cargo Maven2 plugin
reference guide&lt;/a&gt; for more details.</description>
        </parameter>
        <parameter>
          <name>deployer</name>
          <type>org.codehaus.cargo.maven2.configuration.Deployer</type>
          <required>false</required>
          <editable>true</editable>
          <description></description>
        </parameter>
        <parameter>
          <name>localRepository</name>
          <type>org.apache.maven.artifact.repository.ArtifactRepository</type>
          <required>false</required>
          <editable>true</editable>
          <description>The local Maven repository. This is used by the artifact resolver to download resolved
JARs and put them in the local repository so that they won&apos;t have to be fetched again next
time the plugin is executed.</description>
        </parameter>
        <parameter>
          <name>project</name>
          <type>org.apache.maven.project.MavenProject</type>
          <required>true</required>
          <editable>false</editable>
          <description></description>
        </parameter>
        <parameter>
          <name>repositories</name>
          <type>java.util.List</type>
          <required>false</required>
          <editable>true</editable>
          <description>The remote Maven repositories used by the artifact resolver to look for JARs.</description>
        </parameter>
      </parameters>
      <configuration>
        <localRepository implementation="org.apache.maven.artifact.repository.ArtifactRepository">${localRepository}</localRepository>
        <repositories implementation="java.util.List">${project.remoteArtifactRepositories}</repositories>
        <project implementation="org.apache.maven.project.MavenProject">${project}</project>
      </configuration>
      <requirements>
        <requirement>
          <role>org.apache.maven.artifact.resolver.ArtifactResolver</role>
          <field-name>artifactResolver</field-name>
        </requirement>
        <requirement>
          <role>org.apache.maven.artifact.factory.ArtifactFactory</role>
          <field-name>artifactFactory</field-name>
        </requirement>
      </requirements>
    </mojo>
    <mojo>
      <goal>deployer-deploy</goal>
      <description>Deploy a deployable to a container.</description>
      <requiresDependencyResolution>compile</requiresDependencyResolution>
      <requiresDirectInvocation>false</requiresDirectInvocation>
      <requiresProject>true</requiresProject>
      <requiresReports>false</requiresReports>
      <aggregator>false</aggregator>
      <requiresOnline>false</requiresOnline>
      <inheritedByDefault>true</inheritedByDefault>
      <implementation>org.codehaus.cargo.maven2.DeployerDeployMojo</implementation>
      <language>java</language>
      <instantiationStrategy>per-lookup</instantiationStrategy>
      <executionStrategy>once-per-session</executionStrategy>
      <parameters>
        <parameter>
          <name>configuration</name>
          <type>org.codehaus.cargo.maven2.configuration.Configuration</type>
          <required>false</required>
          <editable>true</editable>
          <description></description>
        </parameter>
        <parameter>
          <name>container</name>
          <type>org.codehaus.cargo.maven2.configuration.Container</type>
          <required>false</required>
          <editable>true</editable>
          <description>Configures a Cargo {@link org.codehaus.cargo.container.Container}.
See the &lt;a href=&quot;http://cargo.codehaus.org/Maven2+Plugin+Reference+Guide&quot;&gt;Cargo Maven2 plugin
reference guide&lt;/a&gt; for more details.</description>
        </parameter>
        <parameter>
          <name>deployer</name>
          <type>org.codehaus.cargo.maven2.configuration.Deployer</type>
          <required>false</required>
          <editable>true</editable>
          <description></description>
        </parameter>
        <parameter>
          <name>localRepository</name>
          <type>org.apache.maven.artifact.repository.ArtifactRepository</type>
          <required>false</required>
          <editable>true</editable>
          <description>The local Maven repository. This is used by the artifact resolver to download resolved
JARs and put them in the local repository so that they won&apos;t have to be fetched again next
time the plugin is executed.</description>
        </parameter>
        <parameter>
          <name>project</name>
          <type>org.apache.maven.project.MavenProject</type>
          <required>true</required>
          <editable>false</editable>
          <description></description>
        </parameter>
        <parameter>
          <name>repositories</name>
          <type>java.util.List</type>
          <required>false</required>
          <editable>true</editable>
          <description>The remote Maven repositories used by the artifact resolver to look for JARs.</description>
        </parameter>
      </parameters>
      <configuration>
        <localRepository implementation="org.apache.maven.artifact.repository.ArtifactRepository">${localRepository}</localRepository>
        <repositories implementation="java.util.List">${project.remoteArtifactRepositories}</repositories>
        <project implementation="org.apache.maven.project.MavenProject">${project}</project>
      </configuration>
      <requirements>
        <requirement>
          <role>org.apache.maven.artifact.resolver.ArtifactResolver</role>
          <field-name>artifactResolver</field-name>
        </requirement>
        <requirement>
          <role>org.apache.maven.artifact.factory.ArtifactFactory</role>
          <field-name>artifactFactory</field-name>
        </requirement>
      </requirements>
    </mojo>
    <mojo>
      <goal>deployer-redeploy</goal>
      <description>Redeploy a deployable (i.e. undeploy and deploy it again) in a container.</description>
      <requiresDependencyResolution>compile</requiresDependencyResolution>
      <requiresDirectInvocation>false</requiresDirectInvocation>
      <requiresProject>true</requiresProject>
      <requiresReports>false</requiresReports>
      <aggregator>false</aggregator>
      <requiresOnline>false</requiresOnline>
      <inheritedByDefault>true</inheritedByDefault>
      <implementation>org.codehaus.cargo.maven2.DeployerRedeployMojo</implementation>
      <language>java</language>
      <instantiationStrategy>per-lookup</instantiationStrategy>
      <executionStrategy>once-per-session</executionStrategy>
      <parameters>
        <parameter>
          <name>configuration</name>
          <type>org.codehaus.cargo.maven2.configuration.Configuration</type>
          <required>false</required>
          <editable>true</editable>
          <description></description>
        </parameter>
        <parameter>
          <name>container</name>
          <type>org.codehaus.cargo.maven2.configuration.Container</type>
          <required>false</required>
          <editable>true</editable>
          <description>Configures a Cargo {@link org.codehaus.cargo.container.Container}.
See the &lt;a href=&quot;http://cargo.codehaus.org/Maven2+Plugin+Reference+Guide&quot;&gt;Cargo Maven2 plugin
reference guide&lt;/a&gt; for more details.</description>
        </parameter>
        <parameter>
          <name>deployer</name>
          <type>org.codehaus.cargo.maven2.configuration.Deployer</type>
          <required>false</required>
          <editable>true</editable>
          <description></description>
        </parameter>
        <parameter>
          <name>localRepository</name>
          <type>org.apache.maven.artifact.repository.ArtifactRepository</type>
          <required>false</required>
          <editable>true</editable>
          <description>The local Maven repository. This is used by the artifact resolver to download resolved
JARs and put them in the local repository so that they won&apos;t have to be fetched again next
time the plugin is executed.</description>
        </parameter>
        <parameter>
          <name>project</name>
          <type>org.apache.maven.project.MavenProject</type>
          <required>true</required>
          <editable>false</editable>
          <description></description>
        </parameter>
        <parameter>
          <name>repositories</name>
          <type>java.util.List</type>
          <required>false</required>
          <editable>true</editable>
          <description>The remote Maven repositories used by the artifact resolver to look for JARs.</description>
        </parameter>
      </parameters>
      <configuration>
        <localRepository implementation="org.apache.maven.artifact.repository.ArtifactRepository">${localRepository}</localRepository>
        <repositories implementation="java.util.List">${project.remoteArtifactRepositories}</repositories>
        <project implementation="org.apache.maven.project.MavenProject">${project}</project>
      </configuration>
      <requirements>
        <requirement>
          <role>org.apache.maven.artifact.resolver.ArtifactResolver</role>
          <field-name>artifactResolver</field-name>
        </requirement>
        <requirement>
          <role>org.apache.maven.artifact.factory.ArtifactFactory</role>
          <field-name>artifactFactory</field-name>
        </requirement>
      </requirements>
    </mojo>
    <mojo>
      <goal>deployer-start</goal>
      <description>Start a deployable which is already installed in a container.</description>
      <requiresDependencyResolution>compile</requiresDependencyResolution>
      <requiresDirectInvocation>false</requiresDirectInvocation>
      <requiresProject>true</requiresProject>
      <requiresReports>false</requiresReports>
      <aggregator>false</aggregator>
      <requiresOnline>false</requiresOnline>
      <inheritedByDefault>true</inheritedByDefault>
      <implementation>org.codehaus.cargo.maven2.DeployerStartMojo</implementation>
      <language>java</language>
      <instantiationStrategy>per-lookup</instantiationStrategy>
      <executionStrategy>once-per-session</executionStrategy>
      <parameters>
        <parameter>
          <name>configuration</name>
          <type>org.codehaus.cargo.maven2.configuration.Configuration</type>
          <required>false</required>
          <editable>true</editable>
          <description></description>
        </parameter>
        <parameter>
          <name>container</name>
          <type>org.codehaus.cargo.maven2.configuration.Container</type>
          <required>false</required>
          <editable>true</editable>
          <description>Configures a Cargo {@link org.codehaus.cargo.container.Container}.
See the &lt;a href=&quot;http://cargo.codehaus.org/Maven2+Plugin+Reference+Guide&quot;&gt;Cargo Maven2 plugin
reference guide&lt;/a&gt; for more details.</description>
        </parameter>
        <parameter>
          <name>deployer</name>
          <type>org.codehaus.cargo.maven2.configuration.Deployer</type>
          <required>false</required>
          <editable>true</editable>
          <description></description>
        </parameter>
        <parameter>
          <name>localRepository</name>
          <type>org.apache.maven.artifact.repository.ArtifactRepository</type>
          <required>false</required>
          <editable>true</editable>
          <description>The local Maven repository. This is used by the artifact resolver to download resolved
JARs and put them in the local repository so that they won&apos;t have to be fetched again next
time the plugin is executed.</description>
        </parameter>
        <parameter>
          <name>project</name>
          <type>org.apache.maven.project.MavenProject</type>
          <required>true</required>
          <editable>false</editable>
          <description></description>
        </parameter>
        <parameter>
          <name>repositories</name>
          <type>java.util.List</type>
          <required>false</required>
          <editable>true</editable>
          <description>The remote Maven repositories used by the artifact resolver to look for JARs.</description>
        </parameter>
      </parameters>
      <configuration>
        <localRepository implementation="org.apache.maven.artifact.repository.ArtifactRepository">${localRepository}</localRepository>
        <repositories implementation="java.util.List">${project.remoteArtifactRepositories}</repositories>
        <project implementation="org.apache.maven.project.MavenProject">${project}</project>
      </configuration>
      <requirements>
        <requirement>
          <role>org.apache.maven.artifact.resolver.ArtifactResolver</role>
          <field-name>artifactResolver</field-name>
        </requirement>
        <requirement>
          <role>org.apache.maven.artifact.factory.ArtifactFactory</role>
          <field-name>artifactFactory</field-name>
        </requirement>
      </requirements>
    </mojo>
    <mojo>
      <goal>deployer-stop</goal>
      <description>Stop a deployable which is already deployed in a container.</description>
      <requiresDependencyResolution>compile</requiresDependencyResolution>
      <requiresDirectInvocation>false</requiresDirectInvocation>
      <requiresProject>true</requiresProject>
      <requiresReports>false</requiresReports>
      <aggregator>false</aggregator>
      <requiresOnline>false</requiresOnline>
      <inheritedByDefault>true</inheritedByDefault>
      <implementation>org.codehaus.cargo.maven2.DeployerStopMojo</implementation>
      <language>java</language>
      <instantiationStrategy>per-lookup</instantiationStrategy>
      <executionStrategy>once-per-session</executionStrategy>
      <parameters>
        <parameter>
          <name>configuration</name>
          <type>org.codehaus.cargo.maven2.configuration.Configuration</type>
          <required>false</required>
          <editable>true</editable>
          <description></description>
        </parameter>
        <parameter>
          <name>container</name>
          <type>org.codehaus.cargo.maven2.configuration.Container</type>
          <required>false</required>
          <editable>true</editable>
          <description>Configures a Cargo {@link org.codehaus.cargo.container.Container}.
See the &lt;a href=&quot;http://cargo.codehaus.org/Maven2+Plugin+Reference+Guide&quot;&gt;Cargo Maven2 plugin
reference guide&lt;/a&gt; for more details.</description>
        </parameter>
        <parameter>
          <name>deployer</name>
          <type>org.codehaus.cargo.maven2.configuration.Deployer</type>
          <required>false</required>
          <editable>true</editable>
          <description></description>
        </parameter>
        <parameter>
          <name>localRepository</name>
          <type>org.apache.maven.artifact.repository.ArtifactRepository</type>
          <required>false</required>
          <editable>true</editable>
          <description>The local Maven repository. This is used by the artifact resolver to download resolved
JARs and put them in the local repository so that they won&apos;t have to be fetched again next
time the plugin is executed.</description>
        </parameter>
        <parameter>
          <name>project</name>
          <type>org.apache.maven.project.MavenProject</type>
          <required>true</required>
          <editable>false</editable>
          <description></description>
        </parameter>
        <parameter>
          <name>repositories</name>
          <type>java.util.List</type>
          <required>false</required>
          <editable>true</editable>
          <description>The remote Maven repositories used by the artifact resolver to look for JARs.</description>
        </parameter>
      </parameters>
      <configuration>
        <localRepository implementation="org.apache.maven.artifact.repository.ArtifactRepository">${localRepository}</localRepository>
        <repositories implementation="java.util.List">${project.remoteArtifactRepositories}</repositories>
        <project implementation="org.apache.maven.project.MavenProject">${project}</project>
      </configuration>
      <requirements>
        <requirement>
          <role>org.apache.maven.artifact.resolver.ArtifactResolver</role>
          <field-name>artifactResolver</field-name>
        </requirement>
        <requirement>
          <role>org.apache.maven.artifact.factory.ArtifactFactory</role>
          <field-name>artifactFactory</field-name>
        </requirement>
      </requirements>
    </mojo>
    <mojo>
      <goal>deployer-undeploy</goal>
      <description>Undeploy a deployable from a container.</description>
      <requiresDependencyResolution>compile</requiresDependencyResolution>
      <requiresDirectInvocation>false</requiresDirectInvocation>
      <requiresProject>true</requiresProject>
      <requiresReports>false</requiresReports>
      <aggregator>false</aggregator>
      <requiresOnline>false</requiresOnline>
      <inheritedByDefault>true</inheritedByDefault>
      <implementation>org.codehaus.cargo.maven2.DeployerUndeployMojo</implementation>
      <language>java</language>
      <instantiationStrategy>per-lookup</instantiationStrategy>
      <executionStrategy>once-per-session</executionStrategy>
      <parameters>
        <parameter>
          <name>configuration</name>
          <type>org.codehaus.cargo.maven2.configuration.Configuration</type>
          <required>false</required>
          <editable>true</editable>
          <description></description>
        </parameter>
        <parameter>
          <name>container</name>
          <type>org.codehaus.cargo.maven2.configuration.Container</type>
          <required>false</required>
          <editable>true</editable>
          <description>Configures a Cargo {@link org.codehaus.cargo.container.Container}.
See the &lt;a href=&quot;http://cargo.codehaus.org/Maven2+Plugin+Reference+Guide&quot;&gt;Cargo Maven2 plugin
reference guide&lt;/a&gt; for more details.</description>
        </parameter>
        <parameter>
          <name>deployer</name>
          <type>org.codehaus.cargo.maven2.configuration.Deployer</type>
          <required>false</required>
          <editable>true</editable>
          <description></description>
        </parameter>
        <parameter>
          <name>localRepository</name>
          <type>org.apache.maven.artifact.repository.ArtifactRepository</type>
          <required>false</required>
          <editable>true</editable>
          <description>The local Maven repository. This is used by the artifact resolver to download resolved
JARs and put them in the local repository so that they won&apos;t have to be fetched again next
time the plugin is executed.</description>
        </parameter>
        <parameter>
          <name>project</name>
          <type>org.apache.maven.project.MavenProject</type>
          <required>true</required>
          <editable>false</editable>
          <description></description>
        </parameter>
        <parameter>
          <name>repositories</name>
          <type>java.util.List</type>
          <required>false</required>
          <editable>true</editable>
          <description>The remote Maven repositories used by the artifact resolver to look for JARs.</description>
        </parameter>
      </parameters>
      <configuration>
        <localRepository implementation="org.apache.maven.artifact.repository.ArtifactRepository">${localRepository}</localRepository>
        <repositories implementation="java.util.List">${project.remoteArtifactRepositories}</repositories>
        <project implementation="org.apache.maven.project.MavenProject">${project}</project>
      </configuration>
      <requirements>
        <requirement>
          <role>org.apache.maven.artifact.resolver.ArtifactResolver</role>
          <field-name>artifactResolver</field-name>
        </requirement>
        <requirement>
          <role>org.apache.maven.artifact.factory.ArtifactFactory</role>
          <field-name>artifactFactory</field-name>
        </requirement>
      </requirements>
    </mojo>
    <mojo>
      <goal>package</goal>
      <description>Package a container distribution, a Configuration and deployed deployables. See
{@link org.codehaus.cargo.container.packager.Packager}.</description>
      <requiresDependencyResolution>compile</requiresDependencyResolution>
      <requiresDirectInvocation>false</requiresDirectInvocation>
      <requiresProject>true</requiresProject>
      <requiresReports>false</requiresReports>
      <aggregator>false</aggregator>
      <requiresOnline>false</requiresOnline>
      <inheritedByDefault>true</inheritedByDefault>
      <implementation>org.codehaus.cargo.maven2.PackageMojo</implementation>
      <language>java</language>
      <instantiationStrategy>per-lookup</instantiationStrategy>
      <executionStrategy>once-per-session</executionStrategy>
      <parameters>
        <parameter>
          <name>configuration</name>
          <type>org.codehaus.cargo.maven2.configuration.Configuration</type>
          <required>false</required>
          <editable>true</editable>
          <description></description>
        </parameter>
        <parameter>
          <name>container</name>
          <type>org.codehaus.cargo.maven2.configuration.Container</type>
          <required>false</required>
          <editable>true</editable>
          <description>Configures a Cargo {@link org.codehaus.cargo.container.Container}.
See the &lt;a href=&quot;http://cargo.codehaus.org/Maven2+Plugin+Reference+Guide&quot;&gt;Cargo Maven2 plugin
reference guide&lt;/a&gt; for more details.</description>
        </parameter>
        <parameter>
          <name>deployer</name>
          <type>org.codehaus.cargo.maven2.configuration.Deployer</type>
          <required>false</required>
          <editable>true</editable>
          <description></description>
        </parameter>
        <parameter>
          <name>localRepository</name>
          <type>org.apache.maven.artifact.repository.ArtifactRepository</type>
          <required>false</required>
          <editable>true</editable>
          <description>The local Maven repository. This is used by the artifact resolver to download resolved
JARs and put them in the local repository so that they won&apos;t have to be fetched again next
time the plugin is executed.</description>
        </parameter>
        <parameter>
          <name>packager</name>
          <type>org.codehaus.cargo.maven2.configuration.Packager</type>
          <required>false</required>
          <editable>true</editable>
          <description></description>
        </parameter>
        <parameter>
          <name>project</name>
          <type>org.apache.maven.project.MavenProject</type>
          <required>true</required>
          <editable>false</editable>
          <description></description>
        </parameter>
        <parameter>
          <name>repositories</name>
          <type>java.util.List</type>
          <required>false</required>
          <editable>true</editable>
          <description>The remote Maven repositories used by the artifact resolver to look for JARs.</description>
        </parameter>
      </parameters>
      <configuration>
        <localRepository implementation="org.apache.maven.artifact.repository.ArtifactRepository">${localRepository}</localRepository>
        <repositories implementation="java.util.List">${project.remoteArtifactRepositories}</repositories>
        <project implementation="org.apache.maven.project.MavenProject">${project}</project>
      </configuration>
      <requirements>
        <requirement>
          <role>org.apache.maven.artifact.resolver.ArtifactResolver</role>
          <field-name>artifactResolver</field-name>
        </requirement>
        <requirement>
          <role>org.apache.maven.artifact.factory.ArtifactFactory</role>
          <field-name>artifactFactory</field-name>
        </requirement>
      </requirements>
    </mojo>
    <mojo>
      <goal>uberwar</goal>
      <description>Build an uberwar.</description>
      <requiresDependencyResolution>runtime</requiresDependencyResolution>
      <requiresDirectInvocation>false</requiresDirectInvocation>
      <requiresProject>true</requiresProject>
      <requiresReports>false</requiresReports>
      <aggregator>false</aggregator>
      <requiresOnline>false</requiresOnline>
      <inheritedByDefault>true</inheritedByDefault>
      <phase>package</phase>
      <implementation>org.codehaus.cargo.maven2.UberWarMojo</implementation>
      <language>java</language>
      <instantiationStrategy>per-lookup</instantiationStrategy>
      <executionStrategy>once-per-session</executionStrategy>
      <parameters>
        <parameter>
          <name>descriptor</name>
          <type>java.io.File</type>
          <required>false</required>
          <editable>true</editable>
          <description>The file name to use for the merge descriptor</description>
        </parameter>
        <parameter>
          <name>descriptorId</name>
          <type>java.lang.String</type>
          <required>false</required>
          <editable>true</editable>
          <description>The id to use for the merge descriptor</description>
        </parameter>
        <parameter>
          <name>outputDirectory</name>
          <type>java.lang.String</type>
          <required>true</required>
          <editable>true</editable>
          <description>The directory for the generated WAR.</description>
        </parameter>
        <parameter>
          <name>project</name>
          <type>org.apache.maven.project.MavenProject</type>
          <required>true</required>
          <editable>false</editable>
          <description></description>
        </parameter>
        <parameter>
          <name>settings</name>
          <type>org.codehaus.plexus.configuration.PlexusConfiguration</type>
          <required>false</required>
          <editable>true</editable>
          <description>The settings to use when building the uber war</description>
        </parameter>
        <parameter>
          <name>warName</name>
          <type>java.lang.String</type>
          <required>true</required>
          <editable>true</editable>
          <description>The name of the generated war.</description>
        </parameter>
        <parameter>
          <name>wars</name>
          <type>java.util.List</type>
          <required>false</required>
          <editable>true</editable>
          <description>The list of WAR files to use (in order)</description>
        </parameter>
      </parameters>
      <configuration>
        <outputDirectory implementation="java.lang.String">${project.build.directory}</outputDirectory>
        <warName implementation="java.lang.String">${project.build.finalName}</warName>
        <project implementation="org.apache.maven.project.MavenProject">${project}</project>
      </configuration>
    </mojo>
  </mojos>
  <dependencies/>
</plugin>