<plugin>
  <description></description>
  <groupId>org.codehaus.mojo</groupId>
  <artifactId>aspectj-maven-plugin</artifactId>
  <version>1.0-beta-2</version>
  <goalPrefix>aspectj</goalPrefix>
  <isolatedRealm>false</isolatedRealm>
  <inheritedByDefault>true</inheritedByDefault>
  <mojos>
    <mojo>
      <goal>compile</goal>
      <description>Weaves all main classes.</description>
      <requiresDependencyResolution>compile</requiresDependencyResolution>
      <requiresDirectInvocation>false</requiresDirectInvocation>
      <requiresProject>true</requiresProject>
      <requiresReports>false</requiresReports>
      <aggregator>false</aggregator>
      <requiresOnline>false</requiresOnline>
      <inheritedByDefault>true</inheritedByDefault>
      <phase>process-sources</phase>
      <implementation>org.codehaus.mojo.aspectj.AjcCompileMojo</implementation>
      <language>java</language>
      <instantiationStrategy>per-lookup</instantiationStrategy>
      <executionStrategy>once-per-session</executionStrategy>
      <parameters>
        <parameter>
          <name>Xlint</name>
          <type>java.lang.String</type>
          <required>false</required>
          <editable>true</editable>
          <description>Set default level for messages about potential programming mistakes in crosscutting code. {level} may be ignore, warning, or error. This overrides entries in org/aspectj/weaver/XlintDefault.properties from aspectjtools.jar.</description>
        </parameter>
        <parameter>
          <name>XnoInline</name>
          <type>boolean</type>
          <required>false</required>
          <editable>true</editable>
          <description>(Experimental) do not inline around advice</description>
        </parameter>
        <parameter>
          <name>Xreweavable</name>
          <type>boolean</type>
          <required>false</required>
          <editable>true</editable>
          <description>(Experimental) runs weaver in reweavable mode which causes it to create woven classes that can be rewoven, subject to the restriction that on attempting a reweave all the types that advised the woven type must be accessible.</description>
        </parameter>
        <parameter>
          <name>XserializableAspects</name>
          <type>boolean</type>
          <required>false</required>
          <editable>true</editable>
          <description>(Experimental) Normally it is an error to declare aspects Serializable. This option removes that restriction.</description>
        </parameter>
        <parameter>
          <name>ajdtBuildDefFile</name>
          <type>java.lang.String</type>
          <required>false</required>
          <editable>true</editable>
          <description>Where to find the ajdt build definition file. &lt;i&gt;If set this will override the use of project sourcedirs&lt;/i&gt;.</description>
        </parameter>
        <parameter>
          <name>argumentFileName</name>
          <type>java.lang.String</type>
          <required>false</required>
          <editable>true</editable>
          <description>The filename to store build configuration in. This file will be placed in the project build output directory, and will contain all the arguments passed to the compiler in the last run, and also all the filenames included in the build. Aspects as well as java files.</description>
        </parameter>
        <parameter>
          <name>aspectDirectory</name>
          <type>java.lang.String</type>
          <required>false</required>
          <editable>true</editable>
          <description>The source directory for the aspects</description>
        </parameter>
        <parameter>
          <name>aspectLibraries</name>
          <type>org.codehaus.mojo.aspectj.Module</type>
          <required>false</required>
          <editable>true</editable>
          <description>Weave binary aspects from the jars. The aspects should have been output by the same version of the compiler. The modules must also be dependencies of the project. Corresponds to ajc -aspectpath option</description>
        </parameter>
        <parameter>
          <name>basedir</name>
          <type>java.io.File</type>
          <required>true</required>
          <editable>true</editable>
          <description>The basedir of the project.</description>
        </parameter>
        <parameter>
          <name>complianceLevel</name>
          <type>java.lang.String</type>
          <required>false</required>
          <editable>true</editable>
          <description>Specify compiler compliance setting (1.3 to 1.5) default is 1.4</description>
        </parameter>
        <parameter>
          <name>deprecation</name>
          <type>boolean</type>
          <required>false</required>
          <editable>true</editable>
          <description>Toggle warningmessages on deprecations</description>
        </parameter>
        <parameter>
          <name>emacssym</name>
          <type>boolean</type>
          <required>false</required>
          <editable>true</editable>
          <description>Generate .ajesym symbol files for emacs support</description>
        </parameter>
        <parameter>
          <name>encoding</name>
          <type>java.lang.String</type>
          <required>false</required>
          <editable>true</editable>
          <description>Specify default source encoding format.</description>
        </parameter>
        <parameter>
          <name>excludes</name>
          <type>java.lang.String</type>
          <required>false</required>
          <editable>true</editable>
          <description>List of ant-style patterns used to specify the aspects that should be excluded when compiling. When none specified all .java and .aj files in the project source directories, or directories spesified by the ajdtDefFile property are included. *</description>
        </parameter>
        <parameter>
          <name>includes</name>
          <type>java.lang.String</type>
          <required>false</required>
          <editable>true</editable>
          <description>List of ant-style patterns used to specify the aspects that should be included when compiling. When none specified all .java and .aj files in the project source directories, or directories spesified by the ajdtDefFile property are included. *</description>
        </parameter>
        <parameter>
          <name>noImportError</name>
          <type>boolean</type>
          <required>false</required>
          <editable>true</editable>
          <description>Emit no errors for unresolved imports;</description>
        </parameter>
        <parameter>
          <name>outxml</name>
          <type>boolean</type>
          <required>false</required>
          <editable>true</editable>
          <description>Generate aop.xml file for load-time weaving with default name.(/META-INF/aop.xml)</description>
        </parameter>
        <parameter>
          <name>outxmlfile</name>
          <type>java.lang.String</type>
          <required>false</required>
          <editable>true</editable>
          <description>Generate aop.xml file for load-time weaving with custom name.</description>
        </parameter>
        <parameter>
          <name>preserveAllLocals</name>
          <type>boolean</type>
          <required>false</required>
          <editable>true</editable>
          <description>Preserve all local variables during code generation (to facilitate debugging).</description>
        </parameter>
        <parameter>
          <name>proceedOnError</name>
          <type>boolean</type>
          <required>false</required>
          <editable>true</editable>
          <description>Keep compiling after error, dumping class files with problem methods</description>
        </parameter>
        <parameter>
          <name>project</name>
          <type>org.apache.maven.project.MavenProject</type>
          <required>true</required>
          <editable>true</editable>
          <description>The maven project.</description>
        </parameter>
        <parameter>
          <name>referenceInfo</name>
          <type>boolean</type>
          <required>false</required>
          <editable>true</editable>
          <description>Compute reference information.</description>
        </parameter>
        <parameter>
          <name>repeat</name>
          <type>int</type>
          <required>false</required>
          <editable>true</editable>
          <description>Repeat compilation process N times (typically to do performance analysis).</description>
        </parameter>
        <parameter>
          <name>showWeaveInfo</name>
          <type>boolean</type>
          <required>false</required>
          <editable>true</editable>
          <description>Emit messages about weaving</description>
        </parameter>
        <parameter>
          <name>source</name>
          <type>java.lang.String</type>
          <required>false</required>
          <editable>true</editable>
          <description>Toggle assertions (1.3, 1.4, or 1.5 - default is 1.4). When using -source 1.3, an assert() statement valid under Java 1.4 will result in a compiler error. When using -source 1.4, treat assert as a keyword and implement assertions according to the 1.4 language spec. When using -source 1.5, Java 5 language features are permitted.</description>
        </parameter>
        <parameter>
          <name>target</name>
          <type>java.lang.String</type>
          <required>false</required>
          <editable>true</editable>
          <description>Specify classfile target setting (1.1 to 1.5) default is 1.2</description>
        </parameter>
        <parameter>
          <name>testAspectDirectory</name>
          <type>java.lang.String</type>
          <required>false</required>
          <editable>true</editable>
          <description>The source directory for the test aspects</description>
        </parameter>
        <parameter>
          <name>verbose</name>
          <type>boolean</type>
          <required>false</required>
          <editable>true</editable>
          <description>Emit messages about accessed/processed compilation units</description>
        </parameter>
        <parameter>
          <name>weaveDependencies</name>
          <type>org.codehaus.mojo.aspectj.Module</type>
          <required>false</required>
          <editable>true</editable>
          <description>List of of modules to weave (into target directory). Corresponds to ajc -inpath option (or -injars for pre-1.2 (which is not supported)).</description>
        </parameter>
      </parameters>
      <configuration>
        <aspectDirectory implementation="java.lang.String" default-value="src/main/aspect"/>
        <testAspectDirectory implementation="java.lang.String" default-value="src/test/aspect"/>
        <project implementation="org.apache.maven.project.MavenProject">${project}</project>
        <argumentFileName implementation="java.lang.String" default-value="builddef.lst"/>
        <basedir implementation="java.io.File">${basedir}</basedir>
      </configuration>
    </mojo>
    <mojo>
      <goal>aspectj-report</goal>
      <description>Creates a ajdoc report in html format.</description>
      <requiresDirectInvocation>false</requiresDirectInvocation>
      <requiresProject>true</requiresProject>
      <requiresReports>false</requiresReports>
      <aggregator>false</aggregator>
      <requiresOnline>false</requiresOnline>
      <inheritedByDefault>true</inheritedByDefault>
      <implementation>org.codehaus.mojo.aspectj.AjcReportMojo</implementation>
      <language>java</language>
      <instantiationStrategy>per-lookup</instantiationStrategy>
      <executionStrategy>once-per-session</executionStrategy>
      <parameters>
        <parameter>
          <name>ajdtBuildDefFile</name>
          <type>java.lang.String</type>
          <required>false</required>
          <editable>true</editable>
          <description>Where to find the ajdt build definition file. &lt;i&gt;If set this will override the use of project sourcedirs&lt;/i&gt;.</description>
        </parameter>
        <parameter>
          <name>basedir</name>
          <type>java.io.File</type>
          <required>true</required>
          <editable>true</editable>
          <description>The basedir of the project.</description>
        </parameter>
        <parameter>
          <name>complianceLevel</name>
          <type>java.lang.String</type>
          <required>false</required>
          <editable>true</editable>
          <description>Specify compiler compliance setting (1.3 to 1.5, default is 1.4)</description>
        </parameter>
        <parameter>
          <name>doctitle</name>
          <type>java.lang.String</type>
          <required>false</required>
          <editable>true</editable>
          <description>Specifies the title to be placed near the top of the overview summary file. The title will be placed as a centered, level-one heading directly beneath the upper navigation bar. The title may contain html tags and white space, though if it does, it must be enclosed in quotes. Any internal quotation marks within title may have to be escaped.</description>
        </parameter>
        <parameter>
          <name>overview</name>
          <type>java.lang.String</type>
          <required>false</required>
          <editable>true</editable>
          <description>Specifies that javadoc should retrieve the text for the overview documentation from the &quot;source&quot; file specified by path/filename and place it on the Overview page (overview-summary.html). The path/filename is relative to the ${basedir}. While you can use any name you want for filename and place it anywhere you want for path, a typical thing to do is to name it overview.html and place it in the source tree at the directory that contains the topmost package directories. In this location, no path is needed when documenting packages, since -sourcepath will point to this file. For example, if the source tree for the java.lang package is /src/classes/java/lang/, then you could place the overview file at /src/classes/overview.html. See Real World Example. For information about the file specified by path/filename, see overview comment file.Note that the overview page is created only if you pass into javadoc two or more package names. For further explanation, see HTML Frames.) The title on the overview page is set by -doctitle.</description>
        </parameter>
        <parameter>
          <name>packageScope</name>
          <type>boolean</type>
          <required>false</required>
          <editable>true</editable>
          <description>Shows only package, protected, and public classes and members.</description>
        </parameter>
        <parameter>
          <name>privateScope</name>
          <type>boolean</type>
          <required>false</required>
          <editable>true</editable>
          <description>Shows all classes and members.</description>
        </parameter>
        <parameter>
          <name>project</name>
          <type>org.apache.maven.project.MavenProject</type>
          <required>true</required>
          <editable>true</editable>
          <description>The maven project.</description>
        </parameter>
        <parameter>
          <name>protectedScope</name>
          <type>boolean</type>
          <required>false</required>
          <editable>true</editable>
          <description>Shows only protected and public classes and members. This is the default.</description>
        </parameter>
        <parameter>
          <name>publicScope</name>
          <type>boolean</type>
          <required>false</required>
          <editable>true</editable>
          <description>Shows only public classes and members.</description>
        </parameter>
        <parameter>
          <name>verbose</name>
          <type>boolean</type>
          <required>false</required>
          <editable>true</editable>
          <description>Provides more detailed messages while javadoc is running. Without the verbose option, messages appear for loading the source files, generating the documentation (one message per source file), and sorting. The verbose option causes the printing of additional messages specifying the number of milliseconds to parse each java source file.</description>
        </parameter>
      </parameters>
      <configuration>
        <project implementation="org.apache.maven.project.MavenProject">${project}</project>
        <basedir implementation="java.io.File">${basedir}</basedir>
      </configuration>
      <requirements>
        <requirement>
          <role>org.codehaus.doxia.site.renderer.SiteRenderer</role>
          <field-name>siteRenderer</field-name>
        </requirement>
      </requirements>
    </mojo>
    <mojo>
      <goal>test-compile</goal>
      <description>Weaves all test classes.</description>
      <requiresDependencyResolution>test</requiresDependencyResolution>
      <requiresDirectInvocation>false</requiresDirectInvocation>
      <requiresProject>true</requiresProject>
      <requiresReports>false</requiresReports>
      <aggregator>false</aggregator>
      <requiresOnline>false</requiresOnline>
      <inheritedByDefault>true</inheritedByDefault>
      <phase>process-test-sources</phase>
      <implementation>org.codehaus.mojo.aspectj.AjcTestCompileMojo</implementation>
      <language>java</language>
      <instantiationStrategy>per-lookup</instantiationStrategy>
      <executionStrategy>once-per-session</executionStrategy>
      <parameters>
        <parameter>
          <name>Xlint</name>
          <type>java.lang.String</type>
          <required>false</required>
          <editable>true</editable>
          <description>Set default level for messages about potential programming mistakes in crosscutting code. {level} may be ignore, warning, or error. This overrides entries in org/aspectj/weaver/XlintDefault.properties from aspectjtools.jar.</description>
        </parameter>
        <parameter>
          <name>XnoInline</name>
          <type>boolean</type>
          <required>false</required>
          <editable>true</editable>
          <description>(Experimental) do not inline around advice</description>
        </parameter>
        <parameter>
          <name>Xreweavable</name>
          <type>boolean</type>
          <required>false</required>
          <editable>true</editable>
          <description>(Experimental) runs weaver in reweavable mode which causes it to create woven classes that can be rewoven, subject to the restriction that on attempting a reweave all the types that advised the woven type must be accessible.</description>
        </parameter>
        <parameter>
          <name>XserializableAspects</name>
          <type>boolean</type>
          <required>false</required>
          <editable>true</editable>
          <description>(Experimental) Normally it is an error to declare aspects Serializable. This option removes that restriction.</description>
        </parameter>
        <parameter>
          <name>ajdtBuildDefFile</name>
          <type>java.lang.String</type>
          <required>false</required>
          <editable>true</editable>
          <description>Where to find the ajdt build definition file. &lt;i&gt;If set this will override the use of project sourcedirs&lt;/i&gt;.</description>
        </parameter>
        <parameter>
          <name>argumentFileName</name>
          <type>java.lang.String</type>
          <required>false</required>
          <editable>true</editable>
          <description>The filename to store build configuration in. This file will be placed in the project build output directory, and will contain all the arguments passed to the compiler in the last run, and also all the filenames included in the build. Aspects as well as java files.</description>
        </parameter>
        <parameter>
          <name>aspectDirectory</name>
          <type>java.lang.String</type>
          <required>false</required>
          <editable>true</editable>
          <description>The source directory for the aspects</description>
        </parameter>
        <parameter>
          <name>aspectLibraries</name>
          <type>org.codehaus.mojo.aspectj.Module</type>
          <required>false</required>
          <editable>true</editable>
          <description>Weave binary aspects from the jars. The aspects should have been output by the same version of the compiler. The modules must also be dependencies of the project. Corresponds to ajc -aspectpath option</description>
        </parameter>
        <parameter>
          <name>basedir</name>
          <type>java.io.File</type>
          <required>true</required>
          <editable>true</editable>
          <description>The basedir of the project.</description>
        </parameter>
        <parameter>
          <name>complianceLevel</name>
          <type>java.lang.String</type>
          <required>false</required>
          <editable>true</editable>
          <description>Specify compiler compliance setting (1.3 to 1.5) default is 1.4</description>
        </parameter>
        <parameter>
          <name>deprecation</name>
          <type>boolean</type>
          <required>false</required>
          <editable>true</editable>
          <description>Toggle warningmessages on deprecations</description>
        </parameter>
        <parameter>
          <name>emacssym</name>
          <type>boolean</type>
          <required>false</required>
          <editable>true</editable>
          <description>Generate .ajesym symbol files for emacs support</description>
        </parameter>
        <parameter>
          <name>encoding</name>
          <type>java.lang.String</type>
          <required>false</required>
          <editable>true</editable>
          <description>Specify default source encoding format.</description>
        </parameter>
        <parameter>
          <name>excludes</name>
          <type>java.lang.String</type>
          <required>false</required>
          <editable>true</editable>
          <description>List of ant-style patterns used to specify the aspects that should be excluded when compiling. When none specified all .java and .aj files in the project source directories, or directories spesified by the ajdtDefFile property are included. *</description>
        </parameter>
        <parameter>
          <name>includes</name>
          <type>java.lang.String</type>
          <required>false</required>
          <editable>true</editable>
          <description>List of ant-style patterns used to specify the aspects that should be included when compiling. When none specified all .java and .aj files in the project source directories, or directories spesified by the ajdtDefFile property are included. *</description>
        </parameter>
        <parameter>
          <name>noImportError</name>
          <type>boolean</type>
          <required>false</required>
          <editable>true</editable>
          <description>Emit no errors for unresolved imports;</description>
        </parameter>
        <parameter>
          <name>outxml</name>
          <type>boolean</type>
          <required>false</required>
          <editable>true</editable>
          <description>Generate aop.xml file for load-time weaving with default name.(/META-INF/aop.xml)</description>
        </parameter>
        <parameter>
          <name>outxmlfile</name>
          <type>java.lang.String</type>
          <required>false</required>
          <editable>true</editable>
          <description>Generate aop.xml file for load-time weaving with custom name.</description>
        </parameter>
        <parameter>
          <name>preserveAllLocals</name>
          <type>boolean</type>
          <required>false</required>
          <editable>true</editable>
          <description>Preserve all local variables during code generation (to facilitate debugging).</description>
        </parameter>
        <parameter>
          <name>proceedOnError</name>
          <type>boolean</type>
          <required>false</required>
          <editable>true</editable>
          <description>Keep compiling after error, dumping class files with problem methods</description>
        </parameter>
        <parameter>
          <name>project</name>
          <type>org.apache.maven.project.MavenProject</type>
          <required>true</required>
          <editable>true</editable>
          <description>The maven project.</description>
        </parameter>
        <parameter>
          <name>referenceInfo</name>
          <type>boolean</type>
          <required>false</required>
          <editable>true</editable>
          <description>Compute reference information.</description>
        </parameter>
        <parameter>
          <name>repeat</name>
          <type>int</type>
          <required>false</required>
          <editable>true</editable>
          <description>Repeat compilation process N times (typically to do performance analysis).</description>
        </parameter>
        <parameter>
          <name>showWeaveInfo</name>
          <type>boolean</type>
          <required>false</required>
          <editable>true</editable>
          <description>Emit messages about weaving</description>
        </parameter>
        <parameter>
          <name>source</name>
          <type>java.lang.String</type>
          <required>false</required>
          <editable>true</editable>
          <description>Toggle assertions (1.3, 1.4, or 1.5 - default is 1.4). When using -source 1.3, an assert() statement valid under Java 1.4 will result in a compiler error. When using -source 1.4, treat assert as a keyword and implement assertions according to the 1.4 language spec. When using -source 1.5, Java 5 language features are permitted.</description>
        </parameter>
        <parameter>
          <name>target</name>
          <type>java.lang.String</type>
          <required>false</required>
          <editable>true</editable>
          <description>Specify classfile target setting (1.1 to 1.5) default is 1.2</description>
        </parameter>
        <parameter>
          <name>testAspectDirectory</name>
          <type>java.lang.String</type>
          <required>false</required>
          <editable>true</editable>
          <description>The source directory for the test aspects</description>
        </parameter>
        <parameter>
          <name>verbose</name>
          <type>boolean</type>
          <required>false</required>
          <editable>true</editable>
          <description>Emit messages about accessed/processed compilation units</description>
        </parameter>
        <parameter>
          <name>weaveDependencies</name>
          <type>org.codehaus.mojo.aspectj.Module</type>
          <required>false</required>
          <editable>true</editable>
          <description>List of of modules to weave (into target directory). Corresponds to ajc -inpath option (or -injars for pre-1.2 (which is not supported)).</description>
        </parameter>
        <parameter>
          <name>weaveMainSourceFolder</name>
          <type>boolean</type>
          <required>false</required>
          <editable>true</editable>
          <description>Flag to indicate if the main source dirs should be a part of the compile process. Note this will make all classes in main source dir appare in the test output dir also, potentially overwriting test resources.</description>
        </parameter>
        <parameter>
          <name>weaveWithAspectsInMainSourceFolder</name>
          <type>boolean</type>
          <required>false</required>
          <editable>true</editable>
          <description>Flag to indicate if aspects in the the main source dirs should be a part of the compile process</description>
        </parameter>
      </parameters>
      <configuration>
        <aspectDirectory implementation="java.lang.String" default-value="src/main/aspect"/>
        <testAspectDirectory implementation="java.lang.String" default-value="src/test/aspect"/>
        <project implementation="org.apache.maven.project.MavenProject">${project}</project>
        <argumentFileName implementation="java.lang.String" default-value="builddef.lst"/>
        <weaveWithAspectsInMainSourceFolder implementation="boolean" default-value="true"/>
        <weaveMainSourceFolder implementation="boolean" default-value="false"/>
        <basedir implementation="java.io.File">${basedir}</basedir>
      </configuration>
    </mojo>
  </mojos>
  <dependencies/>
</plugin>