<plugin>
  <description>Orchestrates resolving sources, etc for dependencies, and invoking builds (up to &apos;install&apos; IIRC) on deps, binds early in the lifecycle.</description>
  <groupId>org.codehaus.mojo</groupId>
  <artifactId>build-on-demand-maven-plugin</artifactId>
  <version>1.0-alpha-2</version>
  <goalPrefix>build-on-demand</goalPrefix>
  <isolatedRealm>false</isolatedRealm>
  <inheritedByDefault>true</inheritedByDefault>
  <mojos>
    <mojo>
      <goal>build</goal>
      <description>Builds project dependencies as needed.</description>
      <requiresDirectInvocation>false</requiresDirectInvocation>
      <requiresProject>true</requiresProject>
      <requiresReports>false</requiresReports>
      <aggregator>false</aggregator>
      <requiresOnline>false</requiresOnline>
      <inheritedByDefault>true</inheritedByDefault>
      <phase>initialize</phase>
      <implementation>org.codehaus.mojo.bod.BuildOnDemandMojo</implementation>
      <language>java</language>
      <instantiationStrategy>per-lookup</instantiationStrategy>
      <executionStrategy>once-per-session</executionStrategy>
      <parameters>
        <parameter>
          <name>build</name>
          <type>org.codehaus.mojo.bod.BuildConfiguration</type>
          <required>false</required>
          <editable>true</editable>
          <description>Lifecycle phase or goal to execute when building dependency projects.</description>
        </parameter>
        <parameter>
          <name>dependencyProjectsDir</name>
          <type>java.io.File</type>
          <required>true</required>
          <editable>true</editable>
          <description>This is the parent directory for any projects whose sources must be resolved and unpacked, in order to be built.</description>
        </parameter>
        <parameter>
          <name>force</name>
          <type>boolean</type>
          <required>false</required>
          <editable>true</editable>
          <description>Flag telling this mojo to force the building of all dependency projects.</description>
        </parameter>
        <parameter>
          <name>localRepository</name>
          <type>org.apache.maven.artifact.repository.ArtifactRepository</type>
          <required>true</required>
          <editable>false</editable>
          <description></description>
        </parameter>
        <parameter>
          <name>password</name>
          <type>java.lang.String</type>
          <required>false</required>
          <editable>true</editable>
          <description>The user password (used by svn and starteam protocol).</description>
        </parameter>
        <parameter>
          <name>project</name>
          <type>org.apache.maven.project.MavenProject</type>
          <required>true</required>
          <editable>false</editable>
          <description></description>
        </parameter>
        <parameter>
          <name>reactorProjects</name>
          <type>java.util.List</type>
          <required>true</required>
          <editable>false</editable>
          <description></description>
        </parameter>
        <parameter>
          <name>rewrite</name>
          <type>org.codehaus.mojo.bod.PomRewriteConfiguration</type>
          <required>false</required>
          <editable>true</editable>
          <description>Configuration for rewriting POMs to contain application-assembly-specific information, such as a common package name prefix for all builds that constitute the app-assembly.</description>
        </parameter>
        <parameter>
          <name>settings</name>
          <type>org.apache.maven.settings.Settings</type>
          <required>true</required>
          <editable>false</editable>
          <description></description>
        </parameter>
        <parameter>
          <name>useGlobalBuildCache</name>
          <type>boolean</type>
          <required>false</required>
          <editable>true</editable>
          <description>Flag indicating whether to track dependency builds in a global cache, or per-main-project. If true, then all dependencies of all projects in the current &lt;b&gt;multimodule&lt;/b&gt; build will be built at most once. If false, dependencies will be built at most once &lt;b&gt;per project in the the multimodule build&lt;/b&gt;. This should usually be false, to enable building application assemblies during the course of a multimodule build.</description>
        </parameter>
        <parameter>
          <name>useLatestProjectSources</name>
          <type>boolean</type>
          <required>false</required>
          <editable>true</editable>
          <description>This flag is set to allow using the latest sources of a snapshot dependency.</description>
        </parameter>
        <parameter>
          <name>username</name>
          <type>java.lang.String</type>
          <required>false</required>
          <editable>true</editable>
          <description>The user name (used by svn and starteam protocol).</description>
        </parameter>
        <parameter>
          <name>workspaceUrl</name>
          <type>java.lang.String</type>
          <required>false</required>
          <editable>true</editable>
          <description>The workspace URL from which to retrieve dependency sources from. Supported protocols are file:// (local directory) and SCM URL formats supported by Maven (e.g. scm:svn:https://)</description>
        </parameter>
      </parameters>
      <configuration>
        <password implementation="java.lang.String">${password}</password>
        <settings implementation="org.apache.maven.settings.Settings">${settings}</settings>
        <useLatestProjectSources implementation="boolean" default-value="true">${useLatestProjectSources}</useLatestProjectSources>
        <localRepository implementation="org.apache.maven.artifact.repository.ArtifactRepository" default-value="${localRepository}"/>
        <dependencyProjectsDir implementation="java.io.File" default-value="${project.build.directory}/dependency-projects"/>
        <username implementation="java.lang.String">${username}</username>
        <project implementation="org.apache.maven.project.MavenProject" default-value="${project}"/>
        <reactorProjects implementation="java.util.List" default-value="${reactorProjects}"/>
        <useGlobalBuildCache implementation="boolean" default-value="false">${useGlobalBuildCache}</useGlobalBuildCache>
        <force implementation="boolean" default-value="true">${force}</force>
        <workspaceUrl implementation="java.lang.String">${workspaceUrl}</workspaceUrl>
      </configuration>
      <requirements>
        <requirement>
          <role>org.apache.maven.scm.manager.ScmManager</role>
          <field-name>manager</field-name>
        </requirement>
        <requirement>
          <role>org.codehaus.mojo.bod.build.DependencyBuilder</role>
          <field-name>dependencyBuilder</field-name>
        </requirement>
      </requirements>
    </mojo>
    <mojo>
      <goal>clean</goal>
      <description>Removes project dependencies as needed.</description>
      <requiresDirectInvocation>false</requiresDirectInvocation>
      <requiresProject>true</requiresProject>
      <requiresReports>false</requiresReports>
      <aggregator>false</aggregator>
      <requiresOnline>false</requiresOnline>
      <inheritedByDefault>true</inheritedByDefault>
      <phase>clean</phase>
      <implementation>org.codehaus.mojo.bod.BuildOnDemandCleanMojo</implementation>
      <language>java</language>
      <instantiationStrategy>per-lookup</instantiationStrategy>
      <executionStrategy>once-per-session</executionStrategy>
      <parameters>
        <parameter>
          <name>dependencyProjectsDir</name>
          <type>java.io.File</type>
          <required>true</required>
          <editable>true</editable>
          <description>This is the parent directory for any projects whose sources must be resolved and unpacked, in order to be built.</description>
        </parameter>
        <parameter>
          <name>localRepository</name>
          <type>org.apache.maven.artifact.repository.ArtifactRepository</type>
          <required>true</required>
          <editable>false</editable>
          <description></description>
        </parameter>
        <parameter>
          <name>password</name>
          <type>java.lang.String</type>
          <required>false</required>
          <editable>true</editable>
          <description>The user password (used by svn and starteam protocol).</description>
        </parameter>
        <parameter>
          <name>project</name>
          <type>org.apache.maven.project.MavenProject</type>
          <required>true</required>
          <editable>false</editable>
          <description></description>
        </parameter>
        <parameter>
          <name>reactorProjects</name>
          <type>java.util.List</type>
          <required>true</required>
          <editable>false</editable>
          <description></description>
        </parameter>
        <parameter>
          <name>rewrite</name>
          <type>org.codehaus.mojo.bod.PomRewriteConfiguration</type>
          <required>false</required>
          <editable>true</editable>
          <description>Configuration for rewriting POMs to contain application-assembly-specific information, such as a common package name prefix for all builds that constitute the app-assembly.</description>
        </parameter>
        <parameter>
          <name>settings</name>
          <type>org.apache.maven.settings.Settings</type>
          <required>true</required>
          <editable>false</editable>
          <description></description>
        </parameter>
        <parameter>
          <name>useGlobalBuildCache</name>
          <type>boolean</type>
          <required>false</required>
          <editable>true</editable>
          <description>Flag indicating whether to track dependency builds in a global cache, or per-main-project. If true, then all dependencies of all projects in the current &lt;b&gt;multimodule&lt;/b&gt; build will be built at most once. If false, dependencies will be built at most once &lt;b&gt;per project in the the multimodule build&lt;/b&gt;. This should usually be false, to enable building application assemblies during the course of a multimodule build.</description>
        </parameter>
        <parameter>
          <name>useLatestProjectSources</name>
          <type>boolean</type>
          <required>false</required>
          <editable>true</editable>
          <description>This flag is set to allow using the latest sources of a snapshot dependency.</description>
        </parameter>
        <parameter>
          <name>username</name>
          <type>java.lang.String</type>
          <required>false</required>
          <editable>true</editable>
          <description>The user name (used by svn and starteam protocol).</description>
        </parameter>
        <parameter>
          <name>workspaceUrl</name>
          <type>java.lang.String</type>
          <required>false</required>
          <editable>true</editable>
          <description>The workspace URL from which to retrieve dependency sources from. Supported protocols are file:// (local directory) and SCM URL formats supported by Maven (e.g. scm:svn:https://)</description>
        </parameter>
      </parameters>
      <configuration>
        <password implementation="java.lang.String">${password}</password>
        <settings implementation="org.apache.maven.settings.Settings">${settings}</settings>
        <useLatestProjectSources implementation="boolean" default-value="true">${useLatestProjectSources}</useLatestProjectSources>
        <localRepository implementation="org.apache.maven.artifact.repository.ArtifactRepository" default-value="${localRepository}"/>
        <dependencyProjectsDir implementation="java.io.File" default-value="${project.build.directory}/dependency-projects"/>
        <username implementation="java.lang.String">${username}</username>
        <project implementation="org.apache.maven.project.MavenProject" default-value="${project}"/>
        <reactorProjects implementation="java.util.List" default-value="${reactorProjects}"/>
        <useGlobalBuildCache implementation="boolean" default-value="false">${useGlobalBuildCache}</useGlobalBuildCache>
        <workspaceUrl implementation="java.lang.String">${workspaceUrl}</workspaceUrl>
      </configuration>
      <requirements>
        <requirement>
          <role>org.apache.maven.scm.manager.ScmManager</role>
          <field-name>manager</field-name>
        </requirement>
        <requirement>
          <role>org.codehaus.mojo.bod.build.DependencyBuilder</role>
          <field-name>dependencyBuilder</field-name>
        </requirement>
      </requirements>
    </mojo>
  </mojos>
  <dependencies/>
</plugin>