<plugin>
  <description>This Plug-In generates reports based on the FindBugs Library</description>
  <groupId>org.codehaus.mojo</groupId>
  <artifactId>findbugs-maven-plugin</artifactId>
  <version>1.1.1</version>
  <goalPrefix>findbugs</goalPrefix>
  <isolatedRealm>false</isolatedRealm>
  <inheritedByDefault>true</inheritedByDefault>
  <mojos>
    <mojo>
      <goal>findbugs</goal>
      <description>Generates a FindBugs report.</description>
      <requiresDependencyResolution>compile</requiresDependencyResolution>
      <requiresDirectInvocation>false</requiresDirectInvocation>
      <requiresProject>true</requiresProject>
      <requiresReports>false</requiresReports>
      <aggregator>false</aggregator>
      <requiresOnline>false</requiresOnline>
      <inheritedByDefault>true</inheritedByDefault>
      <executePhase>compile</executePhase>
      <implementation>org.codehaus.mojo.findbugs.FindBugsMojo</implementation>
      <language>java</language>
      <instantiationStrategy>per-lookup</instantiationStrategy>
      <executionStrategy>once-per-session</executionStrategy>
      <parameters>
        <parameter>
          <name>bugReporter</name>
          <type>edu.umd.cs.findbugs.BugReporter</type>
          <required>false</required>
          <editable>false</editable>
          <description>The Base FindBugs reporter Class for reports.</description>
        </parameter>
        <parameter>
          <name>classFilesDirectory</name>
          <type>java.io.File</type>
          <required>true</required>
          <editable>true</editable>
          <description>Directory containing the class files for FindBugs to analyze.</description>
        </parameter>
        <parameter>
          <name>classScreener</name>
          <type>edu.umd.cs.findbugs.ClassScreener</type>
          <required>false</required>
          <editable>false</editable>
          <description>The Base FindBugs reporter Class for reports.</description>
        </parameter>
        <parameter>
          <name>debug</name>
          <type>java.lang.Boolean</type>
          <required>false</required>
          <editable>true</editable>
          <description>turn on Findbugs debugging</description>
        </parameter>
        <parameter>
          <name>effort</name>
          <type>java.lang.String</type>
          <required>false</required>
          <editable>true</editable>
          <description>Effort of the bug finders. Valid values are Min, Default and Max.</description>
        </parameter>
        <parameter>
          <name>excludeFilterFile</name>
          <type>java.lang.String</type>
          <required>false</required>
          <editable>true</editable>
          <description>File name of the exclude filter. Bugs matching the filters are not reported.</description>
        </parameter>
        <parameter>
          <name>includeFilterFile</name>
          <type>java.lang.String</type>
          <required>false</required>
          <editable>true</editable>
          <description>File name of the include filter. Only bugs in matching the filters are reported.</description>
        </parameter>
        <parameter>
          <name>localRepository</name>
          <type>org.apache.maven.artifact.repository.DefaultArtifactRepository</type>
          <required>true</required>
          <editable>false</editable>
          <description>The local repository, needed to download the coreplugin jar.</description>
        </parameter>
        <parameter>
          <name>omitVisitors</name>
          <type>java.lang.String</type>
          <required>false</required>
          <editable>true</editable>
          <description>The visitor list to omit. This is a comma-delimited list.</description>
        </parameter>
        <parameter>
          <name>onlyAnalyze</name>
          <type>java.lang.String</type>
          <required>false</required>
          <editable>true</editable>
          <description>Restrict analysis to find bugs to given comma-separated list of classes and packages.</description>
        </parameter>
        <parameter>
          <name>outputDirectory</name>
          <type>java.lang.String</type>
          <required>true</required>
          <editable>true</editable>
          <description>Location where generated html will be created.</description>
        </parameter>
        <parameter>
          <name>pluginArtifacts</name>
          <type>java.util.ArrayList</type>
          <required>true</required>
          <editable>false</editable>
          <description>List of artifacts this plugin depends on. Used for resolving the Findbugs coreplugin.</description>
        </parameter>
        <parameter>
          <name>pluginList</name>
          <type>java.lang.String</type>
          <required>false</required>
          <editable>true</editable>
          <description>The plugin list to include in the report. This is a comma-delimited list.</description>
        </parameter>
        <parameter>
          <name>pluginLoaded</name>
          <type>boolean</type>
          <required>false</required>
          <editable>false</editable>
          <description>The Flag letting us know if classes have been loaded already.</description>
        </parameter>
        <parameter>
          <name>project</name>
          <type>org.apache.maven.project.MavenProject</type>
          <required>true</required>
          <editable>false</editable>
          <description>Maven Project</description>
        </parameter>
        <parameter>
          <name>relaxed</name>
          <type>java.lang.Boolean</type>
          <required>false</required>
          <editable>true</editable>
          <description>Relaxed reporting mode. For many detectors, this option suppresses the heuristics used to avoid reporting false
positives.</description>
        </parameter>
        <parameter>
          <name>remoteArtifactRepositories</name>
          <type>java.util.List</type>
          <required>true</required>
          <editable>false</editable>
          <description>Remote repositories which will be searched for the coreplugin jar.</description>
        </parameter>
        <parameter>
          <name>skip</name>
          <type>boolean</type>
          <required>false</required>
          <editable>true</editable>
          <description>Skip entire check.</description>
        </parameter>
        <parameter>
          <name>threshold</name>
          <type>java.lang.String</type>
          <required>false</required>
          <editable>true</editable>
          <description>Threshold of minimum bug severity to report. Valid values are High, Medium, Low and Exp (for experimental).</description>
        </parameter>
        <parameter>
          <name>visitors</name>
          <type>java.lang.String</type>
          <required>false</required>
          <editable>true</editable>
          <description>The visitor list to run. This is a comma-delimited list.</description>
        </parameter>
        <parameter>
          <name>xmlOutput</name>
          <type>boolean</type>
          <required>false</required>
          <editable>true</editable>
          <description>Turn on and off xml output of the Findbugs report.</description>
        </parameter>
        <parameter>
          <name>xmlOutputDirectory</name>
          <type>java.io.File</type>
          <required>true</required>
          <editable>true</editable>
          <description>Specifies the directory where the xml output will be generated.</description>
        </parameter>
      </parameters>
      <configuration>
        <project implementation="org.apache.maven.project.MavenProject">${project}</project>
        <xmlOutput implementation="boolean" default-value="false"/>
        <relaxed implementation="java.lang.Boolean" default-value="false"/>
        <classFilesDirectory implementation="java.io.File" default-value="${project.build.outputDirectory}"/>
        <debug implementation="java.lang.Boolean" default-value="false"/>
        <skip implementation="boolean" default-value="false">${findbugs.skip}</skip>
        <outputDirectory implementation="java.lang.String" default-value="${project.reporting.outputDirectory}"/>
        <localRepository implementation="org.apache.maven.artifact.repository.DefaultArtifactRepository">${localRepository}</localRepository>
        <xmlOutputDirectory implementation="java.io.File" default-value="${project.build.directory}"/>
        <remoteArtifactRepositories implementation="java.util.List">${project.remoteArtifactRepositories}</remoteArtifactRepositories>
        <pluginArtifacts implementation="java.util.ArrayList">${plugin.artifacts}</pluginArtifacts>
      </configuration>
      <requirements>
        <requirement>
          <role>org.apache.maven.doxia.siterenderer.Renderer</role>
          <field-name>siteRenderer</field-name>
        </requirement>
        <requirement>
          <role>org.apache.maven.artifact.resolver.ArtifactResolver</role>
          <field-name>artifactResolver</field-name>
        </requirement>
      </requirements>
    </mojo>
  </mojos>
  <dependencies/>
</plugin>