<plugin>
  <description>Maven plugin to run Fit fixtures.</description>
  <groupId>org.codehaus.mojo</groupId>
  <artifactId>fit-maven-plugin</artifactId>
  <version>2.0-beta-3</version>
  <goalPrefix>fit</goalPrefix>
  <isolatedRealm>false</isolatedRealm>
  <inheritedByDefault>true</inheritedByDefault>
  <mojos>
    <mojo>
      <goal>run</goal>
      <description>Mojo to run Fit tests via a Fixture</description>
      <requiresDependencyResolution>test</requiresDependencyResolution>
      <requiresDirectInvocation>false</requiresDirectInvocation>
      <requiresProject>true</requiresProject>
      <requiresReports>false</requiresReports>
      <aggregator>false</aggregator>
      <requiresOnline>false</requiresOnline>
      <inheritedByDefault>true</inheritedByDefault>
      <phase>integration-test</phase>
      <implementation>org.codehaus.mojo.fit.FitRunnerMojo</implementation>
      <language>java</language>
      <instantiationStrategy>per-lookup</instantiationStrategy>
      <executionStrategy>once-per-session</executionStrategy>
      <parameters>
        <parameter>
          <name>caseSensitive</name>
          <type>boolean</type>
          <required>false</required>
          <editable>true</editable>
          <description>Flag to indicate that path names are case sensitive</description>
        </parameter>
        <parameter>
          <name>classpathElements</name>
          <type>java.util.List</type>
          <required>true</required>
          <editable>true</editable>
          <description>Classpath.</description>
        </parameter>
        <parameter>
          <name>ignoreFailures</name>
          <type>boolean</type>
          <required>false</required>
          <editable>true</editable>
          <description>The option to ignore fixture failures</description>
        </parameter>
        <parameter>
          <name>outputDirectory</name>
          <type>java.lang.String</type>
          <required>true</required>
          <editable>true</editable>
          <description>The output directory where the results of Fit processing is written to</description>
        </parameter>
        <parameter>
          <name>parseTags</name>
          <type>java.lang.String</type>
          <required>false</required>
          <editable>true</editable>
          <description>The parsee tags used to identify the Fit tables.</description>
        </parameter>
        <parameter>
          <name>sourceDirectory</name>
          <type>java.lang.String</type>
          <required>true</required>
          <editable>true</editable>
          <description>The source directory containing the Fit fixtures</description>
        </parameter>
        <parameter>
          <name>sourceExcludes</name>
          <type>java.lang.String</type>
          <required>false</required>
          <editable>true</editable>
          <description>The filter for source file excludes, relative to the source directory, as CSV patterns.</description>
        </parameter>
        <parameter>
          <name>sourceIncludes</name>
          <type>java.lang.String</type>
          <required>false</required>
          <editable>true</editable>
          <description>The filter for source file includes, relative to the source directory, as CSV patterns.</description>
        </parameter>
      </parameters>
      <configuration>
        <caseSensitive implementation="boolean" default-value="false"/>
        <ignoreFailures implementation="boolean" default-value="false"/>
        <classpathElements implementation="java.util.List">${project.testClasspathElements}</classpathElements>
      </configuration>
    </mojo>
  </mojos>
  <dependencies/>
</plugin>