<plugin>
  <description></description>
  <groupId>org.codehaus.mojo</groupId>
  <artifactId>fitnesse-maven-plugin</artifactId>
  <version>1.0-beta-1</version>
  <goalPrefix>fitnesse</goalPrefix>
  <isolatedRealm>false</isolatedRealm>
  <inheritedByDefault>true</inheritedByDefault>
  <mojos>
    <mojo>
      <goal>remotecall</goal>
      <description>This goal uses the &lt;code&gt;fitnesse.runner.TestRunner&lt;/code&gt; class for calling a remote FitNesse web page and
executes the &lt;i&gt;tests&lt;/i&gt; or &lt;i&gt;suites&lt;/i&gt; locally into a forked JVM. It&apos;s possible to define several pages and/or
servers.</description>
      <requiresDirectInvocation>false</requiresDirectInvocation>
      <requiresProject>true</requiresProject>
      <requiresReports>false</requiresReports>
      <aggregator>true</aggregator>
      <requiresOnline>false</requiresOnline>
      <inheritedByDefault>true</inheritedByDefault>
      <implementation>org.codehaus.mojo.fitnesse.FitnesseRemoteRunnerMojo</implementation>
      <language>java</language>
      <instantiationStrategy>per-lookup</instantiationStrategy>
      <executionStrategy>once-per-session</executionStrategy>
      <parameters>
        <parameter>
          <name>cmdFitnesseHostName</name>
          <type>java.lang.String</type>
          <required>false</required>
          <editable>true</editable>
          <description></description>
        </parameter>
        <parameter>
          <name>cmdFitnessePage</name>
          <type>java.lang.String</type>
          <required>false</required>
          <editable>true</editable>
          <description></description>
        </parameter>
        <parameter>
          <name>cmdFitnessePort</name>
          <type>int</type>
          <required>false</required>
          <editable>true</editable>
          <description></description>
        </parameter>
        <parameter>
          <name>dateFormat</name>
          <type>java.lang.String</type>
          <required>false</required>
          <editable>true</editable>
          <description>Date format for FitNesse page timestamp.</description>
        </parameter>
        <parameter>
          <name>failOnError</name>
          <type>boolean</type>
          <required>false</required>
          <editable>true</editable>
          <description>Fail the build if fitnesse pages have error.</description>
        </parameter>
        <parameter>
          <name>fitnesses</name>
          <type>java.util.List</type>
          <required>true</required>
          <editable>true</editable>
          <description>This is the list of FitNesse server pages.&lt;br/&gt; A FitNesse tag is compose of the nested tags:&lt;BR/&gt; &lt;code&gt;
&amp;lt;fitnesses&amp;gt;&lt;BR/&gt;
&amp;lt;fitnesse&amp;gt;&lt;BR/&gt;
&amp;lt;pageName&amp;gt;This is the only required parameter, the name of
the FitNesse page&amp;lt;/pageName&amp;gt;&lt;BR/&gt;
&amp;lt;hostName&amp;gt;default is &lt;i&gt;locahost&lt;/i&gt;&amp;lt;/hostName&amp;gt;&lt;BR/&gt;
&amp;lt;port&amp;gt;: default is &lt;i&gt;80&lt;/i&gt;;&amp;lt;/port&amp;gt;&lt;BR/&gt;
&amp;lt;serverId&amp;gt;ServerId defined in your settings.xml, this allows to use credentials
(basic athentification) for calling your FitNesse pages&amp;lt;/serverId&amp;gt;&lt;BR/&gt;
&amp;lt;type&amp;gt;Override the default type of the page (Suite or Test).;&amp;lt;/type&amp;gt;&lt;BR/&gt;
&amp;lt;/fitnesse&amp;gt;&lt;BR/&gt;
... &lt;BR/&gt;
&amp;lt;/fitnesses&amp;gt;:&lt;BR/&gt;
&lt;/code&gt;</description>
        </parameter>
        <parameter>
          <name>servers</name>
          <type>java.util.List</type>
          <required>true</required>
          <editable>false</editable>
          <description>List of the servers.</description>
        </parameter>
        <parameter>
          <name>workingDir</name>
          <type>java.lang.String</type>
          <required>true</required>
          <editable>true</editable>
          <description></description>
        </parameter>
      </parameters>
      <configuration>
        <servers implementation="java.util.List">${settings.servers}</servers>
        <workingDir implementation="java.lang.String">${project.build.directory}/fitnesse</workingDir>
        <cmdFitnesseHostName implementation="java.lang.String">${fitnesse.hostName}</cmdFitnesseHostName>
        <dateFormat implementation="java.lang.String" default-value="dd/MM/yyyy HH:mm"/>
        <cmdFitnessePage implementation="java.lang.String">${fitnesse.page}</cmdFitnessePage>
        <failOnError implementation="boolean" default-value="false"/>
        <cmdFitnessePort implementation="int">${fitnesse.port}</cmdFitnessePort>
      </configuration>
    </mojo>
    <mojo>
      <goal>fitnesse</goal>
      <description>Generates a &lt;a href=&quot;http://fitnesse.org&quot;&gt;FitNesse&lt;/a&gt; report from a FitNesse web server. The generated report is an
external report generated FitNesse itself. If the project use Clover for code coverage and if FitNesse has clover
dependency (ie use the &lt;i&gt;ArtifactId-Version-clover.jar&lt;/i&gt;), the code executed during the FitNesse execution (phase
integration-test) will be had to the unit-test code coverage. See the &lt;a href=&quot;examples/multiproject.html&quot;&gt;clover
example&lt;/a&gt;.</description>
      <requiresDirectInvocation>false</requiresDirectInvocation>
      <requiresProject>true</requiresProject>
      <requiresReports>false</requiresReports>
      <aggregator>true</aggregator>
      <requiresOnline>false</requiresOnline>
      <inheritedByDefault>true</inheritedByDefault>
      <implementation>org.codehaus.mojo.fitnesse.FitnesseReportMojo</implementation>
      <language>java</language>
      <instantiationStrategy>per-lookup</instantiationStrategy>
      <executionStrategy>once-per-session</executionStrategy>
      <parameters>
        <parameter>
          <name>fitnesseOutputDirectory</name>
          <type>java.io.File</type>
          <required>false</required>
          <editable>true</editable>
          <description>The directory where the Fitnesse report has be generated. It must be defined when it&apos;s not the default value
(${project.build.directory}/fitnesse. It&apos;s the case for exemple with the clover plugin (that use
${project.build.directory}/clover/fitnesse).</description>
        </parameter>
        <parameter>
          <name>outputDirectory</name>
          <type>java.io.File</type>
          <required>true</required>
          <editable>true</editable>
          <description>The directory where the Fitnesse report will be generated.</description>
        </parameter>
        <parameter>
          <name>project</name>
          <type>org.apache.maven.project.MavenProject</type>
          <required>true</required>
          <editable>false</editable>
          <description>The Maven project instance for the executing project.

&lt;p&gt;
Note: This is passed by Maven and must not be configured by the user.
&lt;/p&gt;</description>
        </parameter>
        <parameter>
          <name>workingDir</name>
          <type>java.io.File</type>
          <required>true</required>
          <editable>true</editable>
          <description></description>
        </parameter>
        <parameter>
          <name>xmlOutputDirectory</name>
          <type>java.io.File</type>
          <required>true</required>
          <editable>true</editable>
          <description>Report output directory.</description>
        </parameter>
      </parameters>
      <configuration>
        <xmlOutputDirectory implementation="java.io.File">${project.build.directory}/generated-site/xdoc/fitnesse</xmlOutputDirectory>
        <workingDir implementation="java.io.File">${project.build.directory}</workingDir>
        <outputDirectory implementation="java.io.File">${project.reporting.outputDirectory}/fitnesse</outputDirectory>
        <project implementation="org.apache.maven.project.MavenProject">${project}</project>
      </configuration>
      <requirements>
        <requirement>
          <role>org.apache.maven.doxia.siterenderer.Renderer</role>
          <field-name>siteRenderer</field-name>
        </requirement>
      </requirements>
    </mojo>
    <mojo>
      <goal>run</goal>
      <description>This goal uses the &lt;code&gt;fitnesse.runner.TestRunner&lt;/code&gt; class for calling a remote FitNesse web page and
executes the &lt;i&gt;tests&lt;/i&gt; or &lt;i&gt;suites&lt;/i&gt; locally into a forked JVM. It&apos;s possible to define several pages and/or
servers.</description>
      <requiresDependencyResolution>runtime</requiresDependencyResolution>
      <requiresDirectInvocation>false</requiresDirectInvocation>
      <requiresProject>true</requiresProject>
      <requiresReports>false</requiresReports>
      <aggregator>true</aggregator>
      <requiresOnline>false</requiresOnline>
      <inheritedByDefault>true</inheritedByDefault>
      <implementation>org.codehaus.mojo.fitnesse.FitnesseRunnerMojo</implementation>
      <language>java</language>
      <instantiationStrategy>per-lookup</instantiationStrategy>
      <executionStrategy>once-per-session</executionStrategy>
      <parameters>
        <parameter>
          <name>classPathProvider</name>
          <type>java.lang.String</type>
          <required>false</required>
          <editable>true</editable>
          <description>This property defines how the plugin will create the classpath for running fixtures. It accepts a couple of
value: &quot;fitnesse&quot; (default) or &quot;maven&quot;.&lt;BR/&gt; With &quot;fitnesse&quot; mode, the classpath is downloaded from the FitNesse
server page. Then classpath of the plugin is appended (for providing the good FitNesse implementation).&lt;BR/&gt;
With &quot;maven&quot; mode the classpath is only defined with the one of the project (POM).</description>
        </parameter>
        <parameter>
          <name>classPathSubstitutions</name>
          <type>java.util.List</type>
          <required>false</required>
          <editable>true</editable>
          <description>List of Classpath substitution. Substitutions allow to change the FitNesse class path.&lt;BR/&gt; It should be usefull
when the server classpath is in a Unix syntaxe, or when libs are not located in the same folder on the server and
on the developer desktop.&lt;BR/&gt; The order of substitutions is guaranteed to be the same than the definition.
&lt;BR/&gt; The substitutions use String replacements (not patterns). &lt;code&gt;
&amp;lt;classPathSubstitutions&amp;gt;&lt;BR/&gt;
&amp;#160;&amp;#160;&amp;lt;classPathSubstitution&amp;gt;&lt;BR/&gt;
&amp;#160;&amp;#160;&amp;#160;&amp;#160;&amp;lt;search&amp;gt;The key that will be replace&amp;lt;/search&amp;gt;&lt;BR/&gt;
&amp;#160;&amp;#160;&amp;#160;&amp;#160;&amp;lt;replaceWith&amp;gt;The value that should use to replace the key&amp;lt;/replaceWith&amp;gt;&lt;BR/&gt;
&amp;#160;&amp;#160;&amp;lt;/classPathSubstitution&amp;gt;&lt;BR/&gt;
&amp;#160;&amp;#160;... &lt;BR/&gt;
&amp;lt;/classPathSubstitutions&amp;gt;:&lt;BR/&gt;
&lt;/code&gt;
This parameter can only be use if param &lt;i&gt;classPathProvider&lt;/i&gt; has &lt;i&gt;fitnesse&lt;/i&gt; value.</description>
        </parameter>
        <parameter>
          <name>cmdFitnesseHostName</name>
          <type>java.lang.String</type>
          <required>false</required>
          <editable>true</editable>
          <description></description>
        </parameter>
        <parameter>
          <name>cmdFitnessePage</name>
          <type>java.lang.String</type>
          <required>false</required>
          <editable>true</editable>
          <description></description>
        </parameter>
        <parameter>
          <name>cmdFitnessePort</name>
          <type>int</type>
          <required>false</required>
          <editable>true</editable>
          <description></description>
        </parameter>
        <parameter>
          <name>dateFormat</name>
          <type>java.lang.String</type>
          <required>false</required>
          <editable>true</editable>
          <description>Date format for FitNesse page timestamp.</description>
        </parameter>
        <parameter>
          <name>debug</name>
          <type>boolean</type>
          <required>false</required>
          <editable>true</editable>
          <description>Run FitnesseRunner with debug option.</description>
        </parameter>
        <parameter>
          <name>dependencies</name>
          <type>java.util.List</type>
          <required>true</required>
          <editable>false</editable>
          <description>The set of dependencies required by the project</description>
        </parameter>
        <parameter>
          <name>displayOutput</name>
          <type>boolean</type>
          <required>false</required>
          <editable>true</editable>
          <description>Redirect FitNesse output into Maven2 log.</description>
        </parameter>
        <parameter>
          <name>failOnError</name>
          <type>boolean</type>
          <required>false</required>
          <editable>true</editable>
          <description>Fail the build if fitnesse pages have error.</description>
        </parameter>
        <parameter>
          <name>fitnesseRunnerClass</name>
          <type>java.lang.String</type>
          <required>false</required>
          <editable>true</editable>
          <description>Fitnesse runner class.</description>
        </parameter>
        <parameter>
          <name>fitnesses</name>
          <type>java.util.List</type>
          <required>true</required>
          <editable>true</editable>
          <description>This is the list of FitNesse server pages.&lt;br/&gt; A FitNesse tag is compose of the nested tags:&lt;BR/&gt; &lt;code&gt;
&amp;lt;fitnesses&amp;gt;&lt;BR/&gt;
&amp;lt;fitnesse&amp;gt;&lt;BR/&gt;
&amp;lt;pageName&amp;gt;This is the only required parameter, the name of
the FitNesse page&amp;lt;/pageName&amp;gt;&lt;BR/&gt;
&amp;lt;hostName&amp;gt;default is &lt;i&gt;locahost&lt;/i&gt;&amp;lt;/hostName&amp;gt;&lt;BR/&gt;
&amp;lt;port&amp;gt;: default is &lt;i&gt;80&lt;/i&gt;;&amp;lt;/port&amp;gt;&lt;BR/&gt;
&amp;lt;serverId&amp;gt;ServerId defined in your settings.xml, this allows to use credentials
(basic athentification) for calling your FitNesse pages&amp;lt;/serverId&amp;gt;&lt;BR/&gt;
&amp;lt;type&amp;gt;Override the default type of the page (Suite or Test).;&amp;lt;/type&amp;gt;&lt;BR/&gt;
&amp;lt;/fitnesse&amp;gt;&lt;BR/&gt;
... &lt;BR/&gt;
&amp;lt;/fitnesses&amp;gt;:&lt;BR/&gt;
&lt;/code&gt;</description>
        </parameter>
        <parameter>
          <name>jdk</name>
          <type>java.lang.String</type>
          <required>false</required>
          <editable>true</editable>
          <description>Java executable.</description>
        </parameter>
        <parameter>
          <name>jdkOpts</name>
          <type>java.lang.String</type>
          <required>false</required>
          <editable>true</editable>
          <description>Jvm arguments.</description>
        </parameter>
        <parameter>
          <name>localRepository</name>
          <type>org.apache.maven.artifact.repository.ArtifactRepository</type>
          <required>true</required>
          <editable>false</editable>
          <description>Local maven repository.</description>
        </parameter>
        <parameter>
          <name>pluginArtifactId</name>
          <type>java.lang.String</type>
          <required>true</required>
          <editable>false</editable>
          <description></description>
        </parameter>
        <parameter>
          <name>pluginArtifacts</name>
          <type>java.util.List</type>
          <required>true</required>
          <editable>false</editable>
          <description>List of all artifacts for this plugin provided by Maven. This is used internally to get the FitnesseRunner.

&lt;p&gt;
Note: This is passed by Maven and must not be configured by the user.
&lt;/p&gt;</description>
        </parameter>
        <parameter>
          <name>pluginGroupId</name>
          <type>java.lang.String</type>
          <required>true</required>
          <editable>false</editable>
          <description></description>
        </parameter>
        <parameter>
          <name>pluginVersion</name>
          <type>java.lang.String</type>
          <required>true</required>
          <editable>false</editable>
          <description></description>
        </parameter>
        <parameter>
          <name>project</name>
          <type>org.apache.maven.project.MavenProject</type>
          <required>true</required>
          <editable>false</editable>
          <description>The Maven project instance for the executing project.

&lt;p&gt;
Note: This is passed by Maven and must not be configured by the user.
&lt;/p&gt;</description>
        </parameter>
        <parameter>
          <name>remoteRepositories</name>
          <type>java.util.List</type>
          <required>false</required>
          <editable>false</editable>
          <description></description>
        </parameter>
        <parameter>
          <name>servers</name>
          <type>java.util.List</type>
          <required>true</required>
          <editable>false</editable>
          <description>List of the servers.</description>
        </parameter>
        <parameter>
          <name>workingDir</name>
          <type>java.lang.String</type>
          <required>true</required>
          <editable>true</editable>
          <description></description>
        </parameter>
      </parameters>
      <configuration>
        <pluginGroupId implementation="java.lang.String">${plugin.groupId}</pluginGroupId>
        <fitnesseRunnerClass implementation="java.lang.String" default-value="fitnesse.runner.TestRunner"/>
        <dependencies implementation="java.util.List" default-value="${project.dependencies}"/>
        <jdk implementation="java.lang.String" default-value="java"/>
        <workingDir implementation="java.lang.String">${project.build.directory}/fitnesse</workingDir>
        <cmdFitnesseHostName implementation="java.lang.String">${fitnesse.hostName}</cmdFitnesseHostName>
        <localRepository implementation="org.apache.maven.artifact.repository.ArtifactRepository">${localRepository}</localRepository>
        <dateFormat implementation="java.lang.String" default-value="dd/MM/yyyy HH:mm"/>
        <pluginArtifacts implementation="java.util.List">${plugin.artifacts}</pluginArtifacts>
        <displayOutput implementation="boolean" default-value="false"/>
        <debug implementation="boolean" default-value="false"/>
        <servers implementation="java.util.List">${settings.servers}</servers>
        <pluginVersion implementation="java.lang.String">${plugin.version}</pluginVersion>
        <remoteRepositories implementation="java.util.List">${project.remoteArtifactRepositories}</remoteRepositories>
        <pluginArtifactId implementation="java.lang.String">${plugin.artifactId}</pluginArtifactId>
        <cmdFitnessePage implementation="java.lang.String">${fitnesse.page}</cmdFitnessePage>
        <project implementation="org.apache.maven.project.MavenProject">${project}</project>
        <classPathProvider implementation="java.lang.String" default-value="fitnesse"/>
        <failOnError implementation="boolean" default-value="false"/>
        <cmdFitnessePort implementation="int">${fitnesse.port}</cmdFitnessePort>
      </configuration>
      <requirements>
        <requirement>
          <role>org.apache.maven.artifact.resolver.ArtifactResolver</role>
          <field-name>artifactResolver</field-name>
        </requirement>
        <requirement>
          <role>org.apache.maven.artifact.factory.ArtifactFactory</role>
          <field-name>artifactFactory</field-name>
        </requirement>
        <requirement>
          <role>org.apache.maven.artifact.metadata.ArtifactMetadataSource</role>
          <field-name>metadataSource</field-name>
        </requirement>
      </requirements>
    </mojo>
  </mojos>
  <dependencies/>
</plugin>