<plugin>
  <description>Maven plugin based on the hibernate-tools project.</description>
  <groupId>org.codehaus.mojo</groupId>
  <artifactId>hibernate3-maven-plugin</artifactId>
  <version>2.0-alpha-1</version>
  <goalPrefix>hibernate3</goalPrefix>
  <isolatedRealm>false</isolatedRealm>
  <inheritedByDefault>true</inheritedByDefault>
  <mojos>
    <mojo>
      <goal>hbm2java</goal>
      <description>Generates Java classes from set of *.hbm.xml files</description>
      <requiresDependencyResolution>test</requiresDependencyResolution>
      <requiresDirectInvocation>false</requiresDirectInvocation>
      <requiresProject>true</requiresProject>
      <requiresReports>false</requiresReports>
      <aggregator>false</aggregator>
      <requiresOnline>false</requiresOnline>
      <inheritedByDefault>true</inheritedByDefault>
      <phase>generate-sources</phase>
      <executePhase>process-resources</executePhase>
      <implementation>org.codehaus.mojo.hibernate3.exporter.Hbm2JavaGeneratorMojo</implementation>
      <language>java</language>
      <instantiationStrategy>per-lookup</instantiationStrategy>
      <executionStrategy>once-per-session</executionStrategy>
      <parameters>
        <parameter>
          <name>componentProperties</name>
          <type>java.util.Map</type>
          <required>false</required>
          <editable>true</editable>
          <description>Parameter that holds component properties defined by the user.</description>
        </parameter>
        <parameter>
          <name>components</name>
          <type>java.util.List</type>
          <required>false</required>
          <editable>true</editable>
          <description>Parameter that holds components definitions specified by the user.</description>
        </parameter>
        <parameter>
          <name>project</name>
          <type>org.apache.maven.project.MavenProject</type>
          <required>true</required>
          <editable>false</editable>
          <description>&lt;i&gt;Maven Internal&lt;/i&gt;: Project to interact with.</description>
        </parameter>
      </parameters>
      <configuration>
        <project implementation="org.apache.maven.project.MavenProject">${project}</project>
      </configuration>
      <requirements>
        <requirement>
          <role>org.codehaus.mojo.hibernate3.configuration.ComponentConfiguration</role>
          <field-name>componentConfigurations</field-name>
        </requirement>
      </requirements>
    </mojo>
    <mojo>
      <goal>hbm2cfgxml</goal>
      <description>Generates hibernate.cfg.xml</description>
      <requiresDependencyResolution>test</requiresDependencyResolution>
      <requiresDirectInvocation>false</requiresDirectInvocation>
      <requiresProject>true</requiresProject>
      <requiresReports>false</requiresReports>
      <aggregator>false</aggregator>
      <requiresOnline>false</requiresOnline>
      <inheritedByDefault>true</inheritedByDefault>
      <executePhase>generate-resources</executePhase>
      <implementation>org.codehaus.mojo.hibernate3.exporter.Hbm2CfgXmlExporterMojo</implementation>
      <language>java</language>
      <instantiationStrategy>per-lookup</instantiationStrategy>
      <executionStrategy>once-per-session</executionStrategy>
      <parameters>
        <parameter>
          <name>componentProperties</name>
          <type>java.util.Map</type>
          <required>false</required>
          <editable>true</editable>
          <description>Parameter that holds component properties defined by the user.</description>
        </parameter>
        <parameter>
          <name>components</name>
          <type>java.util.List</type>
          <required>false</required>
          <editable>true</editable>
          <description>Parameter that holds components definitions specified by the user.</description>
        </parameter>
        <parameter>
          <name>project</name>
          <type>org.apache.maven.project.MavenProject</type>
          <required>true</required>
          <editable>false</editable>
          <description>&lt;i&gt;Maven Internal&lt;/i&gt;: Project to interact with.</description>
        </parameter>
      </parameters>
      <configuration>
        <project implementation="org.apache.maven.project.MavenProject">${project}</project>
      </configuration>
      <requirements>
        <requirement>
          <role>org.codehaus.mojo.hibernate3.configuration.ComponentConfiguration</role>
          <field-name>componentConfigurations</field-name>
        </requirement>
      </requirements>
    </mojo>
    <mojo>
      <goal>hbmtemplate</goal>
      <description>Generic exporter that can be controlled by a user provided template or class.</description>
      <requiresDependencyResolution>test</requiresDependencyResolution>
      <requiresDirectInvocation>false</requiresDirectInvocation>
      <requiresProject>true</requiresProject>
      <requiresReports>false</requiresReports>
      <aggregator>false</aggregator>
      <requiresOnline>false</requiresOnline>
      <inheritedByDefault>true</inheritedByDefault>
      <implementation>org.codehaus.mojo.hibernate3.exporter.GenericExporterMojo</implementation>
      <language>java</language>
      <instantiationStrategy>per-lookup</instantiationStrategy>
      <executionStrategy>once-per-session</executionStrategy>
      <parameters>
        <parameter>
          <name>componentProperties</name>
          <type>java.util.Map</type>
          <required>false</required>
          <editable>true</editable>
          <description>Parameter that holds component properties defined by the user.</description>
        </parameter>
        <parameter>
          <name>components</name>
          <type>java.util.List</type>
          <required>false</required>
          <editable>true</editable>
          <description>Parameter that holds components definitions specified by the user.</description>
        </parameter>
        <parameter>
          <name>project</name>
          <type>org.apache.maven.project.MavenProject</type>
          <required>true</required>
          <editable>false</editable>
          <description>&lt;i&gt;Maven Internal&lt;/i&gt;: Project to interact with.</description>
        </parameter>
      </parameters>
      <configuration>
        <project implementation="org.apache.maven.project.MavenProject">${project}</project>
      </configuration>
      <requirements>
        <requirement>
          <role>org.codehaus.mojo.hibernate3.configuration.ComponentConfiguration</role>
          <field-name>componentConfigurations</field-name>
        </requirement>
      </requirements>
    </mojo>
    <mojo>
      <goal>hbm2ddl</goal>
      <description>Generates database schema.</description>
      <requiresDependencyResolution>test</requiresDependencyResolution>
      <requiresDirectInvocation>false</requiresDirectInvocation>
      <requiresProject>true</requiresProject>
      <requiresReports>false</requiresReports>
      <aggregator>false</aggregator>
      <requiresOnline>false</requiresOnline>
      <inheritedByDefault>true</inheritedByDefault>
      <executePhase>process-resources</executePhase>
      <implementation>org.codehaus.mojo.hibernate3.exporter.Hbm2DDLExporterMojo</implementation>
      <language>java</language>
      <instantiationStrategy>per-lookup</instantiationStrategy>
      <executionStrategy>once-per-session</executionStrategy>
      <parameters>
        <parameter>
          <name>componentProperties</name>
          <type>java.util.Map</type>
          <required>false</required>
          <editable>true</editable>
          <description>Parameter that holds component properties defined by the user.</description>
        </parameter>
        <parameter>
          <name>components</name>
          <type>java.util.List</type>
          <required>false</required>
          <editable>true</editable>
          <description>Parameter that holds components definitions specified by the user.</description>
        </parameter>
        <parameter>
          <name>project</name>
          <type>org.apache.maven.project.MavenProject</type>
          <required>true</required>
          <editable>false</editable>
          <description>&lt;i&gt;Maven Internal&lt;/i&gt;: Project to interact with.</description>
        </parameter>
      </parameters>
      <configuration>
        <project implementation="org.apache.maven.project.MavenProject">${project}</project>
      </configuration>
      <requirements>
        <requirement>
          <role>org.codehaus.mojo.hibernate3.configuration.ComponentConfiguration</role>
          <field-name>componentConfigurations</field-name>
        </requirement>
      </requirements>
    </mojo>
    <mojo>
      <goal>hbm2doc</goal>
      <description>Generates HTML documentation for the database schema.</description>
      <requiresDependencyResolution>test</requiresDependencyResolution>
      <requiresDirectInvocation>false</requiresDirectInvocation>
      <requiresProject>true</requiresProject>
      <requiresReports>false</requiresReports>
      <aggregator>false</aggregator>
      <requiresOnline>false</requiresOnline>
      <inheritedByDefault>true</inheritedByDefault>
      <implementation>org.codehaus.mojo.hibernate3.exporter.Hbm2DocExporterMojo</implementation>
      <language>java</language>
      <instantiationStrategy>per-lookup</instantiationStrategy>
      <executionStrategy>once-per-session</executionStrategy>
      <parameters>
        <parameter>
          <name>componentProperties</name>
          <type>java.util.Map</type>
          <required>false</required>
          <editable>true</editable>
          <description>Parameter that holds component properties defined by the user.</description>
        </parameter>
        <parameter>
          <name>components</name>
          <type>java.util.List</type>
          <required>false</required>
          <editable>true</editable>
          <description>Parameter that holds components definitions specified by the user.</description>
        </parameter>
        <parameter>
          <name>project</name>
          <type>org.apache.maven.project.MavenProject</type>
          <required>true</required>
          <editable>false</editable>
          <description>&lt;i&gt;Maven Internal&lt;/i&gt;: Project to interact with.</description>
        </parameter>
      </parameters>
      <configuration>
        <project implementation="org.apache.maven.project.MavenProject">${project}</project>
      </configuration>
      <requirements>
        <requirement>
          <role>org.codehaus.mojo.hibernate3.configuration.ComponentConfiguration</role>
          <field-name>componentConfigurations</field-name>
        </requirement>
      </requirements>
    </mojo>
    <mojo>
      <goal>hbm2hbmxml</goal>
      <description>Generates a set of hbm.xml files</description>
      <requiresDependencyResolution>test</requiresDependencyResolution>
      <requiresDirectInvocation>false</requiresDirectInvocation>
      <requiresProject>true</requiresProject>
      <requiresReports>false</requiresReports>
      <aggregator>false</aggregator>
      <requiresOnline>false</requiresOnline>
      <inheritedByDefault>true</inheritedByDefault>
      <executePhase>generate-resources</executePhase>
      <implementation>org.codehaus.mojo.hibernate3.exporter.Hbm2HbmXmlExporterMojo</implementation>
      <language>java</language>
      <instantiationStrategy>per-lookup</instantiationStrategy>
      <executionStrategy>once-per-session</executionStrategy>
      <parameters>
        <parameter>
          <name>componentProperties</name>
          <type>java.util.Map</type>
          <required>false</required>
          <editable>true</editable>
          <description>Parameter that holds component properties defined by the user.</description>
        </parameter>
        <parameter>
          <name>components</name>
          <type>java.util.List</type>
          <required>false</required>
          <editable>true</editable>
          <description>Parameter that holds components definitions specified by the user.</description>
        </parameter>
        <parameter>
          <name>project</name>
          <type>org.apache.maven.project.MavenProject</type>
          <required>true</required>
          <editable>false</editable>
          <description>&lt;i&gt;Maven Internal&lt;/i&gt;: Project to interact with.</description>
        </parameter>
      </parameters>
      <configuration>
        <project implementation="org.apache.maven.project.MavenProject">${project}</project>
      </configuration>
      <requirements>
        <requirement>
          <role>org.codehaus.mojo.hibernate3.configuration.ComponentConfiguration</role>
          <field-name>componentConfigurations</field-name>
        </requirement>
      </requirements>
    </mojo>
  </mojos>
  <dependencies/>
</plugin>