<plugin>
  <description>Maven2 plugins which generates NCSS and CCN code metrics.</description>
  <groupId>org.codehaus.mojo</groupId>
  <artifactId>javancss-maven-plugin</artifactId>
  <version>2.0-beta-1</version>
  <goalPrefix>javancss</goalPrefix>
  <isolatedRealm>false</isolatedRealm>
  <inheritedByDefault>true</inheritedByDefault>
  <mojos>
    <mojo>
      <goal>javancss-report</goal>
      <description>Generates a JavaNCSS report based on this module&apos;s source code.</description>
      <requiresDirectInvocation>false</requiresDirectInvocation>
      <requiresProject>true</requiresProject>
      <requiresReports>false</requiresReports>
      <aggregator>false</aggregator>
      <requiresOnline>false</requiresOnline>
      <inheritedByDefault>true</inheritedByDefault>
      <implementation>org.codehaus.mojo.javancss.NcssReportMojo</implementation>
      <language>java</language>
      <instantiationStrategy>per-lookup</instantiationStrategy>
      <executionStrategy>once-per-session</executionStrategy>
      <parameters>
        <parameter>
          <name>lineThreshold</name>
          <type>int</type>
          <required>true</required>
          <editable>true</editable>
          <description>Specifies the maximum number of lines to take into account into the reports.</description>
        </parameter>
        <parameter>
          <name>outputDirectory</name>
          <type>java.io.File</type>
          <required>true</required>
          <editable>false</editable>
          <description>Specifies the directory where the HTML report will be generated.</description>
        </parameter>
        <parameter>
          <name>project</name>
          <type>org.apache.maven.project.MavenProject</type>
          <required>true</required>
          <editable>false</editable>
          <description></description>
        </parameter>
        <parameter>
          <name>reactorProjects</name>
          <type>java.util.List</type>
          <required>false</required>
          <editable>false</editable>
          <description>The projects in the reactor for aggregation report.</description>
        </parameter>
        <parameter>
          <name>sourceDirectory</name>
          <type>java.io.File</type>
          <required>true</required>
          <editable>false</editable>
          <description>Specifies the location of the source files to be used.</description>
        </parameter>
        <parameter>
          <name>tempFileName</name>
          <type>java.lang.String</type>
          <required>true</required>
          <editable>true</editable>
          <description></description>
        </parameter>
        <parameter>
          <name>xmlOutputDirectory</name>
          <type>java.io.File</type>
          <required>true</required>
          <editable>true</editable>
          <description>Specifies the directory where the XML report will be generated.</description>
        </parameter>
      </parameters>
      <configuration>
        <xmlOutputDirectory implementation="java.io.File" default-value="${project.build.directory}"/>
        <outputDirectory implementation="java.io.File">${project.reporting.outputDirectory}</outputDirectory>
        <sourceDirectory implementation="java.io.File">${project.build.sourceDirectory}</sourceDirectory>
        <tempFileName implementation="java.lang.String" default-value="javancss-raw-report.xml"/>
        <project implementation="org.apache.maven.project.MavenProject">${project}</project>
        <lineThreshold implementation="int" default-value="30"/>
        <reactorProjects implementation="java.util.List">${reactorProjects}</reactorProjects>
      </configuration>
      <requirements>
        <requirement>
          <role>org.codehaus.doxia.site.renderer.SiteRenderer</role>
          <field-name>siteRenderer</field-name>
        </requirement>
      </requirements>
    </mojo>
  </mojos>
  <dependencies/>
</plugin>