<plugin>
  <description></description>
  <groupId>org.codehaus.mojo</groupId>
  <artifactId>jpox-maven-plugin</artifactId>
  <version>1.1.0</version>
  <goalPrefix>jpox</goalPrefix>
  <isolatedRealm>false</isolatedRealm>
  <inheritedByDefault>true</inheritedByDefault>
  <mojos>
    <mojo>
      <goal>enhance</goal>
      <description></description>
      <requiresDependencyResolution>runtime</requiresDependencyResolution>
      <requiresDirectInvocation>false</requiresDirectInvocation>
      <requiresProject>true</requiresProject>
      <requiresReports>false</requiresReports>
      <aggregator>false</aggregator>
      <requiresOnline>false</requiresOnline>
      <inheritedByDefault>true</inheritedByDefault>
      <phase>process-classes</phase>
      <implementation>org.codehaus.mojo.jpox.JpoxEnhancerMojo</implementation>
      <language>java</language>
      <instantiationStrategy>per-lookup</instantiationStrategy>
      <executionStrategy>once-per-session</executionStrategy>
      <parameters>
        <parameter>
          <name>classes</name>
          <type>java.io.File</type>
          <required>true</required>
          <editable>true</editable>
          <description></description>
        </parameter>
        <parameter>
          <name>classpathElements</name>
          <type>java.util.List</type>
          <required>true</required>
          <editable>true</editable>
          <description></description>
        </parameter>
        <parameter>
          <name>pluginArtifacts</name>
          <type>java.util.List</type>
          <required>true</required>
          <editable>true</editable>
          <description></description>
        </parameter>
      </parameters>
      <configuration>
        <classpathElements implementation="java.util.List">${project.compileClasspathElements}</classpathElements>
        <pluginArtifacts implementation="java.util.List">${plugin.artifacts}</pluginArtifacts>
        <classes implementation="java.io.File" default-value="${project.build.outputDirectory}">${jpox.classDir}</classes>
      </configuration>
    </mojo>
    <mojo>
      <goal>schema-create</goal>
      <description>Generates the Schema from the JDO mappings and the enhanced class files.</description>
      <requiresDependencyResolution>runtime</requiresDependencyResolution>
      <requiresDirectInvocation>false</requiresDirectInvocation>
      <requiresProject>true</requiresProject>
      <requiresReports>false</requiresReports>
      <aggregator>false</aggregator>
      <requiresOnline>false</requiresOnline>
      <inheritedByDefault>true</inheritedByDefault>
      <implementation>org.codehaus.mojo.jpox.JpoxSchemaCreateMojo</implementation>
      <language>java</language>
      <instantiationStrategy>per-lookup</instantiationStrategy>
      <executionStrategy>once-per-session</executionStrategy>
      <parameters>
        <parameter>
          <name>classes</name>
          <type>java.io.File</type>
          <required>true</required>
          <editable>true</editable>
          <description></description>
        </parameter>
        <parameter>
          <name>classpathElements</name>
          <type>java.util.List</type>
          <required>true</required>
          <editable>true</editable>
          <description></description>
        </parameter>
        <parameter>
          <name>outputFile</name>
          <type>java.lang.String</type>
          <required>true</required>
          <editable>true</editable>
          <description>File to which DDL SQL is written.</description>
        </parameter>
        <parameter>
          <name>pluginArtifacts</name>
          <type>java.util.List</type>
          <required>true</required>
          <editable>true</editable>
          <description></description>
        </parameter>
        <parameter>
          <name>toolProperties</name>
          <type>java.util.Properties</type>
          <required>true</required>
          <editable>true</editable>
          <description>Properties that will be passed to the SchemaTool&apos;s execution.</description>
        </parameter>
      </parameters>
      <configuration>
        <classpathElements implementation="java.util.List">${project.compileClasspathElements}</classpathElements>
        <pluginArtifacts implementation="java.util.List">${plugin.artifacts}</pluginArtifacts>
        <classes implementation="java.io.File" default-value="${project.build.outputDirectory}">${jpox.classDir}</classes>
        <outputFile implementation="java.lang.String">${outputFile}</outputFile>
      </configuration>
    </mojo>
    <mojo>
      <goal>schema-dbinfo</goal>
      <description>Provides detailed information about the database - limits and datatypes support. &lt;p&gt; &lt;em&gt;Currently this seems to be printing out the information for each of available database datatypes twice.&lt;/em&gt;</description>
      <requiresDependencyResolution>runtime</requiresDependencyResolution>
      <requiresDirectInvocation>false</requiresDirectInvocation>
      <requiresProject>true</requiresProject>
      <requiresReports>false</requiresReports>
      <aggregator>false</aggregator>
      <requiresOnline>false</requiresOnline>
      <inheritedByDefault>true</inheritedByDefault>
      <implementation>org.codehaus.mojo.jpox.JpoxSchemaDatabaseInfoMojo</implementation>
      <language>java</language>
      <instantiationStrategy>per-lookup</instantiationStrategy>
      <executionStrategy>once-per-session</executionStrategy>
      <parameters>
        <parameter>
          <name>classes</name>
          <type>java.io.File</type>
          <required>true</required>
          <editable>true</editable>
          <description></description>
        </parameter>
        <parameter>
          <name>classpathElements</name>
          <type>java.util.List</type>
          <required>true</required>
          <editable>true</editable>
          <description></description>
        </parameter>
        <parameter>
          <name>pluginArtifacts</name>
          <type>java.util.List</type>
          <required>true</required>
          <editable>true</editable>
          <description></description>
        </parameter>
        <parameter>
          <name>toolProperties</name>
          <type>java.util.Properties</type>
          <required>true</required>
          <editable>true</editable>
          <description>Properties that will be passed to the SchemaTool&apos;s execution.</description>
        </parameter>
      </parameters>
      <configuration>
        <classpathElements implementation="java.util.List">${project.compileClasspathElements}</classpathElements>
        <pluginArtifacts implementation="java.util.List">${plugin.artifacts}</pluginArtifacts>
        <classes implementation="java.io.File" default-value="${project.build.outputDirectory}">${jpox.classDir}</classes>
      </configuration>
    </mojo>
    <mojo>
      <goal>schema-delete</goal>
      <description>Deletes all database tables required for a set of JDO MetaData files (and enhanced classes) from the database schema.</description>
      <requiresDependencyResolution>runtime</requiresDependencyResolution>
      <requiresDirectInvocation>false</requiresDirectInvocation>
      <requiresProject>true</requiresProject>
      <requiresReports>false</requiresReports>
      <aggregator>false</aggregator>
      <requiresOnline>false</requiresOnline>
      <inheritedByDefault>true</inheritedByDefault>
      <implementation>org.codehaus.mojo.jpox.JpoxSchemaDeleteMojo</implementation>
      <language>java</language>
      <instantiationStrategy>per-lookup</instantiationStrategy>
      <executionStrategy>once-per-session</executionStrategy>
      <parameters>
        <parameter>
          <name>classes</name>
          <type>java.io.File</type>
          <required>true</required>
          <editable>true</editable>
          <description></description>
        </parameter>
        <parameter>
          <name>classpathElements</name>
          <type>java.util.List</type>
          <required>true</required>
          <editable>true</editable>
          <description></description>
        </parameter>
        <parameter>
          <name>pluginArtifacts</name>
          <type>java.util.List</type>
          <required>true</required>
          <editable>true</editable>
          <description></description>
        </parameter>
        <parameter>
          <name>toolProperties</name>
          <type>java.util.Properties</type>
          <required>true</required>
          <editable>true</editable>
          <description>Properties that will be passed to the SchemaTool&apos;s execution.</description>
        </parameter>
      </parameters>
      <configuration>
        <classpathElements implementation="java.util.List">${project.compileClasspathElements}</classpathElements>
        <pluginArtifacts implementation="java.util.List">${plugin.artifacts}</pluginArtifacts>
        <classes implementation="java.io.File" default-value="${project.build.outputDirectory}">${jpox.classDir}</classes>
      </configuration>
    </mojo>
    <mojo>
      <goal>schema-info</goal>
      <description>Provides a detailed information about the database schema. &lt;p&gt; The output is written to console/terminal.</description>
      <requiresDependencyResolution>runtime</requiresDependencyResolution>
      <requiresDirectInvocation>false</requiresDirectInvocation>
      <requiresProject>true</requiresProject>
      <requiresReports>false</requiresReports>
      <aggregator>false</aggregator>
      <requiresOnline>false</requiresOnline>
      <inheritedByDefault>true</inheritedByDefault>
      <implementation>org.codehaus.mojo.jpox.JpoxSchemaInfoMojo</implementation>
      <language>java</language>
      <instantiationStrategy>per-lookup</instantiationStrategy>
      <executionStrategy>once-per-session</executionStrategy>
      <parameters>
        <parameter>
          <name>classes</name>
          <type>java.io.File</type>
          <required>true</required>
          <editable>true</editable>
          <description></description>
        </parameter>
        <parameter>
          <name>classpathElements</name>
          <type>java.util.List</type>
          <required>true</required>
          <editable>true</editable>
          <description></description>
        </parameter>
        <parameter>
          <name>pluginArtifacts</name>
          <type>java.util.List</type>
          <required>true</required>
          <editable>true</editable>
          <description></description>
        </parameter>
        <parameter>
          <name>toolProperties</name>
          <type>java.util.Properties</type>
          <required>true</required>
          <editable>true</editable>
          <description>Properties that will be passed to the SchemaTool&apos;s execution.</description>
        </parameter>
      </parameters>
      <configuration>
        <classpathElements implementation="java.util.List">${project.compileClasspathElements}</classpathElements>
        <pluginArtifacts implementation="java.util.List">${plugin.artifacts}</pluginArtifacts>
        <classes implementation="java.io.File" default-value="${project.build.outputDirectory}">${jpox.classDir}</classes>
      </configuration>
    </mojo>
    <mojo>
      <goal>schema-validate</goal>
      <description>Validates all database tables required for a set of JDO MetaData files (and classes) for correct structure. &lt;p&gt; The output is written to console/terminal.</description>
      <requiresDependencyResolution>runtime</requiresDependencyResolution>
      <requiresDirectInvocation>false</requiresDirectInvocation>
      <requiresProject>true</requiresProject>
      <requiresReports>false</requiresReports>
      <aggregator>false</aggregator>
      <requiresOnline>false</requiresOnline>
      <inheritedByDefault>true</inheritedByDefault>
      <implementation>org.codehaus.mojo.jpox.JpoxSchemaValidateMojo</implementation>
      <language>java</language>
      <instantiationStrategy>per-lookup</instantiationStrategy>
      <executionStrategy>once-per-session</executionStrategy>
      <parameters>
        <parameter>
          <name>classes</name>
          <type>java.io.File</type>
          <required>true</required>
          <editable>true</editable>
          <description></description>
        </parameter>
        <parameter>
          <name>classpathElements</name>
          <type>java.util.List</type>
          <required>true</required>
          <editable>true</editable>
          <description></description>
        </parameter>
        <parameter>
          <name>pluginArtifacts</name>
          <type>java.util.List</type>
          <required>true</required>
          <editable>true</editable>
          <description></description>
        </parameter>
        <parameter>
          <name>toolProperties</name>
          <type>java.util.Properties</type>
          <required>true</required>
          <editable>true</editable>
          <description>Properties that will be passed to the SchemaTool&apos;s execution.</description>
        </parameter>
      </parameters>
      <configuration>
        <classpathElements implementation="java.util.List">${project.compileClasspathElements}</classpathElements>
        <pluginArtifacts implementation="java.util.List">${plugin.artifacts}</pluginArtifacts>
        <classes implementation="java.io.File" default-value="${project.build.outputDirectory}">${jpox.classDir}</classes>
      </configuration>
    </mojo>
  </mojos>
  <dependencies/>
</plugin>