<plugin>
  <description></description>
  <groupId>org.codehaus.mojo</groupId>
  <artifactId>jruby-maven-plugin</artifactId>
  <version>1.0-beta-4</version>
  <goalPrefix>jruby</goalPrefix>
  <isolatedRealm>false</isolatedRealm>
  <inheritedByDefault>true</inheritedByDefault>
  <mojos>
    <mojo>
      <goal>run</goal>
      <description></description>
      <requiresDependencyResolution>runtime</requiresDependencyResolution>
      <requiresDirectInvocation>false</requiresDirectInvocation>
      <requiresProject>true</requiresProject>
      <requiresReports>false</requiresReports>
      <aggregator>false</aggregator>
      <requiresOnline>false</requiresOnline>
      <inheritedByDefault>true</inheritedByDefault>
      <implementation>org.codehaus.mojo.ruby.RunScriptMojo</implementation>
      <language>java</language>
      <instantiationStrategy>per-lookup</instantiationStrategy>
      <executionStrategy>once-per-session</executionStrategy>
      <parameters>
        <parameter>
          <name>assumeLoop</name>
          <type>boolean</type>
          <required>false</required>
          <editable>true</editable>
          <description>Assume &apos;while gets(); ... end&apos; loop around your script.</description>
        </parameter>
        <parameter>
          <name>assumePrintLoop</name>
          <type>boolean</type>
          <required>false</required>
          <editable>true</editable>
          <description>Assume loop like &apos;assumeLoop&apos; but print line also like sed.</description>
        </parameter>
        <parameter>
          <name>autoSplit</name>
          <type>boolean</type>
          <required>false</required>
          <editable>true</editable>
          <description>Autosplit mode with &apos;assumeLoop&apos; or &apos;assumePrintLoop&apos; (splits $_ into $F)</description>
        </parameter>
        <parameter>
          <name>currentDirectory</name>
          <type>java.io.File</type>
          <required>false</required>
          <editable>true</editable>
          <description></description>
        </parameter>
        <parameter>
          <name>debug</name>
          <type>boolean</type>
          <required>false</required>
          <editable>true</editable>
          <description>Sets debugging flags (set $DEBUG to true).</description>
        </parameter>
        <parameter>
          <name>libraryPaths</name>
          <type>java.lang.String[]</type>
          <required>false</required>
          <editable>true</editable>
          <description>Specifies $LOAD_PATH directories.</description>
        </parameter>
        <parameter>
          <name>processLineEnds</name>
          <type>boolean</type>
          <required>false</required>
          <editable>true</editable>
          <description>Enable line ending processing.</description>
        </parameter>
        <parameter>
          <name>requires</name>
          <type>java.lang.String[]</type>
          <required>false</required>
          <editable>true</editable>
          <description>Require the library, before executing your script.</description>
        </parameter>
        <parameter>
          <name>ruby</name>
          <type>java.lang.String</type>
          <required>false</required>
          <editable>true</editable>
          <description>A block of ruby code to be executed.</description>
        </parameter>
        <parameter>
          <name>script</name>
          <type>java.io.File</type>
          <required>false</required>
          <editable>true</editable>
          <description>A path to a ruby script file to be executed.</description>
        </parameter>
        <parameter>
          <name>warning</name>
          <type>int</type>
          <required>false</required>
          <editable>true</editable>
          <description>Set warning level; 0=silence, 1=medium, 2=verbose</description>
        </parameter>
      </parameters>
      <configuration>
        <debug implementation="boolean" default-value="false"/>
        <currentDirectory implementation="java.io.File" default-value="${basedir}"/>
        <warning implementation="int" default-value="1"/>
        <assumePrintLoop implementation="boolean" default-value="false"/>
        <assumeLoop implementation="boolean" default-value="false"/>
        <processLineEnds implementation="boolean" default-value="false"/>
        <autoSplit implementation="boolean" default-value="false"/>
      </configuration>
    </mojo>
  </mojos>
  <dependencies/>
</plugin>