<plugin>
  <description></description>
  <groupId>org.codehaus.mojo</groupId>
  <artifactId>jspc-maven-plugin</artifactId>
  <version>1.4.6</version>
  <goalPrefix>jspc</goalPrefix>
  <isolatedRealm>false</isolatedRealm>
  <inheritedByDefault>true</inheritedByDefault>
  <mojos>
    <mojo>
      <goal>compile</goal>
      <description></description>
      <requiresDependencyResolution>compile</requiresDependencyResolution>
      <requiresDirectInvocation>false</requiresDirectInvocation>
      <requiresProject>true</requiresProject>
      <requiresReports>false</requiresReports>
      <aggregator>false</aggregator>
      <requiresOnline>false</requiresOnline>
      <inheritedByDefault>true</inheritedByDefault>
      <phase>process-classes</phase>
      <implementation>org.codehaus.mojo.jspc.JspcMojo</implementation>
      <language>java</language>
      <instantiationStrategy>per-lookup</instantiationStrategy>
      <executionStrategy>once-per-session</executionStrategy>
      <parameters>
        <parameter>
          <name>classpathElements</name>
          <type>java.util.List</type>
          <required>true</required>
          <editable>false</editable>
          <description>Project classpath.</description>
        </parameter>
        <parameter>
          <name>injectString</name>
          <type>java.lang.String</type>
          <required>false</required>
          <editable>true</editable>
          <description>The string to look for in the web.xml to replace with the web fragment contents. If not defined, fragment will be appended before the &lt;/webapp&gt; tag which is fine for srvlet 2.4 and greater. If using this parameter its recommanded to use Strings such as &amp;lt;!-- [INSERT FRAGMENT HERE] --&amp;gt;. Be aware the &amp;lt; and &amp;gt; are for your pom verbatim. In your web.xml, you will use &lt; and &gt;. Therefore your web.xml would contain &lt;!-- [INSERT FRAGMENT HERE] --&gt;.</description>
        </parameter>
        <parameter>
          <name>inputWebXml</name>
          <type>java.lang.String</type>
          <required>true</required>
          <editable>true</editable>
          <description>The path and location of the original web.xml file</description>
        </parameter>
        <parameter>
          <name>javaEncoding</name>
          <type>java.lang.String</type>
          <required>false</required>
          <editable>true</editable>
          <description>Character encoding</description>
        </parameter>
        <parameter>
          <name>listErrors</name>
          <type>boolean</type>
          <required>false</required>
          <editable>true</editable>
          <description>List Errors option for JcpC.</description>
        </parameter>
        <parameter>
          <name>outputWebXml</name>
          <type>java.lang.String</type>
          <required>true</required>
          <editable>true</editable>
          <description>The final path and file name of the web.xml.</description>
        </parameter>
        <parameter>
          <name>packageName</name>
          <type>java.lang.String</type>
          <required>false</required>
          <editable>true</editable>
          <description>The package in which the jsp files will be contained.</description>
        </parameter>
        <parameter>
          <name>project</name>
          <type>org.apache.maven.project.MavenProject</type>
          <required>true</required>
          <editable>true</editable>
          <description></description>
        </parameter>
        <parameter>
          <name>setCompile</name>
          <type>boolean</type>
          <required>false</required>
          <editable>true</editable>
          <description>Sets if you want to compile the jsp classes</description>
        </parameter>
        <parameter>
          <name>setSmapDumped</name>
          <type>boolean</type>
          <required>false</required>
          <editable>true</editable>
          <description>Set Smap Dumped option for JcpC.</description>
        </parameter>
        <parameter>
          <name>setSmapSupressed</name>
          <type>boolean</type>
          <required>false</required>
          <editable>true</editable>
          <description>Set Smap Supressed option for JcpC.</description>
        </parameter>
        <parameter>
          <name>showSuccess</name>
          <type>boolean</type>
          <required>false</required>
          <editable>true</editable>
          <description>Show Success option for JcpC.</description>
        </parameter>
        <parameter>
          <name>source</name>
          <type>java.lang.String</type>
          <required>false</required>
          <editable>true</editable>
          <description>Provide source compatibility with specified release</description>
        </parameter>
        <parameter>
          <name>target</name>
          <type>java.lang.String</type>
          <required>false</required>
          <editable>true</editable>
          <description>Generate class files for specific VM version</description>
        </parameter>
        <parameter>
          <name>validateXml</name>
          <type>boolean</type>
          <required>false</required>
          <editable>true</editable>
          <description>Validate XML option for JcpC.</description>
        </parameter>
        <parameter>
          <name>verbose</name>
          <type>boolean</type>
          <required>false</required>
          <editable>true</editable>
          <description>Verbose option for JcpC.</description>
        </parameter>
        <parameter>
          <name>warSourceDirectory</name>
          <type>java.lang.String</type>
          <required>true</required>
          <editable>true</editable>
          <description>Source directory of the web source.</description>
        </parameter>
        <parameter>
          <name>webFragmentFile</name>
          <type>java.lang.String</type>
          <required>true</required>
          <editable>true</editable>
          <description>The path and location to the web fragment file.</description>
        </parameter>
        <parameter>
          <name>workingDirectory</name>
          <type>java.lang.String</type>
          <required>true</required>
          <editable>true</editable>
          <description>The working directory to create the generated java source files.</description>
        </parameter>
      </parameters>
      <configuration>
        <setSmapDumped implementation="boolean" default-value="false"/>
        <inputWebXml implementation="java.lang.String">${basedir}/src/main/webapp/WEB-INF/web.xml</inputWebXml>
        <workingDirectory implementation="java.lang.String">${project.build.directory}/jsp-source</workingDirectory>
        <warSourceDirectory implementation="java.lang.String">${basedir}/src/main/webapp</warSourceDirectory>
        <webFragmentFile implementation="java.lang.String">${project.build.directory}/web-fragment.xml</webFragmentFile>
        <showSuccess implementation="boolean" default-value="true"/>
        <listErrors implementation="boolean" default-value="true"/>
        <setCompile implementation="boolean" default-value="true"/>
        <packageName implementation="java.lang.String" default-value="jsp"/>
        <classpathElements implementation="java.util.List">${project.compileClasspathElements}</classpathElements>
        <project implementation="org.apache.maven.project.MavenProject">${project}</project>
        <verbose implementation="boolean" default-value="false"/>
        <setSmapSupressed implementation="boolean" default-value="false"/>
        <outputWebXml implementation="java.lang.String">${project.build.directory}/jspweb.xml</outputWebXml>
        <validateXml implementation="boolean" default-value="false"/>
      </configuration>
    </mojo>
    <mojo>
      <goal>testCompile</goal>
      <description></description>
      <requiresDependencyResolution>test</requiresDependencyResolution>
      <requiresDirectInvocation>false</requiresDirectInvocation>
      <requiresProject>true</requiresProject>
      <requiresReports>false</requiresReports>
      <aggregator>false</aggregator>
      <requiresOnline>false</requiresOnline>
      <inheritedByDefault>true</inheritedByDefault>
      <phase>process-classes</phase>
      <executePhase>test-compile</executePhase>
      <implementation>org.codehaus.mojo.jspc.TestJspcMojo</implementation>
      <language>java</language>
      <instantiationStrategy>per-lookup</instantiationStrategy>
      <executionStrategy>once-per-session</executionStrategy>
      <parameters>
        <parameter>
          <name>classpathElements</name>
          <type>java.util.List</type>
          <required>true</required>
          <editable>false</editable>
          <description>Project classpath.</description>
        </parameter>
        <parameter>
          <name>injectString</name>
          <type>java.lang.String</type>
          <required>false</required>
          <editable>true</editable>
          <description>The string to look for in the web.xml to replace with the web fragment contents. If not defined, fragment will be appended before the &lt;/webapp&gt; tag which is fine for srvlet 2.4 and greater. If using this parameter its recommanded to use Strings such as &amp;lt;!-- [INSERT FRAGMENT HERE] --&amp;gt;. Be aware the &amp;lt; and &amp;gt; are for your pom verbatim. In your web.xml, you will use &lt; and &gt;. Therefore your web.xml would contain &lt;!-- [INSERT FRAGMENT HERE] --&gt;.</description>
        </parameter>
        <parameter>
          <name>inputWebXml</name>
          <type>java.lang.String</type>
          <required>true</required>
          <editable>true</editable>
          <description>The path and location of the original web.xml file</description>
        </parameter>
        <parameter>
          <name>javaEncoding</name>
          <type>java.lang.String</type>
          <required>false</required>
          <editable>true</editable>
          <description>Character encoding</description>
        </parameter>
        <parameter>
          <name>listErrors</name>
          <type>boolean</type>
          <required>false</required>
          <editable>true</editable>
          <description>List Errors option for JcpC.</description>
        </parameter>
        <parameter>
          <name>outputWebXml</name>
          <type>java.lang.String</type>
          <required>true</required>
          <editable>true</editable>
          <description>The final path and file name of the web.xml.</description>
        </parameter>
        <parameter>
          <name>packageName</name>
          <type>java.lang.String</type>
          <required>false</required>
          <editable>true</editable>
          <description>The package in which the jsp files will be contained.</description>
        </parameter>
        <parameter>
          <name>project</name>
          <type>org.apache.maven.project.MavenProject</type>
          <required>true</required>
          <editable>true</editable>
          <description></description>
        </parameter>
        <parameter>
          <name>setCompile</name>
          <type>boolean</type>
          <required>false</required>
          <editable>true</editable>
          <description>Sets if you want to compile the jsp classes</description>
        </parameter>
        <parameter>
          <name>setSmapDumped</name>
          <type>boolean</type>
          <required>false</required>
          <editable>true</editable>
          <description>Set Smap Dumped option for JcpC.</description>
        </parameter>
        <parameter>
          <name>setSmapSupressed</name>
          <type>boolean</type>
          <required>false</required>
          <editable>true</editable>
          <description>Set Smap Supressed option for JcpC.</description>
        </parameter>
        <parameter>
          <name>showSuccess</name>
          <type>boolean</type>
          <required>false</required>
          <editable>true</editable>
          <description>Show Success option for JcpC.</description>
        </parameter>
        <parameter>
          <name>source</name>
          <type>java.lang.String</type>
          <required>false</required>
          <editable>true</editable>
          <description>Provide source compatibility with specified release</description>
        </parameter>
        <parameter>
          <name>target</name>
          <type>java.lang.String</type>
          <required>false</required>
          <editable>true</editable>
          <description>Generate class files for specific VM version</description>
        </parameter>
        <parameter>
          <name>validateXml</name>
          <type>boolean</type>
          <required>false</required>
          <editable>true</editable>
          <description>Validate XML option for JcpC.</description>
        </parameter>
        <parameter>
          <name>verbose</name>
          <type>boolean</type>
          <required>false</required>
          <editable>true</editable>
          <description>Verbose option for JcpC.</description>
        </parameter>
        <parameter>
          <name>warSourceDirectory</name>
          <type>java.lang.String</type>
          <required>true</required>
          <editable>true</editable>
          <description>Source directory of the web source.</description>
        </parameter>
        <parameter>
          <name>webFragmentFile</name>
          <type>java.lang.String</type>
          <required>true</required>
          <editable>true</editable>
          <description>The path and location to the web fragment file.</description>
        </parameter>
        <parameter>
          <name>workingDirectory</name>
          <type>java.lang.String</type>
          <required>true</required>
          <editable>true</editable>
          <description>The working directory to create the generated java source files.</description>
        </parameter>
      </parameters>
      <configuration>
        <setSmapDumped implementation="boolean" default-value="false"/>
        <inputWebXml implementation="java.lang.String">${basedir}/src/main/webapp/WEB-INF/web.xml</inputWebXml>
        <workingDirectory implementation="java.lang.String">${project.build.directory}/jsp-source</workingDirectory>
        <warSourceDirectory implementation="java.lang.String">${basedir}/src/main/webapp</warSourceDirectory>
        <webFragmentFile implementation="java.lang.String">${project.build.directory}/web-fragment.xml</webFragmentFile>
        <showSuccess implementation="boolean" default-value="true"/>
        <listErrors implementation="boolean" default-value="true"/>
        <setCompile implementation="boolean" default-value="true"/>
        <packageName implementation="java.lang.String" default-value="jsp"/>
        <classpathElements implementation="java.util.List">${project.testClasspathElements}</classpathElements>
        <project implementation="org.apache.maven.project.MavenProject">${project}</project>
        <verbose implementation="boolean" default-value="false"/>
        <setSmapSupressed implementation="boolean" default-value="false"/>
        <outputWebXml implementation="java.lang.String">${project.build.directory}/jspweb.xml</outputWebXml>
        <validateXml implementation="boolean" default-value="false"/>
      </configuration>
    </mojo>
  </mojos>
  <dependencies/>
</plugin>