<plugin>
  <description>Maven plugin which generates the files needed to call maven in 
  the Netbeans Ide using the freeform project</description>
  <groupId>org.codehaus.mojo</groupId>
  <artifactId>netbeans-freeform-maven-plugin</artifactId>
  <version>2.0</version>
  <goalPrefix>netbeans-freeform</goalPrefix>
  <isolatedRealm>false</isolatedRealm>
  <inheritedByDefault>true</inheritedByDefault>
  <mojos>
    <mojo>
      <goal>generate-netbeans-project</goal>
      <description>A Maven2 plugin which integrates the use of Maven2 with Netbeans 4.x.</description>
      <requiresDependencyResolution>test</requiresDependencyResolution>
      <requiresDirectInvocation>false</requiresDirectInvocation>
      <requiresProject>true</requiresProject>
      <requiresReports>false</requiresReports>
      <aggregator>false</aggregator>
      <requiresOnline>false</requiresOnline>
      <inheritedByDefault>true</inheritedByDefault>
      <executePhase>generate-sources</executePhase>
      <implementation>org.codehaus.mojo.freeform.mojo.GenerateNetbeansProjectMojo</implementation>
      <language>java</language>
      <instantiationStrategy>per-lookup</instantiationStrategy>
      <executionStrategy>once-per-session</executionStrategy>
      <parameters>
        <parameter>
          <name>additionalFiles</name>
          <type>java.lang.String</type>
          <required>false</required>
          <editable>true</editable>
          <description>A comma separated list of additional files to view.</description>
        </parameter>
        <parameter>
          <name>additionalFolders</name>
          <type>java.lang.String</type>
          <required>false</required>
          <editable>true</editable>
          <description>A comma separated list of additionnal folders to view.</description>
        </parameter>
        <parameter>
          <name>additionalGoals</name>
          <type>java.lang.String</type>
          <required>false</required>
          <editable>true</editable>
          <description>A comma separated list of additional goals to call from Netbeans.</description>
        </parameter>
        <parameter>
          <name>executedProject</name>
          <type>org.apache.maven.project.MavenProject</type>
          <required>true</required>
          <editable>true</editable>
          <description>The currently executed project.</description>
        </parameter>
        <parameter>
          <name>localRepository</name>
          <type>org.apache.maven.artifact.repository.ArtifactRepository</type>
          <required>true</required>
          <editable>false</editable>
          <description>Local maven repository.</description>
        </parameter>
        <parameter>
          <name>mavenpath</name>
          <type>java.lang.String</type>
          <required>false</required>
          <editable>true</editable>
          <description>The path to the Maven executable.</description>
        </parameter>
        <parameter>
          <name>outputDirectory</name>
          <type>java.lang.String</type>
          <required>false</required>
          <editable>true</editable>
          <description>The directory where to write the nbproject directory and Netbeans project files. Defaults to the directory where the pom.xml file reside, if this parameter is left empty.</description>
        </parameter>
        <parameter>
          <name>project</name>
          <type>org.apache.maven.project.MavenProject</type>
          <required>true</required>
          <editable>true</editable>
          <description>The project whose project files to create.</description>
        </parameter>
      </parameters>
      <configuration>
        <outputDirectory implementation="java.lang.String">${freeform.outputDirectory}</outputDirectory>
        <additionalFiles implementation="java.lang.String">${freeform.additionalFiles}</additionalFiles>
        <localRepository implementation="org.apache.maven.artifact.repository.ArtifactRepository">${localRepository}</localRepository>
        <executedProject implementation="org.apache.maven.project.MavenProject">${executedProject}</executedProject>
        <additionalGoals implementation="java.lang.String">${freeform.additionalGoals}</additionalGoals>
        <project implementation="org.apache.maven.project.MavenProject">${project}</project>
        <mavenpath implementation="java.lang.String">${freeform.mavenpath}</mavenpath>
        <additionalFolders implementation="java.lang.String">${freeform.additionalFolders}</additionalFolders>
      </configuration>
    </mojo>
  </mojos>
  <dependencies/>
</plugin>