<plugin>
  <description></description>
  <groupId>org.codehaus.mojo</groupId>
  <artifactId>openjpa-maven-plugin</artifactId>
  <version>test</version>
  <goalPrefix>openjpa</goalPrefix>
  <isolatedRealm>false</isolatedRealm>
  <inheritedByDefault>true</inheritedByDefault>
  <mojos>
    <mojo>
      <goal>enhance</goal>
      <description>Processes Application model classes and enhances them by running Open JPA Enhancer tool.</description>
      <requiresDependencyResolution>runtime</requiresDependencyResolution>
      <requiresDirectInvocation>false</requiresDirectInvocation>
      <requiresProject>true</requiresProject>
      <requiresReports>false</requiresReports>
      <aggregator>false</aggregator>
      <requiresOnline>false</requiresOnline>
      <inheritedByDefault>true</inheritedByDefault>
      <phase>process-classes</phase>
      <implementation>org.codehaus.mojo.openjpa.OpenJpaEnhancerMojo</implementation>
      <language>java</language>
      <instantiationStrategy>per-lookup</instantiationStrategy>
      <executionStrategy>once-per-session</executionStrategy>
      <parameters>
        <parameter>
          <name>classes</name>
          <type>java.io.File</type>
          <required>true</required>
          <editable>true</editable>
          <description>Location where &lt;code&gt;persistence-enabled&lt;/code&gt; classes are located.</description>
        </parameter>
        <parameter>
          <name>classpathElements</name>
          <type>java.util.List</type>
          <required>true</required>
          <editable>true</editable>
          <description>List of all class path elements that will be searched for the &lt;code&gt;persistence-enabled&lt;/code&gt; classes and resources expected by Enhancer.</description>
        </parameter>
        <parameter>
          <name>pluginArtifacts</name>
          <type>java.util.List</type>
          <required>true</required>
          <editable>true</editable>
          <description></description>
        </parameter>
        <parameter>
          <name>toolProperties</name>
          <type>java.util.Properties</type>
          <required>false</required>
          <editable>true</editable>
          <description>Properties passed to the Enhancer tool.</description>
        </parameter>
      </parameters>
      <configuration>
        <classpathElements implementation="java.util.List">${project.compileClasspathElements}</classpathElements>
        <pluginArtifacts implementation="java.util.List">${plugin.artifacts}</pluginArtifacts>
        <classes implementation="java.io.File" default-value="${project.build.outputDirectory}">${openjpa.classDir}</classes>
      </configuration>
    </mojo>
  </mojos>
  <dependencies/>
</plugin>