<plugin>
  <description>A Maven 2 plugin for creating Axis 2 service archives (aar files)</description>
  <groupId>org.apache.axis2</groupId>
  <artifactId>axis2-aar-maven-plugin</artifactId>
  <version>1.3</version>
  <goalPrefix>axis2-aar</goalPrefix>
  <isolatedRealm>false</isolatedRealm>
  <inheritedByDefault>true</inheritedByDefault>
  <mojos>
    <mojo>
      <goal>inplace</goal>
      <description>Generates aar in the source directory</description>
      <requiresDependencyResolution>runtime</requiresDependencyResolution>
      <requiresDirectInvocation>false</requiresDirectInvocation>
      <requiresProject>true</requiresProject>
      <requiresReports>false</requiresReports>
      <aggregator>false</aggregator>
      <requiresOnline>false</requiresOnline>
      <inheritedByDefault>true</inheritedByDefault>
      <implementation>org.apache.axis2.maven2.aar.AarInPlaceMojo</implementation>
      <language>java</language>
      <instantiationStrategy>per-lookup</instantiationStrategy>
      <executionStrategy>once-per-session</executionStrategy>
      <parameters>
        <parameter>
          <name>aarDirectory</name>
          <type>java.io.File</type>
          <required>true</required>
          <editable>true</editable>
          <description>The directory where the aar is built.</description>
        </parameter>
        <parameter>
          <name>baseDir</name>
          <type>java.io.File</type>
          <required>true</required>
          <editable>false</editable>
          <description>The projects base directory.</description>
        </parameter>
        <parameter>
          <name>classesDirectory</name>
          <type>java.io.File</type>
          <required>true</required>
          <editable>true</editable>
          <description>The directory containing generated classes.</description>
        </parameter>
        <parameter>
          <name>fileSets</name>
          <type>org.apache.axis2.maven2.aar.FileSet[]</type>
          <required>false</required>
          <editable>true</editable>
          <description>Additional file sets, which are being added to the archive.</description>
        </parameter>
        <parameter>
          <name>includeDependencies</name>
          <type>boolean</type>
          <required>false</required>
          <editable>true</editable>
          <description>Whether the dependency jars should be included in the aar</description>
        </parameter>
        <parameter>
          <name>project</name>
          <type>org.apache.maven.project.MavenProject</type>
          <required>true</required>
          <editable>false</editable>
          <description>The maven project.</description>
        </parameter>
        <parameter>
          <name>servicesXmlFile</name>
          <type>java.io.File</type>
          <required>false</required>
          <editable>true</editable>
          <description>The location of the services.xml file. If it is present in the META-INF directory in
src/main/resources with that name then it will automatically be included. Otherwise this
parameter must be set.</description>
        </parameter>
        <parameter>
          <name>wsdlFile</name>
          <type>java.io.File</type>
          <required>false</required>
          <editable>true</editable>
          <description>The location of the WSDL file, if any. By default, no WSDL file is added and it is assumed,
that Axis 2 will automatically generate a WSDL file.</description>
        </parameter>
        <parameter>
          <name>wsdlFileName</name>
          <type>java.lang.String</type>
          <required>false</required>
          <editable>true</editable>
          <description>Name, to which the wsdl file shall be mapped. By default, the name will be computed from the
files path by removing the directory.</description>
        </parameter>
      </parameters>
      <configuration>
        <classesDirectory implementation="java.io.File">${project.build.outputDirectory}</classesDirectory>
        <baseDir implementation="java.io.File">${project.basedir}</baseDir>
        <wsdlFileName implementation="java.lang.String" default-value="service.wsdl"/>
        <includeDependencies implementation="boolean" default-value="true">${includeDependencies}</includeDependencies>
        <project implementation="org.apache.maven.project.MavenProject">${project}</project>
        <aarDirectory implementation="java.io.File">${project.build.directory}/aar</aarDirectory>
      </configuration>
    </mojo>
    <mojo>
      <goal>aar</goal>
      <description>Build a aar.</description>
      <requiresDependencyResolution>runtime</requiresDependencyResolution>
      <requiresDirectInvocation>false</requiresDirectInvocation>
      <requiresProject>true</requiresProject>
      <requiresReports>false</requiresReports>
      <aggregator>false</aggregator>
      <requiresOnline>false</requiresOnline>
      <inheritedByDefault>true</inheritedByDefault>
      <phase>package</phase>
      <implementation>org.apache.axis2.maven2.aar.AarMojo</implementation>
      <language>java</language>
      <instantiationStrategy>per-lookup</instantiationStrategy>
      <executionStrategy>once-per-session</executionStrategy>
      <parameters>
        <parameter>
          <name>aarDirectory</name>
          <type>java.io.File</type>
          <required>true</required>
          <editable>true</editable>
          <description>The directory where the aar is built.</description>
        </parameter>
        <parameter>
          <name>aarName</name>
          <type>java.lang.String</type>
          <required>true</required>
          <editable>true</editable>
          <description>The name of the generated aar.</description>
        </parameter>
        <parameter>
          <name>archive</name>
          <type>org.apache.maven.archiver.MavenArchiveConfiguration</type>
          <required>false</required>
          <editable>true</editable>
          <description>The maven archive configuration to use.</description>
        </parameter>
        <parameter>
          <name>baseDir</name>
          <type>java.io.File</type>
          <required>true</required>
          <editable>false</editable>
          <description>The projects base directory.</description>
        </parameter>
        <parameter>
          <name>classesDirectory</name>
          <type>java.io.File</type>
          <required>true</required>
          <editable>true</editable>
          <description>The directory containing generated classes.</description>
        </parameter>
        <parameter>
          <name>classifier</name>
          <type>java.lang.String</type>
          <required>false</required>
          <editable>true</editable>
          <description>Classifier to add to the artifact generated. If given, the artifact will be an attachment
instead.</description>
        </parameter>
        <parameter>
          <name>fileSets</name>
          <type>org.apache.axis2.maven2.aar.FileSet[]</type>
          <required>false</required>
          <editable>true</editable>
          <description>Additional file sets, which are being added to the archive.</description>
        </parameter>
        <parameter>
          <name>includeDependencies</name>
          <type>boolean</type>
          <required>false</required>
          <editable>true</editable>
          <description>Whether the dependency jars should be included in the aar</description>
        </parameter>
        <parameter>
          <name>outputDirectory</name>
          <type>java.lang.String</type>
          <required>true</required>
          <editable>true</editable>
          <description>The directory for the generated aar.</description>
        </parameter>
        <parameter>
          <name>primaryArtifact</name>
          <type>boolean</type>
          <required>false</required>
          <editable>true</editable>
          <description>Whether this is the main artifact being built. Set to &lt;code&gt;false&lt;/code&gt; if you don&apos;t want to
install or deploy it to the local repository instead of the default one in an execution.</description>
        </parameter>
        <parameter>
          <name>project</name>
          <type>org.apache.maven.project.MavenProject</type>
          <required>true</required>
          <editable>false</editable>
          <description>The maven project.</description>
        </parameter>
        <parameter>
          <name>servicesXmlFile</name>
          <type>java.io.File</type>
          <required>false</required>
          <editable>true</editable>
          <description>The location of the services.xml file. If it is present in the META-INF directory in
src/main/resources with that name then it will automatically be included. Otherwise this
parameter must be set.</description>
        </parameter>
        <parameter>
          <name>wsdlFile</name>
          <type>java.io.File</type>
          <required>false</required>
          <editable>true</editable>
          <description>The location of the WSDL file, if any. By default, no WSDL file is added and it is assumed,
that Axis 2 will automatically generate a WSDL file.</description>
        </parameter>
        <parameter>
          <name>wsdlFileName</name>
          <type>java.lang.String</type>
          <required>false</required>
          <editable>true</editable>
          <description>Name, to which the wsdl file shall be mapped. By default, the name will be computed from the
files path by removing the directory.</description>
        </parameter>
      </parameters>
      <configuration>
        <classesDirectory implementation="java.io.File">${project.build.outputDirectory}</classesDirectory>
        <primaryArtifact implementation="boolean" default-value="true">${primaryArtifact}</primaryArtifact>
        <outputDirectory implementation="java.lang.String">${project.build.directory}</outputDirectory>
        <baseDir implementation="java.io.File">${project.basedir}</baseDir>
        <wsdlFileName implementation="java.lang.String" default-value="service.wsdl"/>
        <includeDependencies implementation="boolean" default-value="true">${includeDependencies}</includeDependencies>
        <aarName implementation="java.lang.String">${project.build.finalName}</aarName>
        <project implementation="org.apache.maven.project.MavenProject">${project}</project>
        <aarDirectory implementation="java.io.File">${project.build.directory}/aar</aarDirectory>
      </configuration>
      <requirements>
        <requirement>
          <role>org.apache.maven.project.MavenProjectHelper</role>
          <field-name>projectHelper</field-name>
        </requirement>
        <requirement>
          <role>org.codehaus.plexus.archiver.Archiver</role>
          <role-hint>jar</role-hint>
          <field-name>jarArchiver</field-name>
        </requirement>
      </requirements>
    </mojo>
    <mojo>
      <goal>exploded</goal>
      <description>Generate the exploded aar</description>
      <requiresDependencyResolution>runtime</requiresDependencyResolution>
      <requiresDirectInvocation>false</requiresDirectInvocation>
      <requiresProject>true</requiresProject>
      <requiresReports>false</requiresReports>
      <aggregator>false</aggregator>
      <requiresOnline>false</requiresOnline>
      <inheritedByDefault>true</inheritedByDefault>
      <phase>package</phase>
      <implementation>org.apache.axis2.maven2.aar.AarExplodedMojo</implementation>
      <language>java</language>
      <instantiationStrategy>per-lookup</instantiationStrategy>
      <executionStrategy>once-per-session</executionStrategy>
      <parameters>
        <parameter>
          <name>aarDirectory</name>
          <type>java.io.File</type>
          <required>true</required>
          <editable>true</editable>
          <description>The directory where the aar is built.</description>
        </parameter>
        <parameter>
          <name>baseDir</name>
          <type>java.io.File</type>
          <required>true</required>
          <editable>false</editable>
          <description>The projects base directory.</description>
        </parameter>
        <parameter>
          <name>classesDirectory</name>
          <type>java.io.File</type>
          <required>true</required>
          <editable>true</editable>
          <description>The directory containing generated classes.</description>
        </parameter>
        <parameter>
          <name>fileSets</name>
          <type>org.apache.axis2.maven2.aar.FileSet[]</type>
          <required>false</required>
          <editable>true</editable>
          <description>Additional file sets, which are being added to the archive.</description>
        </parameter>
        <parameter>
          <name>includeDependencies</name>
          <type>boolean</type>
          <required>false</required>
          <editable>true</editable>
          <description>Whether the dependency jars should be included in the aar</description>
        </parameter>
        <parameter>
          <name>project</name>
          <type>org.apache.maven.project.MavenProject</type>
          <required>true</required>
          <editable>false</editable>
          <description>The maven project.</description>
        </parameter>
        <parameter>
          <name>servicesXmlFile</name>
          <type>java.io.File</type>
          <required>false</required>
          <editable>true</editable>
          <description>The location of the services.xml file. If it is present in the META-INF directory in
src/main/resources with that name then it will automatically be included. Otherwise this
parameter must be set.</description>
        </parameter>
        <parameter>
          <name>wsdlFile</name>
          <type>java.io.File</type>
          <required>false</required>
          <editable>true</editable>
          <description>The location of the WSDL file, if any. By default, no WSDL file is added and it is assumed,
that Axis 2 will automatically generate a WSDL file.</description>
        </parameter>
        <parameter>
          <name>wsdlFileName</name>
          <type>java.lang.String</type>
          <required>false</required>
          <editable>true</editable>
          <description>Name, to which the wsdl file shall be mapped. By default, the name will be computed from the
files path by removing the directory.</description>
        </parameter>
      </parameters>
      <configuration>
        <classesDirectory implementation="java.io.File">${project.build.outputDirectory}</classesDirectory>
        <baseDir implementation="java.io.File">${project.basedir}</baseDir>
        <wsdlFileName implementation="java.lang.String" default-value="service.wsdl"/>
        <includeDependencies implementation="boolean" default-value="true">${includeDependencies}</includeDependencies>
        <project implementation="org.apache.maven.project.MavenProject">${project}</project>
        <aarDirectory implementation="java.io.File">${project.build.directory}/aar</aarDirectory>
      </configuration>
    </mojo>
  </mojos>
  <dependencies/>
</plugin>