<plugin>
  <description></description>
  <groupId>org.apache.myfaces.maven</groupId>
  <artifactId>wagon-maven-plugin</artifactId>
  <version>1.0.5</version>
  <goalPrefix>wagon</goalPrefix>
  <isolatedRealm>false</isolatedRealm>
  <inheritedByDefault>true</inheritedByDefault>
  <mojos>
    <mojo>
      <goal>deploy</goal>
      <description>Deploys the content of a directory using scp/file protocol.
For scp protocol, files are packaged into zip archive,
then archive is transfred to remote host, nextly it is un-archived.
This method of deployment should normally be much faster
then making file by file copy. For file protocol, the files are copied
directly to the destination directory.</description>
      <requiresDirectInvocation>false</requiresDirectInvocation>
      <requiresProject>true</requiresProject>
      <requiresReports>false</requiresReports>
      <aggregator>false</aggregator>
      <requiresOnline>false</requiresOnline>
      <inheritedByDefault>true</inheritedByDefault>
      <implementation>org.apache.myfaces.wagon.WagonMojo</implementation>
      <language>java</language>
      <instantiationStrategy>per-lookup</instantiationStrategy>
      <executionStrategy>once-per-session</executionStrategy>
      <parameters>
        <parameter>
          <name>id</name>
          <type>java.lang.String</type>
          <required>true</required>
          <editable>true</editable>
          <description>Specifies the server id.</description>
        </parameter>
        <parameter>
          <name>inputDirectory</name>
          <type>java.io.File</type>
          <required>true</required>
          <editable>true</editable>
          <description>Directory containing the files for wagon.</description>
        </parameter>
        <parameter>
          <name>project</name>
          <type>org.apache.maven.project.MavenProject</type>
          <required>true</required>
          <editable>false</editable>
          <description></description>
        </parameter>
        <parameter>
          <name>url</name>
          <type>java.lang.String</type>
          <required>true</required>
          <editable>true</editable>
          <description>The full URL of the server.</description>
        </parameter>
      </parameters>
      <configuration>
        <project implementation="org.apache.maven.project.MavenProject">${project}</project>
      </configuration>
      <requirements>
        <requirement>
          <role>org.apache.maven.artifact.manager.WagonManager</role>
          <field-name>wagonManager</field-name>
        </requirement>
      </requirements>
    </mojo>
  </mojos>
  <dependencies/>
</plugin>