<plugin>
  <description>This plugin allows running the JaxMe binding compiler on
    your XML schema files and add the generated sources to
    your project.</description>
  <groupId>org.apache.ws.jaxme</groupId>
  <artifactId>maven-jaxme-plugin</artifactId>
  <version>1.0.3</version>
  <goalPrefix>jaxme</goalPrefix>
  <isolatedRealm>false</isolatedRealm>
  <inheritedByDefault>true</inheritedByDefault>
  <mojos>
    <mojo>
      <goal>jaxme</goal>
      <description></description>
      <requiresDependencyResolution>test</requiresDependencyResolution>
      <requiresDirectInvocation>false</requiresDirectInvocation>
      <requiresProject>true</requiresProject>
      <requiresReports>false</requiresReports>
      <aggregator>false</aggregator>
      <requiresOnline>false</requiresOnline>
      <inheritedByDefault>true</inheritedByDefault>
      <phase>generate-sources</phase>
      <implementation>org.apache.ws.jaxme.maven.plugins.JaxMeGoal</implementation>
      <language>java</language>
      <instantiationStrategy>per-lookup</instantiationStrategy>
      <executionStrategy>once-per-session</executionStrategy>
      <parameters>
        <parameter>
          <name>bindings</name>
          <type>java.lang.String</type>
          <required>false</required>
          <editable>true</editable>
          <description>This property specifies a set of external binding files, which are being applied.</description>
        </parameter>
        <parameter>
          <name>classpathElements</name>
          <type>java.util.List</type>
          <required>true</required>
          <editable>false</editable>
          <description>Specifies classpath elements, which should be added to the plugins classpath.</description>
        </parameter>
        <parameter>
          <name>depends</name>
          <type>java.lang.String</type>
          <required>false</required>
          <editable>true</editable>
          <description>This property specifies a set of files, which are referenced from within the XML schema files, but aren&apos;t processed as XML schema files for themselves. Specifying files in the &quot;depends&quot; set allows to include them into the uptodate check.</description>
        </parameter>
        <parameter>
          <name>extension</name>
          <type>boolean</type>
          <required>false</required>
          <editable>true</editable>
          <description>Setting this property to true enables JaxMe&apos;s extension mode. Several vendor extensions are available, including some extensions, which are originally specified by the JAXB reference implementation.</description>
        </parameter>
        <parameter>
          <name>force</name>
          <type>boolean</type>
          <required>false</required>
          <editable>true</editable>
          <description>Setting this property to suppresses the builtin uptodate check.</description>
        </parameter>
        <parameter>
          <name>packageName</name>
          <type>java.lang.String</type>
          <required>false</required>
          <editable>true</editable>
          <description>Sets the Java package name.</description>
        </parameter>
        <parameter>
          <name>produces</name>
          <type>java.lang.String</type>
          <required>false</required>
          <editable>true</editable>
          <description>This property specifies a set of files, which are being produced by the source generator. Any element in the set may contain wildcards. The set of produced files is used for checking, whether the generated files are uptodate. If that is the case, then the generator will omit recreating them. If the uptodate check fails, or if the &quot;force&quot; property is turned on, then the source generator will actually be invoked. In that case, the set of produces files will also be used for removing old files, if the &quot;removeOldOutput&quot; feature is turned on.</description>
        </parameter>
        <parameter>
          <name>project</name>
          <type>org.apache.maven.project.MavenProject</type>
          <required>true</required>
          <editable>false</editable>
          <description>The Maven project.</description>
        </parameter>
        <parameter>
          <name>properties</name>
          <type>java.util.Map</type>
          <required>false</required>
          <editable>true</editable>
          <description>The properties being set on the generator.</description>
        </parameter>
        <parameter>
          <name>readOnly</name>
          <type>boolean</type>
          <required>false</required>
          <editable>true</editable>
          <description>Setting this property to true will make the generated files read-only.</description>
        </parameter>
        <parameter>
          <name>removingOldOutput</name>
          <type>boolean</type>
          <required>false</required>
          <editable>true</editable>
          <description>If this property is set to true, and one or more produces &quot;produces&quot; elements are specified, then the plugin will remove all files matching the &quot;produces&quot; elements before running the source generator.</description>
        </parameter>
        <parameter>
          <name>resourceTarget</name>
          <type>java.lang.String</type>
          <required>false</required>
          <editable>true</editable>
          <description>The target directory for resource files. Defaults to</description>
        </parameter>
        <parameter>
          <name>schemaReader</name>
          <type>java.lang.String</type>
          <required>false</required>
          <editable>true</editable>
          <description>Sets the schema reader being used. The default schema reader is an instance of {@link JAXBSchemaReader}. The default changes, if &quot;extension&quot; is set to true, in which case the {@link JaxMeSchemaReader} is being used.</description>
        </parameter>
        <parameter>
          <name>schemas</name>
          <type>java.lang.String</type>
          <required>false</required>
          <editable>true</editable>
          <description>The set of schemas being compiled. Schema names may include wildcards.</description>
        </parameter>
        <parameter>
          <name>sgFactoryChain</name>
          <type>java.lang.String</type>
          <required>false</required>
          <editable>true</editable>
          <description>The set of factory chains, which are being added to the generator. Factory chains are modifying the generators behaviour. A good example is the &lt;code&gt;org.apache.ws.jaxme.pm.generator.jdbc.JaxMeJdbcSG&lt;/code&gt;.</description>
        </parameter>
        <parameter>
          <name>srcTarget</name>
          <type>java.lang.String</type>
          <required>false</required>
          <editable>true</editable>
          <description>The target directory for source files. Defaults to</description>
        </parameter>
        <parameter>
          <name>validating</name>
          <type>boolean</type>
          <required>false</required>
          <editable>true</editable>
          <description>Setting this property to true advices the plugin to use a validating XML parser for reading the schema files. By default, validation is disabled.</description>
        </parameter>
      </parameters>
      <configuration>
        <extension implementation="boolean">false</extension>
        <removingOldOutput implementation="boolean">false</removingOldOutput>
        <classpathElements implementation="java.util.List">${project.compileClasspathElements}</classpathElements>
        <project implementation="org.apache.maven.project.MavenProject">${project}</project>
        <srcTarget implementation="java.lang.String">${project.build.directory}/jaxme/java</srcTarget>
        <readOnly implementation="boolean">false</readOnly>
        <force implementation="boolean">false</force>
        <validating implementation="boolean">false</validating>
        <resourceTarget implementation="java.lang.String">${project.build.directory}/jaxme/resources</resourceTarget>
      </configuration>
    </mojo>
  </mojos>
  <dependencies/>
</plugin>