<plugin>
  <description>Generates component parameter documentation for Tapestry components, mixins (and base
    classes)</description>
  <groupId>org.apache.tapestry</groupId>
  <artifactId>tapestry-component-report</artifactId>
  <version>5.0.5</version>
  <goalPrefix>tapestry-component-report</goalPrefix>
  <isolatedRealm>false</isolatedRealm>
  <inheritedByDefault>true</inheritedByDefault>
  <mojos>
    <mojo>
      <goal>component-report</goal>
      <description>The component report generates documentation about components and parameters within the current
project.</description>
      <requiresDependencyResolution>compile</requiresDependencyResolution>
      <requiresDirectInvocation>false</requiresDirectInvocation>
      <requiresProject>true</requiresProject>
      <requiresReports>false</requiresReports>
      <aggregator>false</aggregator>
      <requiresOnline>false</requiresOnline>
      <inheritedByDefault>true</inheritedByDefault>
      <executePhase>generate-sources</executePhase>
      <implementation>org.apache.tapestry.mojo.ComponentReport</implementation>
      <language>java</language>
      <instantiationStrategy>per-lookup</instantiationStrategy>
      <executionStrategy>once-per-session</executionStrategy>
      <parameters>
        <parameter>
          <name>localRepository</name>
          <type>org.apache.maven.artifact.repository.ArtifactRepository</type>
          <required>false</required>
          <editable>true</editable>
          <description>Needed to help locate this plugin&apos;s local JAR file for the -doclet argument.</description>
        </parameter>
        <parameter>
          <name>outputDirectory</name>
          <type>java.lang.String</type>
          <required>true</required>
          <editable>true</editable>
          <description>Location of the generated site.</description>
        </parameter>
        <parameter>
          <name>pluginArtifactId</name>
          <type>java.lang.String</type>
          <required>false</required>
          <editable>true</editable>
          <description>Needed to help locate this plugin&apos;s local JAR file for the -doclet argument.</description>
        </parameter>
        <parameter>
          <name>pluginGroupId</name>
          <type>java.lang.String</type>
          <required>false</required>
          <editable>true</editable>
          <description>Needed to help locate this plugin&apos;s local JAR file for the -doclet argument.</description>
        </parameter>
        <parameter>
          <name>pluginVersion</name>
          <type>java.lang.String</type>
          <required>false</required>
          <editable>true</editable>
          <description>Needed to help locate this plugin&apos;s local JAR file for the -doclet argument.</description>
        </parameter>
        <parameter>
          <name>project</name>
          <type>org.apache.maven.project.MavenProject</type>
          <required>true</required>
          <editable>false</editable>
          <description>The Maven Project Object</description>
        </parameter>
        <parameter>
          <name>rootPackage</name>
          <type>java.lang.String</type>
          <required>true</required>
          <editable>true</editable>
          <description>Identifies the application root package.</description>
        </parameter>
        <parameter>
          <name>workDirectory</name>
          <type>java.lang.String</type>
          <required>true</required>
          <editable>true</editable>
          <description>Working directory for temporary files.</description>
        </parameter>
      </parameters>
      <configuration>
        <pluginGroupId implementation="java.lang.String" default-value="${plugin.groupId}"/>
        <outputDirectory implementation="java.lang.String" default-value="${project.reporting.outputDirectory}"/>
        <pluginVersion implementation="java.lang.String" default-value="${plugin.version}"/>
        <pluginArtifactId implementation="java.lang.String" default-value="${plugin.artifactId}"/>
        <localRepository implementation="org.apache.maven.artifact.repository.ArtifactRepository" default-value="${localRepository}"/>
        <project implementation="org.apache.maven.project.MavenProject">${project}</project>
        <workDirectory implementation="java.lang.String" default-value="target"/>
      </configuration>
      <requirements>
        <requirement>
          <role>org.codehaus.doxia.site.renderer.SiteRenderer</role>
          <field-name>siteRenderer</field-name>
        </requirement>
      </requirements>
    </mojo>
  </mojos>
  <dependencies/>
</plugin>