<plugin>
  <groupId>org.codehaus.mojo</groupId>
  <artifactId>changelog-maven-plugin</artifactId>
  <version>2.0-beta-1</version>
  <goalPrefix>changelog</goalPrefix>
  <isolatedRealm>false</isolatedRealm>
  <inheritedByDefault>true</inheritedByDefault>
  <mojos>
    <mojo>
      <goal>changelog</goal>
      <requiresDirectInvocation>false</requiresDirectInvocation>
      <requiresProject>true</requiresProject>
      <requiresReports>false</requiresReports>
      <aggregator>false</aggregator>
      <requiresOnline>false</requiresOnline>
      <inheritedByDefault>true</inheritedByDefault>
      <implementation>org.apache.maven.changelog.ChangeLogReport</implementation>
      <language>java</language>
      <instantiationStrategy>per-lookup</instantiationStrategy>
      <executionStrategy>once-per-session</executionStrategy>
      <parameters>
        <parameter>
          <name>basedir</name>
          <type>java.io.File</type>
          <required>true</required>
          <editable>true</editable>
          <description>Input dir. Directory where the sources are located.</description>
        </parameter>
        <parameter>
          <name>dateFormat</name>
          <type>java.lang.String</type>
          <required>false</required>
          <editable>true</editable>
          <description>Used to specify the date format of log entries to retrieve.</description>
        </parameter>
        <parameter>
          <name>dates</name>
          <type>java.util.List</type>
          <required>false</required>
          <editable>true</editable>
          <description>Used to specify the absolute date (or list of dates) to start log entries from.</description>
        </parameter>
        <parameter>
          <name>outputDirectory</name>
          <type>java.io.File</type>
          <required>true</required>
          <editable>false</editable>
          <description>The directory where the report will be generated</description>
        </parameter>
        <parameter>
          <name>outputEncoding</name>
          <type>java.lang.String</type>
          <required>true</required>
          <editable>true</editable>
          <description>Output encoding for the xml document</description>
        </parameter>
        <parameter>
          <name>outputXML</name>
          <type>java.io.File</type>
          <required>true</required>
          <editable>true</editable>
          <description>Output file for xml document</description>
        </parameter>
        <parameter>
          <name>project</name>
          <type>org.apache.maven.project.MavenProject</type>
          <required>true</required>
          <editable>false</editable>
          <description>The Maven Project Object</description>
        </parameter>
        <parameter>
          <name>ranges</name>
          <type>java.util.List</type>
          <required>false</required>
          <editable>true</editable>
          <description>Used to specify the number of days (or list of days) of log entries to retrieve.</description>
        </parameter>
        <parameter>
          <name>scmUrl</name>
          <type>java.lang.String</type>
          <required>false</required>
          <editable>true</editable>
          <description>The URL to view the scm. Basis for external links from the generated report.</description>
        </parameter>
        <parameter>
          <name>tags</name>
          <type>java.util.List</type>
          <required>false</required>
          <editable>true</editable>
          <description>Used to specify the tag (or list of tags) to start log entries from.</description>
        </parameter>
        <parameter>
          <name>type</name>
          <type>java.lang.String</type>
          <required>true</required>
          <editable>true</editable>
          <description>Used to specify whether to build the log from a range, absolute date, or tag.</description>
        </parameter>
      </parameters>
      <configuration>
        <outputDirectory implementation="java.io.File">${project.build.directory}/site</outputDirectory>
        <type implementation="java.lang.String" default-value="range"/>
        <outputXML implementation="java.io.File">${project.build.directory}/changelog.xml</outputXML>
        <scmUrl implementation="java.lang.String">${project.scm.url}</scmUrl>
        <outputEncoding implementation="java.lang.String" default-value="ISO-8859-1"/>
        <dateFormat implementation="java.lang.String" default-value="yyyy-MM-dd"/>
        <project implementation="org.apache.maven.project.MavenProject">${project}</project>
        <basedir implementation="java.io.File">${project.build.sourceDirectory}</basedir>
      </configuration>
      <requirements>
        <requirement>
          <role>org.codehaus.doxia.site.renderer.SiteRenderer</role>
          <field-name>siteRenderer</field-name>
        </requirement>
      </requirements>
    </mojo>
    <mojo>
      <goal>dev-activity</goal>
      <requiresDirectInvocation>false</requiresDirectInvocation>
      <requiresProject>true</requiresProject>
      <requiresReports>false</requiresReports>
      <aggregator>false</aggregator>
      <requiresOnline>false</requiresOnline>
      <inheritedByDefault>true</inheritedByDefault>
      <implementation>org.apache.maven.changelog.DeveloperActivityReport</implementation>
      <language>java</language>
      <instantiationStrategy>per-lookup</instantiationStrategy>
      <executionStrategy>once-per-session</executionStrategy>
      <parameters>
        <parameter>
          <name>basedir</name>
          <type>java.io.File</type>
          <required>true</required>
          <editable>true</editable>
          <description>Input dir. Directory where the sources are located.</description>
        </parameter>
        <parameter>
          <name>dateFormat</name>
          <type>java.lang.String</type>
          <required>false</required>
          <editable>true</editable>
          <description>Used to specify the date format of log entries to retrieve.</description>
        </parameter>
        <parameter>
          <name>dates</name>
          <type>java.util.List</type>
          <required>false</required>
          <editable>true</editable>
          <description>Used to specify the absolute date (or list of dates) to start log entries from.</description>
        </parameter>
        <parameter>
          <name>developers</name>
          <type>java.util.List</type>
          <required>false</required>
          <editable>true</editable>
          <description>List of developers to be shown on the report.</description>
        </parameter>
        <parameter>
          <name>outputDirectory</name>
          <type>java.io.File</type>
          <required>true</required>
          <editable>false</editable>
          <description>The directory where the report will be generated</description>
        </parameter>
        <parameter>
          <name>outputEncoding</name>
          <type>java.lang.String</type>
          <required>true</required>
          <editable>true</editable>
          <description>Output encoding for the xml document</description>
        </parameter>
        <parameter>
          <name>outputXML</name>
          <type>java.io.File</type>
          <required>true</required>
          <editable>true</editable>
          <description>Output file for xml document</description>
        </parameter>
        <parameter>
          <name>project</name>
          <type>org.apache.maven.project.MavenProject</type>
          <required>true</required>
          <editable>false</editable>
          <description>The Maven Project Object</description>
        </parameter>
        <parameter>
          <name>ranges</name>
          <type>java.util.List</type>
          <required>false</required>
          <editable>true</editable>
          <description>Used to specify the number of days (or list of days) of log entries to retrieve.</description>
        </parameter>
        <parameter>
          <name>scmUrl</name>
          <type>java.lang.String</type>
          <required>false</required>
          <editable>true</editable>
          <description>The URL to view the scm. Basis for external links from the generated report.</description>
        </parameter>
        <parameter>
          <name>tags</name>
          <type>java.util.List</type>
          <required>false</required>
          <editable>true</editable>
          <description>Used to specify the tag (or list of tags) to start log entries from.</description>
        </parameter>
        <parameter>
          <name>type</name>
          <type>java.lang.String</type>
          <required>true</required>
          <editable>true</editable>
          <description>Used to specify whether to build the log from a range, absolute date, or tag.</description>
        </parameter>
      </parameters>
      <configuration>
        <outputDirectory implementation="java.io.File">${project.build.directory}/site</outputDirectory>
        <type implementation="java.lang.String" default-value="range"/>
        <outputXML implementation="java.io.File">${project.build.directory}/changelog.xml</outputXML>
        <developers implementation="java.util.List">${project.developers}</developers>
        <scmUrl implementation="java.lang.String">${project.scm.url}</scmUrl>
        <outputEncoding implementation="java.lang.String" default-value="ISO-8859-1"/>
        <dateFormat implementation="java.lang.String" default-value="yyyy-MM-dd"/>
        <project implementation="org.apache.maven.project.MavenProject">${project}</project>
        <basedir implementation="java.io.File">${project.build.sourceDirectory}</basedir>
      </configuration>
      <requirements>
        <requirement>
          <role>org.codehaus.doxia.site.renderer.SiteRenderer</role>
          <field-name>siteRenderer</field-name>
        </requirement>
      </requirements>
    </mojo>
    <mojo>
      <goal>file-activity</goal>
      <requiresDirectInvocation>false</requiresDirectInvocation>
      <requiresProject>true</requiresProject>
      <requiresReports>false</requiresReports>
      <aggregator>false</aggregator>
      <requiresOnline>false</requiresOnline>
      <inheritedByDefault>true</inheritedByDefault>
      <implementation>org.apache.maven.changelog.FileActivityReport</implementation>
      <language>java</language>
      <instantiationStrategy>per-lookup</instantiationStrategy>
      <executionStrategy>once-per-session</executionStrategy>
      <parameters>
        <parameter>
          <name>basedir</name>
          <type>java.io.File</type>
          <required>true</required>
          <editable>true</editable>
          <description>Input dir. Directory where the sources are located.</description>
        </parameter>
        <parameter>
          <name>dateFormat</name>
          <type>java.lang.String</type>
          <required>false</required>
          <editable>true</editable>
          <description>Used to specify the date format of log entries to retrieve.</description>
        </parameter>
        <parameter>
          <name>dates</name>
          <type>java.util.List</type>
          <required>false</required>
          <editable>true</editable>
          <description>Used to specify the absolute date (or list of dates) to start log entries from.</description>
        </parameter>
        <parameter>
          <name>outputDirectory</name>
          <type>java.io.File</type>
          <required>true</required>
          <editable>false</editable>
          <description>The directory where the report will be generated</description>
        </parameter>
        <parameter>
          <name>outputEncoding</name>
          <type>java.lang.String</type>
          <required>true</required>
          <editable>true</editable>
          <description>Output encoding for the xml document</description>
        </parameter>
        <parameter>
          <name>outputXML</name>
          <type>java.io.File</type>
          <required>true</required>
          <editable>true</editable>
          <description>Output file for xml document</description>
        </parameter>
        <parameter>
          <name>project</name>
          <type>org.apache.maven.project.MavenProject</type>
          <required>true</required>
          <editable>false</editable>
          <description>The Maven Project Object</description>
        </parameter>
        <parameter>
          <name>ranges</name>
          <type>java.util.List</type>
          <required>false</required>
          <editable>true</editable>
          <description>Used to specify the number of days (or list of days) of log entries to retrieve.</description>
        </parameter>
        <parameter>
          <name>scmUrl</name>
          <type>java.lang.String</type>
          <required>false</required>
          <editable>true</editable>
          <description>The URL to view the scm. Basis for external links from the generated report.</description>
        </parameter>
        <parameter>
          <name>tags</name>
          <type>java.util.List</type>
          <required>false</required>
          <editable>true</editable>
          <description>Used to specify the tag (or list of tags) to start log entries from.</description>
        </parameter>
        <parameter>
          <name>type</name>
          <type>java.lang.String</type>
          <required>true</required>
          <editable>true</editable>
          <description>Used to specify whether to build the log from a range, absolute date, or tag.</description>
        </parameter>
      </parameters>
      <configuration>
        <outputDirectory implementation="java.io.File">${project.build.directory}/site</outputDirectory>
        <type implementation="java.lang.String" default-value="range"/>
        <outputXML implementation="java.io.File">${project.build.directory}/changelog.xml</outputXML>
        <scmUrl implementation="java.lang.String">${project.scm.url}</scmUrl>
        <outputEncoding implementation="java.lang.String" default-value="ISO-8859-1"/>
        <dateFormat implementation="java.lang.String" default-value="yyyy-MM-dd"/>
        <project implementation="org.apache.maven.project.MavenProject">${project}</project>
        <basedir implementation="java.io.File">${project.build.sourceDirectory}</basedir>
      </configuration>
      <requirements>
        <requirement>
          <role>org.codehaus.doxia.site.renderer.SiteRenderer</role>
          <field-name>siteRenderer</field-name>
        </requirement>
      </requirements>
    </mojo>
  </mojos>
  <dependencies/>
</plugin>