<plugin>
  <description>Clirr is a tool that checks Java libraries for binary and source compatibility with older releases.
    Basically you give it two sets of jar files and Clirr dumps out a list of changes in the public API.
    The clirr-maven-plugin can be configured to break the build, if it detects incompatible api changes.
    In a continuous integration process, the clirr-maven-plugin can automatically prevent accidental
    introduction of binary or source compatibility problems. Additionally, the plugin can generate
    a report as part of the generated site.</description>
  <groupId>org.codehaus.mojo</groupId>
  <artifactId>clirr-maven-plugin</artifactId>
  <version>2.1.1</version>
  <goalPrefix>clirr</goalPrefix>
  <isolatedRealm>false</isolatedRealm>
  <inheritedByDefault>true</inheritedByDefault>
  <mojos>
    <mojo>
      <goal>check</goal>
      <description>Perform a violation check against the last checkstyle run to see if there are any violations.</description>
      <requiresDependencyResolution>compile</requiresDependencyResolution>
      <requiresDirectInvocation>false</requiresDirectInvocation>
      <requiresProject>true</requiresProject>
      <requiresReports>false</requiresReports>
      <aggregator>false</aggregator>
      <requiresOnline>false</requiresOnline>
      <inheritedByDefault>true</inheritedByDefault>
      <phase>verify</phase>
      <executePhase>compile</executePhase>
      <implementation>org.codehaus.mojo.clirr.ClirrCheckMojo</implementation>
      <language>java</language>
      <instantiationStrategy>per-lookup</instantiationStrategy>
      <executionStrategy>once-per-session</executionStrategy>
      <parameters>
        <parameter>
          <name>classesDirectory</name>
          <type>java.io.File</type>
          <required>false</required>
          <editable>true</editable>
          <description>The classes of this project to compare the last release against.</description>
        </parameter>
        <parameter>
          <name>comparisonArtifacts</name>
          <type>org.codehaus.mojo.clirr.ArtifactSpecification</type>
          <required>false</required>
          <editable>true</editable>
          <description>List of artifacts to compare the current code against. This overrides &lt;code&gt;comparisonVersion&lt;/code&gt;, if present. Each comparisonArtifact is made of a groupId, an artifactId, a version number. Optionally it may have a classifier (default null) and a type (default &quot;jar&quot;).</description>
        </parameter>
        <parameter>
          <name>comparisonVersion</name>
          <type>java.lang.String</type>
          <required>false</required>
          <editable>true</editable>
          <description>Version to compare the current code against.</description>
        </parameter>
        <parameter>
          <name>excludes</name>
          <type>java.lang.String</type>
          <required>false</required>
          <editable>true</editable>
          <description>A list of classes to exclude. These classes are excluded from the list of classes that are included. Values are specified in path pattern notation, e.g. &lt;code&gt;org/codehaus/mojo/**&lt;/code&gt;.</description>
        </parameter>
        <parameter>
          <name>failOnError</name>
          <type>boolean</type>
          <required>false</required>
          <editable>true</editable>
          <description>Whether to fail on errors.</description>
        </parameter>
        <parameter>
          <name>failOnWarning</name>
          <type>boolean</type>
          <required>false</required>
          <editable>true</editable>
          <description>Whether to fail on warnings.</description>
        </parameter>
        <parameter>
          <name>includes</name>
          <type>java.lang.String</type>
          <required>false</required>
          <editable>true</editable>
          <description>A list of classes to include. Anything not included is excluded. If omitted, all are assumed to be included. Values are specified in path pattern notation, e.g. &lt;code&gt;org/codehaus/mojo/**&lt;/code&gt;.</description>
        </parameter>
        <parameter>
          <name>localRepository</name>
          <type>org.apache.maven.artifact.repository.ArtifactRepository</type>
          <required>true</required>
          <editable>false</editable>
          <description></description>
        </parameter>
        <parameter>
          <name>logResults</name>
          <type>boolean</type>
          <required>false</required>
          <editable>true</editable>
          <description>Whether to log the results to the console or not.</description>
        </parameter>
        <parameter>
          <name>project</name>
          <type>org.apache.maven.project.MavenProject</type>
          <required>true</required>
          <editable>false</editable>
          <description></description>
        </parameter>
        <parameter>
          <name>textOutputFile</name>
          <type>java.io.File</type>
          <required>false</required>
          <editable>true</editable>
          <description>A text output file to render to. If omitted, no output is rendered to a text file.</description>
        </parameter>
        <parameter>
          <name>xmlOutputFile</name>
          <type>java.io.File</type>
          <required>false</required>
          <editable>true</editable>
          <description>An XML file to render to. If omitted, no output is rendered to an XML file.</description>
        </parameter>
      </parameters>
      <configuration>
        <comparisonVersion implementation="java.lang.String" default-value="(,${project.version})">${comparisonVersion}</comparisonVersion>
        <project implementation="org.apache.maven.project.MavenProject">${project}</project>
        <failOnWarning implementation="boolean" default-value="false">${failOnWarning}</failOnWarning>
        <logResults implementation="boolean" default-value="false">${logResults}</logResults>
        <xmlOutputFile implementation="java.io.File">${xmlOutputFile}</xmlOutputFile>
        <classesDirectory implementation="java.io.File" default-value="${project.build.outputDirectory}"/>
        <localRepository implementation="org.apache.maven.artifact.repository.ArtifactRepository" default-value="${localRepository}"/>
        <failOnError implementation="boolean" default-value="true">${failOnError}</failOnError>
        <textOutputFile implementation="java.io.File">${textOutputFile}</textOutputFile>
      </configuration>
      <requirements>
        <requirement>
          <role>org.apache.maven.artifact.metadata.ArtifactMetadataSource</role>
          <field-name>metadataSource</field-name>
        </requirement>
        <requirement>
          <role>org.codehaus.plexus.i18n.I18N</role>
          <field-name>i18n</field-name>
        </requirement>
        <requirement>
          <role>org.apache.maven.artifact.resolver.ArtifactResolver</role>
          <field-name>resolver</field-name>
        </requirement>
        <requirement>
          <role>org.apache.maven.artifact.factory.ArtifactFactory</role>
          <field-name>factory</field-name>
        </requirement>
      </requirements>
    </mojo>
    <mojo>
      <goal>clirr</goal>
      <description>Generate a report from the Clirr output.</description>
      <requiresDependencyResolution>compile</requiresDependencyResolution>
      <requiresDirectInvocation>false</requiresDirectInvocation>
      <requiresProject>true</requiresProject>
      <requiresReports>false</requiresReports>
      <aggregator>false</aggregator>
      <requiresOnline>false</requiresOnline>
      <inheritedByDefault>true</inheritedByDefault>
      <executePhase>compile</executePhase>
      <implementation>org.codehaus.mojo.clirr.ClirrReport</implementation>
      <language>java</language>
      <instantiationStrategy>per-lookup</instantiationStrategy>
      <executionStrategy>once-per-session</executionStrategy>
      <parameters>
        <parameter>
          <name>classesDirectory</name>
          <type>java.io.File</type>
          <required>false</required>
          <editable>true</editable>
          <description>The classes of this project to compare the last release against.</description>
        </parameter>
        <parameter>
          <name>comparisonArtifacts</name>
          <type>org.codehaus.mojo.clirr.ArtifactSpecification</type>
          <required>false</required>
          <editable>true</editable>
          <description>List of artifacts to compare the current code against. This overrides &lt;code&gt;comparisonVersion&lt;/code&gt;, if present. Each comparisonArtifact is made of a groupId, an artifactId, a version number. Optionally it may have a classifier (default null) and a type (default &quot;jar&quot;).</description>
        </parameter>
        <parameter>
          <name>comparisonVersion</name>
          <type>java.lang.String</type>
          <required>false</required>
          <editable>true</editable>
          <description>Version to compare the current code against.</description>
        </parameter>
        <parameter>
          <name>excludes</name>
          <type>java.lang.String</type>
          <required>false</required>
          <editable>true</editable>
          <description>A list of classes to exclude. These classes are excluded from the list of classes that are included. Values are specified in path pattern notation, e.g. &lt;code&gt;org/codehaus/mojo/**&lt;/code&gt;.</description>
        </parameter>
        <parameter>
          <name>htmlReport</name>
          <type>boolean</type>
          <required>false</required>
          <editable>true</editable>
          <description>Whether to render the HTML report or not.</description>
        </parameter>
        <parameter>
          <name>includes</name>
          <type>java.lang.String</type>
          <required>false</required>
          <editable>true</editable>
          <description>A list of classes to include. Anything not included is excluded. If omitted, all are assumed to be included. Values are specified in path pattern notation, e.g. &lt;code&gt;org/codehaus/mojo/**&lt;/code&gt;.</description>
        </parameter>
        <parameter>
          <name>linkXRef</name>
          <type>boolean</type>
          <required>false</required>
          <editable>true</editable>
          <description>Link the violation line numbers to the source xref. Defaults to true and will link automatically if jxr plugin is being used.</description>
        </parameter>
        <parameter>
          <name>localRepository</name>
          <type>org.apache.maven.artifact.repository.ArtifactRepository</type>
          <required>true</required>
          <editable>false</editable>
          <description></description>
        </parameter>
        <parameter>
          <name>logResults</name>
          <type>boolean</type>
          <required>false</required>
          <editable>true</editable>
          <description>Whether to log the results to the console or not.</description>
        </parameter>
        <parameter>
          <name>minSeverity</name>
          <type>java.lang.String</type>
          <required>false</required>
          <editable>true</editable>
          <description>Show only messages of this severity or higher. Valid values are &lt;code&gt;info&lt;/code&gt;, &lt;code&gt;warning&lt;/code&gt; and &lt;code&gt;error&lt;/code&gt;.</description>
        </parameter>
        <parameter>
          <name>outputDirectory</name>
          <type>java.io.File</type>
          <required>true</required>
          <editable>true</editable>
          <description>Specifies the directory where the report will be generated</description>
        </parameter>
        <parameter>
          <name>project</name>
          <type>org.apache.maven.project.MavenProject</type>
          <required>true</required>
          <editable>false</editable>
          <description></description>
        </parameter>
        <parameter>
          <name>showSummary</name>
          <type>boolean</type>
          <required>false</required>
          <editable>true</editable>
          <description>Whether to show the summary of the number of errors, warnings and informational messages.</description>
        </parameter>
        <parameter>
          <name>textOutputFile</name>
          <type>java.io.File</type>
          <required>false</required>
          <editable>true</editable>
          <description>A text output file to render to. If omitted, no output is rendered to a text file.</description>
        </parameter>
        <parameter>
          <name>xmlOutputFile</name>
          <type>java.io.File</type>
          <required>false</required>
          <editable>true</editable>
          <description>An XML file to render to. If omitted, no output is rendered to an XML file.</description>
        </parameter>
        <parameter>
          <name>xrefLocation</name>
          <type>java.io.File</type>
          <required>false</required>
          <editable>true</editable>
          <description>Location of the Xrefs to link to.</description>
        </parameter>
      </parameters>
      <configuration>
        <showSummary implementation="boolean" default-value="true">${showSummary}</showSummary>
        <logResults implementation="boolean" default-value="false">${logResults}</logResults>
        <xmlOutputFile implementation="java.io.File">${xmlOutputFile}</xmlOutputFile>
        <htmlReport implementation="boolean" default-value="true">${htmlReport}</htmlReport>
        <outputDirectory implementation="java.io.File" default-value="${project.reporting.outputDirectory}"/>
        <textOutputFile implementation="java.io.File">${textOutputFile}</textOutputFile>
        <xrefLocation implementation="java.io.File" default-value="${project.build.directory}/site/xref"/>
        <comparisonVersion implementation="java.lang.String" default-value="(,${project.version})">${comparisonVersion}</comparisonVersion>
        <minSeverity implementation="java.lang.String" default-value="warning">${minSeverity}</minSeverity>
        <project implementation="org.apache.maven.project.MavenProject">${project}</project>
        <classesDirectory implementation="java.io.File" default-value="${project.build.outputDirectory}"/>
        <localRepository implementation="org.apache.maven.artifact.repository.ArtifactRepository" default-value="${localRepository}"/>
        <linkXRef implementation="boolean" default-value="true">${linkXRef}</linkXRef>
      </configuration>
      <requirements>
        <requirement>
          <role>org.apache.maven.doxia.siterenderer.Renderer</role>
          <field-name>siteRenderer</field-name>
        </requirement>
        <requirement>
          <role>org.apache.maven.artifact.metadata.ArtifactMetadataSource</role>
          <field-name>metadataSource</field-name>
        </requirement>
        <requirement>
          <role>org.apache.maven.artifact.resolver.ArtifactResolver</role>
          <field-name>resolver</field-name>
        </requirement>
        <requirement>
          <role>org.apache.maven.artifact.factory.ArtifactFactory</role>
          <field-name>factory</field-name>
        </requirement>
      </requirements>
    </mojo>
  </mojos>
  <dependencies/>
</plugin>