<plugin>
  <description>A Maven 2 compatible plugin for QALab.</description>
  <groupId>net.objectlab</groupId>
  <artifactId>maven-qalab-plugin</artifactId>
  <version>2.0</version>
  <goalPrefix>qalab</goalPrefix>
  <isolatedRealm>false</isolatedRealm>
  <inheritedByDefault>true</inheritedByDefault>
  <mojos>
    <mojo>
      <goal>chart</goal>
      <description>Goal which generates the QALab BuildStat chart.</description>
      <requiresDirectInvocation>false</requiresDirectInvocation>
      <requiresProject>true</requiresProject>
      <requiresReports>false</requiresReports>
      <aggregator>false</aggregator>
      <requiresOnline>false</requiresOnline>
      <inheritedByDefault>true</inheritedByDefault>
      <phase>deploy</phase>
      <implementation>net.objectlab.qalab.m2.BuildStatChartMojo</implementation>
      <language>java</language>
      <instantiationStrategy>per-lookup</instantiationStrategy>
      <executionStrategy>once-per-session</executionStrategy>
      <parameters>
        <parameter>
          <name>height</name>
          <type>int</type>
          <required>false</required>
          <editable>true</editable>
          <description>The Chart height.</description>
        </parameter>
        <parameter>
          <name>movingAverage</name>
          <type>int</type>
          <required>false</required>
          <editable>true</editable>
          <description>If the movingAverage is &lt;= 0 then there is no moving average, otherwise it shows the average based on the last n points, where n is the value of this field.</description>
        </parameter>
        <parameter>
          <name>qalabFile</name>
          <type>java.io.File</type>
          <required>true</required>
          <editable>true</editable>
          <description>The QALab properties file.</description>
        </parameter>
        <parameter>
          <name>quiet</name>
          <type>boolean</type>
          <required>false</required>
          <editable>true</editable>
          <description>If true then any debug logging output will be suppressed.</description>
        </parameter>
        <parameter>
          <name>summaryOnly</name>
          <alias>summaryOnly</alias>
          <type>boolean</type>
          <required>false</required>
          <editable>true</editable>
          <description>If true then generate a summary chart only.</description>
        </parameter>
        <parameter>
          <name>toDir</name>
          <type>java.io.File</type>
          <required>true</required>
          <editable>true</editable>
          <description>The directory to put the chart.</description>
        </parameter>
        <parameter>
          <name>types</name>
          <type>java.lang.String</type>
          <required>false</required>
          <editable>true</editable>
          <description>Statistic type, defaulted to &apos;checkstyle&apos;.</description>
        </parameter>
        <parameter>
          <name>width</name>
          <type>int</type>
          <required>false</required>
          <editable>true</editable>
          <description>The Chart width.</description>
        </parameter>
      </parameters>
      <configuration>
        <movingAverage implementation="int" default-value="0"/>
        <width implementation="int" default-value="950"/>
        <types implementation="java.lang.String" default-value="checkstyle"/>
        <quiet implementation="boolean" default-value="false"/>
        <height implementation="int" default-value="600"/>
        <summaryOnly implementation="boolean" default-value="true"/>
        <toDir implementation="java.io.File">${project.build.directory}/site/qalab</toDir>
        <qalabFile implementation="java.io.File">${project.basedir}/qalab.xml</qalabFile>
      </configuration>
    </mojo>
    <mojo>
      <goal>merge</goal>
      <description>Goal that handles the merge of statistics into qalab.xml.</description>
      <requiresDirectInvocation>false</requiresDirectInvocation>
      <requiresProject>true</requiresProject>
      <requiresReports>false</requiresReports>
      <aggregator>false</aggregator>
      <requiresOnline>false</requiresOnline>
      <inheritedByDefault>true</inheritedByDefault>
      <phase>deploy</phase>
      <implementation>net.objectlab.qalab.m2.BuildStatMergeMojo</implementation>
      <language>java</language>
      <instantiationStrategy>per-lookup</instantiationStrategy>
      <executionStrategy>once-per-session</executionStrategy>
      <parameters>
        <parameter>
          <name>exporterClassName</name>
          <type>java.lang.String</type>
          <required>false</required>
          <editable>true</editable>
          <description>An exporter class name.</description>
        </parameter>
        <parameter>
          <name>handler</name>
          <type>java.lang.String</type>
          <required>true</required>
          <editable>true</editable>
          <description>The fully qualified class name for the handler for the given statistics. &lt;ul&gt;The built-in handlers are: &lt;li&gt;net.objectlab.qalab.parser.CheckstyleStatMerge&lt;/li&gt; &lt;li&gt;net.objectlab.qalab.parser.PMDStatMerge&lt;/li&gt; &lt;li&gt;net.objectlab.qalab.parser.FindBugsStatMerge&lt;/li&gt; &lt;li&gt;net.objectlab.qalab.parser.SimianStatMerge&lt;/li&gt; &lt;/ul&gt;</description>
        </parameter>
        <parameter>
          <name>inputFile</name>
          <type>java.io.File</type>
          <required>true</required>
          <editable>true</editable>
          <description>The file the whose values will be incorporated in the qalab.xml. This file will have been generated by checkstyle, or pmd etc.</description>
        </parameter>
        <parameter>
          <name>mergerTimeStamp</name>
          <type>java.lang.String</type>
          <required>false</required>
          <editable>true</editable>
          <description>The timestamp for the stats.</description>
        </parameter>
        <parameter>
          <name>outputFile</name>
          <type>java.io.File</type>
          <required>false</required>
          <editable>true</editable>
          <description>The merged properties file. By default this is generated into the root of the project as it is often checked into source control.</description>
        </parameter>
        <parameter>
          <name>propertiesFile</name>
          <type>java.io.File</type>
          <required>false</required>
          <editable>true</editable>
          <description>The properties file to use instead of setting them one by one.</description>
        </parameter>
        <parameter>
          <name>quiet</name>
          <type>boolean</type>
          <required>false</required>
          <editable>true</editable>
          <description>If true then any debug logging output will be suppressed.</description>
        </parameter>
        <parameter>
          <name>srcDir</name>
          <type>java.lang.String</type>
          <required>false</required>
          <editable>true</editable>
          <description>The directory where the source code is.</description>
        </parameter>
      </parameters>
      <configuration>
        <srcDir implementation="java.lang.String">${project.basedir}/src/</srcDir>
        <quiet implementation="boolean" default-value="false"/>
        <outputFile implementation="java.io.File">${project.basedir}/qalab.xml</outputFile>
        <exporterClassName implementation="java.lang.String" default-value="net.objectlab.qalab.exporter.QALabXMLExporter"/>
      </configuration>
    </mojo>
    <mojo>
      <goal>movers</goal>
      <description>Goal to create the mover XML file given the correct parameters. The movers report shows what has changed over the last &quot;x&quot; hours.</description>
      <requiresDirectInvocation>false</requiresDirectInvocation>
      <requiresProject>true</requiresProject>
      <requiresReports>false</requiresReports>
      <aggregator>false</aggregator>
      <requiresOnline>false</requiresOnline>
      <inheritedByDefault>true</inheritedByDefault>
      <phase>deploy</phase>
      <implementation>net.objectlab.qalab.m2.BuildStatMoversMojo</implementation>
      <language>java</language>
      <instantiationStrategy>per-lookup</instantiationStrategy>
      <executionStrategy>once-per-session</executionStrategy>
      <parameters>
        <parameter>
          <name>outputXMLfile</name>
          <type>java.io.File</type>
          <required>false</required>
          <editable>true</editable>
          <description>The output XML file with ups and downs.</description>
        </parameter>
        <parameter>
          <name>qalabFile</name>
          <type>java.io.File</type>
          <required>false</required>
          <editable>true</editable>
          <description>The qalabFile, typically qalab.xml.</description>
        </parameter>
        <parameter>
          <name>quiet</name>
          <type>boolean</type>
          <required>false</required>
          <editable>true</editable>
          <description>If true then any debug logging output will be suppressed.</description>
        </parameter>
        <parameter>
          <name>startTimeHoursOffset</name>
          <type>java.lang.String</type>
          <required>false</required>
          <editable>true</editable>
          <description>The number of hours to define the time window from now.</description>
        </parameter>
        <parameter>
          <name>types</name>
          <type>java.lang.String</type>
          <required>false</required>
          <editable>true</editable>
          <description>Statistic types to be taken into account (checkstyle|findbugs|pmd|simian). Or comma separated combinations. Default is checkstyle only for now as there are no working Maven2 plugins for the others.</description>
        </parameter>
        <parameter>
          <name>weekendAdjustment</name>
          <type>boolean</type>
          <required>false</required>
          <editable>true</editable>
          <description>if true, adjust for weekend ie add 48h if start time falls on a weekend.</description>
        </parameter>
      </parameters>
      <configuration>
        <outputXMLfile implementation="java.io.File">${project.build.directory}/qalab/qalab-movers.xml</outputXMLfile>
        <types implementation="java.lang.String" default-value="checkstyle"/>
        <quiet implementation="boolean" default-value="false"/>
        <weekendAdjustment implementation="boolean" default-value="true"/>
        <qalabFile implementation="java.io.File">${project.basedir}/qalab.xml</qalabFile>
      </configuration>
    </mojo>
    <mojo>
      <goal>report</goal>
      <description>Goal that handles the generation of a site report based on the data in the qalab.xml file.</description>
      <requiresDirectInvocation>false</requiresDirectInvocation>
      <requiresProject>true</requiresProject>
      <requiresReports>false</requiresReports>
      <aggregator>false</aggregator>
      <requiresOnline>false</requiresOnline>
      <inheritedByDefault>true</inheritedByDefault>
      <phase>deploy</phase>
      <implementation>net.objectlab.qalab.m2.report.MainReport</implementation>
      <language>java</language>
      <instantiationStrategy>per-lookup</instantiationStrategy>
      <executionStrategy>once-per-session</executionStrategy>
      <parameters>
        <parameter>
          <name>inputFile</name>
          <type>java.io.File</type>
          <required>false</required>
          <editable>true</editable>
          <description>The generated qalab.xml file.</description>
        </parameter>
        <parameter>
          <name>outputDirectory</name>
          <type>java.lang.String</type>
          <required>true</required>
          <editable>true</editable>
          <description>The directory where the generated html report will go.</description>
        </parameter>
        <parameter>
          <name>project</name>
          <type>org.apache.maven.project.MavenProject</type>
          <required>true</required>
          <editable>false</editable>
          <description>The maven project.</description>
        </parameter>
        <parameter>
          <name>startTimeHoursOffset</name>
          <type>java.lang.String</type>
          <required>false</required>
          <editable>true</editable>
          <description>The number of hours to define the time window from now.</description>
        </parameter>
        <parameter>
          <name>styleSheet</name>
          <type>java.io.File</type>
          <required>false</required>
          <editable>true</editable>
          <description>The xslt style sheet.</description>
        </parameter>
        <parameter>
          <name>types</name>
          <type>java.lang.String</type>
          <required>false</required>
          <editable>true</editable>
          <description>Statistic types, defaulted to &apos;checkstyle&apos;.</description>
        </parameter>
      </parameters>
      <configuration>
        <inputFile implementation="java.io.File">${project.basedir}/qalab.xml</inputFile>
        <types implementation="java.lang.String" default-value="checkstyle"/>
        <outputDirectory implementation="java.lang.String">${project.build.directory}/site/qalab</outputDirectory>
        <startTimeHoursOffset implementation="java.lang.String" default-value="48"/>
        <project implementation="org.apache.maven.project.MavenProject">${project}</project>
      </configuration>
      <requirements>
        <requirement>
          <role>org.codehaus.doxia.site.renderer.SiteRenderer</role>
          <field-name>siteRenderer</field-name>
        </requirement>
      </requirements>
    </mojo>
    <mojo>
      <goal>movers-report</goal>
      <description>Goal that handles the generation of a movers report based on the data in the qalab-movers.xml file.</description>
      <requiresDirectInvocation>false</requiresDirectInvocation>
      <requiresProject>true</requiresProject>
      <requiresReports>false</requiresReports>
      <aggregator>false</aggregator>
      <requiresOnline>false</requiresOnline>
      <inheritedByDefault>true</inheritedByDefault>
      <phase>deploy</phase>
      <implementation>net.objectlab.qalab.m2.report.MoversReport</implementation>
      <language>java</language>
      <instantiationStrategy>per-lookup</instantiationStrategy>
      <executionStrategy>once-per-session</executionStrategy>
      <parameters>
        <parameter>
          <name>inputMoversFile</name>
          <type>java.io.File</type>
          <required>false</required>
          <editable>true</editable>
          <description>The generated qalab-movers.xml file.</description>
        </parameter>
        <parameter>
          <name>moversStyleSheet</name>
          <type>java.io.File</type>
          <required>false</required>
          <editable>true</editable>
          <description>The xslt style sheet.</description>
        </parameter>
        <parameter>
          <name>outputDirectory</name>
          <type>java.lang.String</type>
          <required>true</required>
          <editable>true</editable>
          <description>The directory where the generated html report will go.</description>
        </parameter>
        <parameter>
          <name>project</name>
          <type>org.apache.maven.project.MavenProject</type>
          <required>true</required>
          <editable>false</editable>
          <description>The maven project.</description>
        </parameter>
      </parameters>
      <configuration>
        <outputDirectory implementation="java.lang.String">${project.build.directory}/site/qalab</outputDirectory>
        <project implementation="org.apache.maven.project.MavenProject">${project}</project>
        <inputMoversFile implementation="java.io.File">${project.build.directory}/qalab/qalab-movers.xml</inputMoversFile>
      </configuration>
      <requirements>
        <requirement>
          <role>org.codehaus.doxia.site.renderer.SiteRenderer</role>
          <field-name>siteRenderer</field-name>
        </requirement>
      </requirements>
    </mojo>
  </mojos>
  <dependencies/>
</plugin>