<plugin>
  <description>Camel Maven Plugins</description>
  <groupId>org.apache.camel</groupId>
  <artifactId>camel-maven-plugin</artifactId>
  <version>1.1.0</version>
  <goalPrefix>camel</goalPrefix>
  <isolatedRealm>false</isolatedRealm>
  <inheritedByDefault>true</inheritedByDefault>
  <mojos>
    <mojo>
      <goal>run</goal>
      <description>Runs a CamelContext using any Spring XML configuration files found in &lt;code&gt;META-INF/spring/*.xml&lt;/code&gt; and starting up the context.</description>
      <requiresDependencyResolution>runtime</requiresDependencyResolution>
      <requiresDirectInvocation>false</requiresDirectInvocation>
      <requiresProject>true</requiresProject>
      <requiresReports>false</requiresReports>
      <aggregator>false</aggregator>
      <requiresOnline>false</requiresOnline>
      <inheritedByDefault>true</inheritedByDefault>
      <executePhase>test-compile</executePhase>
      <implementation>org.apache.camel.maven.RunCamelMojo</implementation>
      <language>java</language>
      <instantiationStrategy>per-lookup</instantiationStrategy>
      <executionStrategy>once-per-session</executionStrategy>
      <parameters>
        <parameter>
          <name>arguments</name>
          <type>java.lang.String</type>
          <required>false</required>
          <editable>true</editable>
          <description>The class arguments.</description>
        </parameter>
        <parameter>
          <name>cleanupDaemonThreads</name>
          <type>boolean</type>
          <required>false</required>
          <editable>true</editable>
          <description>Wether to interrupt/join and possibly stop the daemon threads upon quitting. &lt;br/&gt; If this is &lt;code&gt;false&lt;/code&gt;, maven does nothing about the daemon threads. When maven has no more work to do, the VM will normally terminate any remaining daemon threads. &lt;p&gt; In certain cases (in particular if maven is embedded), you might need to keep this enabled to make sure threads are properly cleaned up to ensure they don&apos;t interfere with subsequent activity. In that case, see {@link #daemonThreadJoinTimeout} and {@link #stopUnresponsiveDaemonThreads} for further tuning. &lt;/p&gt;</description>
        </parameter>
        <parameter>
          <name>daemonThreadJoinTimeout</name>
          <type>long</type>
          <required>false</required>
          <editable>true</editable>
          <description>This defines the number of milliseconds to wait for daemon threads to quit following their interruption.&lt;br/&gt; This is only taken into account if {@link #cleanupDaemonThreads} is &lt;code&gt;true&lt;/code&gt;. A value &amp;lt;=0 means to not timeout (i.e. wait indefinitely for threads to finish). Following a timeout, a warning will be logged. &lt;p&gt; Note: properly coded threads &lt;i&gt;should&lt;/i&gt; terminate upon interruption but some threads may prove problematic: as the VM does interrupt daemon threads, some code may not have been written to handle interruption properly. For example java.util.Timer is known to not handle interruptions in JDK &amp;lt;= 1.6. So it is not possible for us to infinitely wait by default otherwise maven could hang. A sensible default value has been chosen, but this default value &lt;i&gt;may change&lt;/i&gt; in the future based on user feedback. &lt;/p&gt;</description>
        </parameter>
        <parameter>
          <name>executableDependency</name>
          <type>org.codehaus.mojo.exec.ExecutableDependency</type>
          <required>false</required>
          <editable>true</editable>
          <description>If provided the ExecutableDependency identifies which of the plugin dependencies contains the executable class. This will have the affect of only including plugin dependencies required by the identified ExecutableDependency. &lt;p/&gt; If includeProjectDependencies is set to &lt;code&gt;true&lt;/code&gt;, all of the project dependencies will be included on the executable&apos;s classpath. Whether a particular project dependency is a dependency of the identified ExecutableDependency will be irrelevant to its inclusion in the classpath.</description>
        </parameter>
        <parameter>
          <name>includePluginDependencies</name>
          <type>boolean</type>
          <required>false</required>
          <editable>true</editable>
          <description>Indicates if this plugin&apos;s dependencies should be used when executing the main class. &lt;p/&gt; This is useful when project dependencies are not appropriate. Using only the plugin dependencies can be particularly useful when the project is not a java project. For example a mvn project using the csharp plugins only expects to see dotnet libraries as dependencies.</description>
        </parameter>
        <parameter>
          <name>includeProjectDependencies</name>
          <type>boolean</type>
          <required>false</required>
          <editable>true</editable>
          <description>Indicates if the project dependencies should be used when executing the main class.</description>
        </parameter>
        <parameter>
          <name>keepAlive</name>
          <type>boolean</type>
          <required>false</required>
          <editable>true</editable>
          <description>Deprecated; this is not needed anymore. Indicates if mojo should be kept running after the mainclass terminates. Usefull for serverlike apps with deamonthreads.</description>
        </parameter>
        <parameter>
          <name>killAfter</name>
          <type>long</type>
          <required>false</required>
          <editable>true</editable>
          <description>Deprecated this is not needed anymore.</description>
        </parameter>
        <parameter>
          <name>localRepository</name>
          <type>org.apache.maven.artifact.repository.ArtifactRepository</type>
          <required>true</required>
          <editable>false</editable>
          <description></description>
        </parameter>
        <parameter>
          <name>mainClass</name>
          <type>java.lang.String</type>
          <required>true</required>
          <editable>true</editable>
          <description>The main class to execute.</description>
        </parameter>
        <parameter>
          <name>pluginDependencies</name>
          <type>java.util.List</type>
          <required>false</required>
          <editable>false</editable>
          <description></description>
        </parameter>
        <parameter>
          <name>project</name>
          <type>org.apache.maven.project.MavenProject</type>
          <required>true</required>
          <editable>false</editable>
          <description>The maven project.</description>
        </parameter>
        <parameter>
          <name>remoteRepositories</name>
          <type>java.util.List</type>
          <required>false</required>
          <editable>true</editable>
          <description></description>
        </parameter>
        <parameter>
          <name>stopUnresponsiveDaemonThreads</name>
          <type>boolean</type>
          <required>false</required>
          <editable>true</editable>
          <description>Wether to call {@link Thread#stop()} following a timing out of waiting for an interrupted thread to finish. This is only taken into account if {@link #cleanupDaemonThreads} is &lt;code&gt;true&lt;/code&gt; and the {@link #daemonThreadJoinTimeout} threshold has been reached for an uncooperative thread. If this is &lt;code&gt;false&lt;/code&gt;, or if {@link Thread#stop()} fails to get the thread to stop, then a warning is logged and Maven will continue on while the affected threads (and related objects in memory) linger on. Consider setting this to &lt;code&gt;true&lt;/code&gt; if you are invoking problematic code that you can&apos;t fix. An example is {@link java.util.Timer} which doesn&apos;t respond to interruption. To have &lt;code&gt;Timer&lt;/code&gt; fixed, vote for &lt;a href=&quot;http://bugs.sun.com/bugdatabase/view_bug.do?bug_id=6336543&quot;&gt;this bug&lt;/a&gt;.</description>
        </parameter>
        <parameter>
          <name>systemProperties</name>
          <type>org.codehaus.mojo.exec.Property</type>
          <required>false</required>
          <editable>true</editable>
          <description>A list of system properties to be passed. Note: as the execution is not forked, some system properties required by the JVM cannot be passed here. Use MAVEN_OPTS or the exec:exec instead. See the user guide for more information.</description>
        </parameter>
      </parameters>
      <configuration>
        <arguments implementation="java.lang.String">${camel.applicationContext}</arguments>
        <pluginDependencies implementation="java.util.List">${plugin.artifacts}</pluginDependencies>
        <killAfter implementation="long" default-value="-1">${camel.killAfter}</killAfter>
        <localRepository implementation="org.apache.maven.artifact.repository.ArtifactRepository">${localRepository}</localRepository>
        <mainClass implementation="java.lang.String" default-value="org.apache.camel.spring.Main">${camel.mainClass}</mainClass>
        <daemonThreadJoinTimeout implementation="long" default-value="15000">${camel.daemonThreadJoinTimeout}</daemonThreadJoinTimeout>
        <remoteRepositories implementation="java.util.List">${project.remoteArtifactRepositories}</remoteRepositories>
        <keepAlive implementation="boolean" default-value="false">${camel.keepAlive}</keepAlive>
        <project implementation="org.apache.maven.project.MavenProject">${project}</project>
        <cleanupDaemonThreads implementation="boolean">${camel.cleanupDaemonThreads} default-value=</cleanupDaemonThreads>
        <stopUnresponsiveDaemonThreads implementation="boolean">${camel.stopUnresponsiveDaemonThreads} default-value=</stopUnresponsiveDaemonThreads>
        <includeProjectDependencies implementation="boolean" default-value="true">${camel.includeProjectDependencies}</includeProjectDependencies>
        <includePluginDependencies implementation="boolean" default-value="false">${camel.includePluginDependencies}</includePluginDependencies>
      </configuration>
      <requirements>
        <requirement>
          <role>org.apache.maven.project.MavenProjectBuilder</role>
          <field-name>projectBuilder</field-name>
        </requirement>
        <requirement>
          <role>org.apache.maven.artifact.resolver.ArtifactResolver</role>
          <field-name>artifactResolver</field-name>
        </requirement>
        <requirement>
          <role>org.apache.maven.artifact.factory.ArtifactFactory</role>
          <field-name>artifactFactory</field-name>
        </requirement>
        <requirement>
          <role>org.apache.maven.artifact.metadata.ArtifactMetadataSource</role>
          <field-name>metadataSource</field-name>
        </requirement>
      </requirements>
    </mojo>
  </mojos>
  <dependencies/>
</plugin>