<plugin>
  <description></description>
  <groupId>org.apache.activemq.tooling</groupId>
  <artifactId>maven-activemq-memtest-plugin</artifactId>
  <version>4.1.1</version>
  <goalPrefix>activemq-memtest</goalPrefix>
  <isolatedRealm>false</isolatedRealm>
  <inheritedByDefault>true</inheritedByDefault>
  <mojos>
    <mojo>
      <goal>memtest</goal>
      <description>Goal which does a memory usage test to check for any memory leak</description>
      <requiresDirectInvocation>false</requiresDirectInvocation>
      <requiresProject>true</requiresProject>
      <requiresReports>false</requiresReports>
      <aggregator>false</aggregator>
      <requiresOnline>false</requiresOnline>
      <inheritedByDefault>true</inheritedByDefault>
      <phase>process-sources</phase>
      <implementation>org.apache.activemq.maven.MemtestMojo</implementation>
      <language>java</language>
      <instantiationStrategy>per-lookup</instantiationStrategy>
      <executionStrategy>once-per-session</executionStrategy>
      <parameters>
        <parameter>
          <name>checkpointInterval</name>
          <type>java.lang.String</type>
          <required>true</required>
          <editable>true</editable>
          <description></description>
        </parameter>
        <parameter>
          <name>connectionCheckpointSize</name>
          <type>java.lang.String</type>
          <required>true</required>
          <editable>true</editable>
          <description></description>
        </parameter>
        <parameter>
          <name>consumerCount</name>
          <type>java.lang.String</type>
          <required>true</required>
          <editable>true</editable>
          <description></description>
        </parameter>
        <parameter>
          <name>destinationName</name>
          <type>java.lang.String</type>
          <required>true</required>
          <editable>true</editable>
          <description></description>
        </parameter>
        <parameter>
          <name>durable</name>
          <type>java.lang.String</type>
          <required>true</required>
          <editable>true</editable>
          <description></description>
        </parameter>
        <parameter>
          <name>messageCount</name>
          <type>java.lang.String</type>
          <required>true</required>
          <editable>true</editable>
          <description></description>
        </parameter>
        <parameter>
          <name>messageSize</name>
          <type>java.lang.String</type>
          <required>true</required>
          <editable>true</editable>
          <description></description>
        </parameter>
        <parameter>
          <name>prefetchSize</name>
          <type>java.lang.String</type>
          <required>true</required>
          <editable>true</editable>
          <description></description>
        </parameter>
        <parameter>
          <name>producerCount</name>
          <type>java.lang.String</type>
          <required>true</required>
          <editable>true</editable>
          <description></description>
        </parameter>
        <parameter>
          <name>reportDirectory</name>
          <type>java.lang.String</type>
          <required>true</required>
          <editable>true</editable>
          <description></description>
        </parameter>
        <parameter>
          <name>reportName</name>
          <type>java.lang.String</type>
          <required>true</required>
          <editable>true</editable>
          <description></description>
        </parameter>
        <parameter>
          <name>topic</name>
          <type>java.lang.String</type>
          <required>true</required>
          <editable>true</editable>
          <description></description>
        </parameter>
        <parameter>
          <name>url</name>
          <type>java.lang.String</type>
          <required>false</required>
          <editable>true</editable>
          <description></description>
        </parameter>
      </parameters>
      <configuration>
        <durable implementation="java.lang.String" default-value="false">${durable}</durable>
        <connectionCheckpointSize implementation="java.lang.String" default-value="-1">${connectionCheckpointSize}</connectionCheckpointSize>
        <topic implementation="java.lang.String" default-value="true">${topic}</topic>
        <messageSize implementation="java.lang.String" default-value="10240">${messageSize}</messageSize>
        <producerCount implementation="java.lang.String" default-value="1">${producerCount}</producerCount>
        <checkpointInterval implementation="java.lang.String" default-value="2">${checkpointInterval}</checkpointInterval>
        <consumerCount implementation="java.lang.String" default-value="1">${consumerCount}</consumerCount>
        <destinationName implementation="java.lang.String" default-value="FOO.BAR">${destinationName}</destinationName>
        <prefetchSize implementation="java.lang.String" default-value="-1">${prefetchSize}</prefetchSize>
        <reportDirectory implementation="java.lang.String" default-value="${project.build.directory}/test-memtest">${reportDirectory}</reportDirectory>
        <messageCount implementation="java.lang.String" default-value="100000">${messageCount}</messageCount>
        <reportName implementation="java.lang.String" default-value="activemq-memory-usage-report">${reportName}</reportName>
        <url implementation="java.lang.String">${url}</url>
      </configuration>
    </mojo>
  </mojos>
  <dependencies/>
</plugin>