<plugin>
  <groupId>org.codehaus.modello</groupId>
  <artifactId>modello-maven-plugin</artifactId>
  <version>1.0-alpha-2</version>
  <goalPrefix>modello</goalPrefix>
  <mojos>
    <mojo>
      <goal>java</goal>
      <requiresProject>true</requiresProject>
      <requiresOnline>false</requiresOnline>
      <phase>generate-sources</phase>
      <implementation>org.codehaus.modello.maven.ModelloJavaMojo</implementation>
      <language>java</language>
      <instantiationStrategy>per-lookup</instantiationStrategy>
      <executionStrategy>once-per-session</executionStrategy>
      <parameters>
        <parameter>
          <name>basedir</name>
          <type>java.lang.String</type>
          <required>true</required>
          <editable>true</editable>
          <description></description>
        </parameter>
        <parameter>
          <name>model</name>
          <type>java.lang.String</type>
          <required>true</required>
          <editable>true</editable>
          <description></description>
        </parameter>
        <parameter>
          <name>outputDirectory</name>
          <type>java.io.File</type>
          <required>true</required>
          <editable>true</editable>
          <description></description>
        </parameter>
        <parameter>
          <name>packageWithVersion</name>
          <type>java.lang.Boolean</type>
          <required>true</required>
          <editable>true</editable>
          <description>True if the generated package names should include the version.</description>
        </parameter>
        <parameter>
          <name>project</name>
          <type>org.apache.maven.project.MavenProject</type>
          <required>true</required>
          <editable>true</editable>
          <description></description>
        </parameter>
        <parameter>
          <name>version</name>
          <type>java.lang.String</type>
          <required>true</required>
          <editable>true</editable>
          <description></description>
        </parameter>
      </parameters>
      <configuration>
        <packageWithVersion implementation="java.lang.Boolean">${packageWithVersion}</packageWithVersion>
        <outputDirectory implementation="java.io.File">${basedir}/target/generated-sources</outputDirectory>
        <project implementation="org.apache.maven.project.MavenProject">${project}</project>
        <model implementation="java.lang.String">${model}</model>
        <basedir implementation="java.lang.String">${basedir}</basedir>
        <version implementation="java.lang.String">${version}</version>
      </configuration>
      <requirements>
        <requirement>
          <role>org.codehaus.modello.core.ModelloCore</role>
          <field-name>modelloCore</field-name>
        </requirement>
      </requirements>
    </mojo>
    <mojo>
      <goal>jpox-jdo-mapping</goal>
      <requiresProject>true</requiresProject>
      <requiresOnline>false</requiresOnline>
      <phase>generate-resources</phase>
      <implementation>org.codehaus.modello.maven.ModelloJPoxJdoMappingMojo</implementation>
      <language>java</language>
      <instantiationStrategy>per-lookup</instantiationStrategy>
      <executionStrategy>once-per-session</executionStrategy>
      <parameters>
        <parameter>
          <name>basedir</name>
          <type>java.lang.String</type>
          <required>true</required>
          <editable>true</editable>
          <description></description>
        </parameter>
        <parameter>
          <name>model</name>
          <type>java.lang.String</type>
          <required>true</required>
          <editable>true</editable>
          <description></description>
        </parameter>
        <parameter>
          <name>outputDirectory</name>
          <type>java.io.File</type>
          <required>true</required>
          <editable>true</editable>
          <description></description>
        </parameter>
        <parameter>
          <name>packageWithVersion</name>
          <type>java.lang.Boolean</type>
          <required>true</required>
          <editable>true</editable>
          <description>True if the generated package names should include the version.</description>
        </parameter>
        <parameter>
          <name>project</name>
          <type>org.apache.maven.project.MavenProject</type>
          <required>true</required>
          <editable>true</editable>
          <description></description>
        </parameter>
        <parameter>
          <name>version</name>
          <type>java.lang.String</type>
          <required>true</required>
          <editable>true</editable>
          <description></description>
        </parameter>
      </parameters>
      <configuration>
        <packageWithVersion implementation="java.lang.Boolean">${packageWithVersion}</packageWithVersion>
        <outputDirectory implementation="java.io.File">${basedir}/target/generated-sources</outputDirectory>
        <project implementation="org.apache.maven.project.MavenProject">${project}</project>
        <model implementation="java.lang.String">${model}</model>
        <basedir implementation="java.lang.String">${basedir}</basedir>
        <version implementation="java.lang.String">${version}</version>
      </configuration>
      <requirements>
        <requirement>
          <role>org.codehaus.modello.core.ModelloCore</role>
          <field-name>modelloCore</field-name>
        </requirement>
      </requirements>
    </mojo>
    <mojo>
      <goal>jpox-store</goal>
      <requiresProject>true</requiresProject>
      <requiresOnline>false</requiresOnline>
      <phase>generate-sources</phase>
      <implementation>org.codehaus.modello.maven.ModelloJPoxStoreMojo</implementation>
      <language>java</language>
      <instantiationStrategy>per-lookup</instantiationStrategy>
      <executionStrategy>once-per-session</executionStrategy>
      <parameters>
        <parameter>
          <name>basedir</name>
          <type>java.lang.String</type>
          <required>true</required>
          <editable>true</editable>
          <description></description>
        </parameter>
        <parameter>
          <name>model</name>
          <type>java.lang.String</type>
          <required>true</required>
          <editable>true</editable>
          <description></description>
        </parameter>
        <parameter>
          <name>outputDirectory</name>
          <type>java.io.File</type>
          <required>true</required>
          <editable>true</editable>
          <description></description>
        </parameter>
        <parameter>
          <name>packageWithVersion</name>
          <type>java.lang.Boolean</type>
          <required>true</required>
          <editable>true</editable>
          <description>True if the generated package names should include the version.</description>
        </parameter>
        <parameter>
          <name>project</name>
          <type>org.apache.maven.project.MavenProject</type>
          <required>true</required>
          <editable>true</editable>
          <description></description>
        </parameter>
        <parameter>
          <name>version</name>
          <type>java.lang.String</type>
          <required>true</required>
          <editable>true</editable>
          <description></description>
        </parameter>
      </parameters>
      <configuration>
        <packageWithVersion implementation="java.lang.Boolean">${packageWithVersion}</packageWithVersion>
        <outputDirectory implementation="java.io.File">${basedir}/target/generated-sources</outputDirectory>
        <project implementation="org.apache.maven.project.MavenProject">${project}</project>
        <model implementation="java.lang.String">${model}</model>
        <basedir implementation="java.lang.String">${basedir}</basedir>
        <version implementation="java.lang.String">${version}</version>
      </configuration>
      <requirements>
        <requirement>
          <role>org.codehaus.modello.core.ModelloCore</role>
          <field-name>modelloCore</field-name>
        </requirement>
      </requirements>
    </mojo>
    <mojo>
      <goal>prevayler</goal>
      <requiresProject>true</requiresProject>
      <requiresOnline>false</requiresOnline>
      <phase>generate-sources</phase>
      <implementation>org.codehaus.modello.maven.ModelloPrevaylerMojo</implementation>
      <language>java</language>
      <instantiationStrategy>per-lookup</instantiationStrategy>
      <executionStrategy>once-per-session</executionStrategy>
      <parameters>
        <parameter>
          <name>basedir</name>
          <type>java.lang.String</type>
          <required>true</required>
          <editable>true</editable>
          <description></description>
        </parameter>
        <parameter>
          <name>model</name>
          <type>java.lang.String</type>
          <required>true</required>
          <editable>true</editable>
          <description></description>
        </parameter>
        <parameter>
          <name>outputDirectory</name>
          <type>java.io.File</type>
          <required>true</required>
          <editable>true</editable>
          <description></description>
        </parameter>
        <parameter>
          <name>packageWithVersion</name>
          <type>java.lang.Boolean</type>
          <required>true</required>
          <editable>true</editable>
          <description>True if the generated package names should include the version.</description>
        </parameter>
        <parameter>
          <name>project</name>
          <type>org.apache.maven.project.MavenProject</type>
          <required>true</required>
          <editable>true</editable>
          <description></description>
        </parameter>
        <parameter>
          <name>version</name>
          <type>java.lang.String</type>
          <required>true</required>
          <editable>true</editable>
          <description></description>
        </parameter>
      </parameters>
      <configuration>
        <packageWithVersion implementation="java.lang.Boolean">${packageWithVersion}</packageWithVersion>
        <outputDirectory implementation="java.io.File">${basedir}/target/generated-sources</outputDirectory>
        <project implementation="org.apache.maven.project.MavenProject">${project}</project>
        <model implementation="java.lang.String">${model}</model>
        <basedir implementation="java.lang.String">${basedir}</basedir>
        <version implementation="java.lang.String">${version}</version>
      </configuration>
      <requirements>
        <requirement>
          <role>org.codehaus.modello.core.ModelloCore</role>
          <field-name>modelloCore</field-name>
        </requirement>
      </requirements>
    </mojo>
    <mojo>
      <goal>xdoc</goal>
      <requiresProject>true</requiresProject>
      <requiresOnline>false</requiresOnline>
      <implementation>org.codehaus.modello.maven.ModelloXdocMojo</implementation>
      <language>java</language>
      <instantiationStrategy>per-lookup</instantiationStrategy>
      <executionStrategy>once-per-session</executionStrategy>
      <parameters>
        <parameter>
          <name>basedir</name>
          <type>java.lang.String</type>
          <required>true</required>
          <editable>true</editable>
          <description></description>
        </parameter>
        <parameter>
          <name>model</name>
          <type>java.lang.String</type>
          <required>true</required>
          <editable>true</editable>
          <description></description>
        </parameter>
        <parameter>
          <name>outputDirectory</name>
          <type>java.io.File</type>
          <required>true</required>
          <editable>true</editable>
          <description></description>
        </parameter>
        <parameter>
          <name>packageWithVersion</name>
          <type>java.lang.Boolean</type>
          <required>true</required>
          <editable>true</editable>
          <description>True if the generated package names should include the version.</description>
        </parameter>
        <parameter>
          <name>project</name>
          <type>org.apache.maven.project.MavenProject</type>
          <required>true</required>
          <editable>true</editable>
          <description></description>
        </parameter>
        <parameter>
          <name>version</name>
          <type>java.lang.String</type>
          <required>true</required>
          <editable>true</editable>
          <description></description>
        </parameter>
      </parameters>
      <configuration>
        <packageWithVersion implementation="java.lang.Boolean">${packageWithVersion}</packageWithVersion>
        <outputDirectory implementation="java.io.File">${basedir}/target/generated-site/xdoc</outputDirectory>
        <project implementation="org.apache.maven.project.MavenProject">${project}</project>
        <model implementation="java.lang.String">${model}</model>
        <basedir implementation="java.lang.String">${basedir}</basedir>
        <version implementation="java.lang.String">${version}</version>
      </configuration>
      <requirements>
        <requirement>
          <role>org.codehaus.modello.core.ModelloCore</role>
          <field-name>modelloCore</field-name>
        </requirement>
      </requirements>
    </mojo>
    <mojo>
      <goal>xpp3-reader</goal>
      <requiresProject>true</requiresProject>
      <requiresOnline>false</requiresOnline>
      <phase>generate-sources</phase>
      <implementation>org.codehaus.modello.maven.ModelloXpp3ReaderMojo</implementation>
      <language>java</language>
      <instantiationStrategy>per-lookup</instantiationStrategy>
      <executionStrategy>once-per-session</executionStrategy>
      <parameters>
        <parameter>
          <name>basedir</name>
          <type>java.lang.String</type>
          <required>true</required>
          <editable>true</editable>
          <description></description>
        </parameter>
        <parameter>
          <name>model</name>
          <type>java.lang.String</type>
          <required>true</required>
          <editable>true</editable>
          <description></description>
        </parameter>
        <parameter>
          <name>outputDirectory</name>
          <type>java.io.File</type>
          <required>true</required>
          <editable>true</editable>
          <description></description>
        </parameter>
        <parameter>
          <name>packageWithVersion</name>
          <type>java.lang.Boolean</type>
          <required>true</required>
          <editable>true</editable>
          <description>True if the generated package names should include the version.</description>
        </parameter>
        <parameter>
          <name>project</name>
          <type>org.apache.maven.project.MavenProject</type>
          <required>true</required>
          <editable>true</editable>
          <description></description>
        </parameter>
        <parameter>
          <name>version</name>
          <type>java.lang.String</type>
          <required>true</required>
          <editable>true</editable>
          <description></description>
        </parameter>
      </parameters>
      <configuration>
        <packageWithVersion implementation="java.lang.Boolean">${packageWithVersion}</packageWithVersion>
        <outputDirectory implementation="java.io.File">${basedir}/target/generated-sources</outputDirectory>
        <project implementation="org.apache.maven.project.MavenProject">${project}</project>
        <model implementation="java.lang.String">${model}</model>
        <basedir implementation="java.lang.String">${basedir}</basedir>
        <version implementation="java.lang.String">${version}</version>
      </configuration>
      <requirements>
        <requirement>
          <role>org.codehaus.modello.core.ModelloCore</role>
          <field-name>modelloCore</field-name>
        </requirement>
      </requirements>
    </mojo>
    <mojo>
      <goal>xpp3-writer</goal>
      <requiresProject>true</requiresProject>
      <requiresOnline>false</requiresOnline>
      <phase>generate-sources</phase>
      <implementation>org.codehaus.modello.maven.ModelloXpp3WriterMojo</implementation>
      <language>java</language>
      <instantiationStrategy>per-lookup</instantiationStrategy>
      <executionStrategy>once-per-session</executionStrategy>
      <parameters>
        <parameter>
          <name>basedir</name>
          <type>java.lang.String</type>
          <required>true</required>
          <editable>true</editable>
          <description></description>
        </parameter>
        <parameter>
          <name>model</name>
          <type>java.lang.String</type>
          <required>true</required>
          <editable>true</editable>
          <description></description>
        </parameter>
        <parameter>
          <name>outputDirectory</name>
          <type>java.io.File</type>
          <required>true</required>
          <editable>true</editable>
          <description></description>
        </parameter>
        <parameter>
          <name>packageWithVersion</name>
          <type>java.lang.Boolean</type>
          <required>true</required>
          <editable>true</editable>
          <description>True if the generated package names should include the version.</description>
        </parameter>
        <parameter>
          <name>project</name>
          <type>org.apache.maven.project.MavenProject</type>
          <required>true</required>
          <editable>true</editable>
          <description></description>
        </parameter>
        <parameter>
          <name>version</name>
          <type>java.lang.String</type>
          <required>true</required>
          <editable>true</editable>
          <description></description>
        </parameter>
      </parameters>
      <configuration>
        <packageWithVersion implementation="java.lang.Boolean">${packageWithVersion}</packageWithVersion>
        <outputDirectory implementation="java.io.File">${basedir}/target/generated-sources</outputDirectory>
        <project implementation="org.apache.maven.project.MavenProject">${project}</project>
        <model implementation="java.lang.String">${model}</model>
        <basedir implementation="java.lang.String">${basedir}</basedir>
        <version implementation="java.lang.String">${version}</version>
      </configuration>
      <requirements>
        <requirement>
          <role>org.codehaus.modello.core.ModelloCore</role>
          <field-name>modelloCore</field-name>
        </requirement>
      </requirements>
    </mojo>
  </mojos>
  <dependencies>
    <dependency>
      <groupId>org.apache.maven.wagon</groupId>
      <artifactId>wagon-provider-api</artifactId>
      <type>jar</type>
      <version>1.0-alpha-3</version>
    </dependency>
    <dependency>
      <groupId>junit</groupId>
      <artifactId>junit</artifactId>
      <type>jar</type>
      <version>3.8.1</version>
    </dependency>
    <dependency>
      <groupId>org.codehaus.modello</groupId>
      <artifactId>modello-plugin-xdoc</artifactId>
      <type>jar</type>
      <version>1.0-alpha-2</version>
    </dependency>
    <dependency>
      <groupId>org.codehaus.modello</groupId>
      <artifactId>modello-plugin-prevayler</artifactId>
      <type>jar</type>
      <version>1.0-alpha-2</version>
    </dependency>
    <dependency>
      <groupId>classworlds</groupId>
      <artifactId>classworlds</artifactId>
      <type>jar</type>
      <version>1.1-alpha-1</version>
    </dependency>
    <dependency>
      <groupId>org.codehaus.modello</groupId>
      <artifactId>modello-core</artifactId>
      <type>jar</type>
      <version>1.0-alpha-2</version>
    </dependency>
    <dependency>
      <groupId>plexus</groupId>
      <artifactId>plexus-utils</artifactId>
      <type>jar</type>
      <version>1.0-alpha-3</version>
    </dependency>
    <dependency>
      <groupId>org.apache.maven</groupId>
      <artifactId>maven-project</artifactId>
      <type>jar</type>
      <version>2.0-alpha-2</version>
    </dependency>
    <dependency>
      <groupId>org.codehaus.modello</groupId>
      <artifactId>modello-plugin-xpp3</artifactId>
      <type>jar</type>
      <version>1.0-alpha-2</version>
    </dependency>
    <dependency>
      <groupId>org.apache.maven</groupId>
      <artifactId>maven-model</artifactId>
      <type>jar</type>
      <version>2.0-alpha-2</version>
    </dependency>
    <dependency>
      <groupId>org.apache.maven</groupId>
      <artifactId>maven-plugin-api</artifactId>
      <type>jar</type>
      <version>2.0-alpha-2</version>
    </dependency>
    <dependency>
      <groupId>plexus</groupId>
      <artifactId>plexus-container-default</artifactId>
      <type>jar</type>
      <version>1.0-alpha-3</version>
    </dependency>
    <dependency>
      <groupId>org.apache.maven</groupId>
      <artifactId>maven-artifact</artifactId>
      <type>jar</type>
      <version>2.0-alpha-2</version>
    </dependency>
    <dependency>
      <groupId>org.codehaus.modello</groupId>
      <artifactId>modello-plugin-jpox</artifactId>
      <type>jar</type>
      <version>1.0-alpha-2</version>
    </dependency>
  </dependencies>
</plugin>