<plugin>
  <description></description>
  <groupId>org.codehaus.modello</groupId>
  <artifactId>modello-maven-plugin</artifactId>
  <version>1.0-alpha-10</version>
  <goalPrefix>modello</goalPrefix>
  <isolatedRealm>false</isolatedRealm>
  <inheritedByDefault>true</inheritedByDefault>
  <mojos>
    <mojo>
      <goal>xsd</goal>
      <description>Creates a schema from the model.</description>
      <requiresDirectInvocation>false</requiresDirectInvocation>
      <requiresProject>true</requiresProject>
      <requiresReports>false</requiresReports>
      <aggregator>false</aggregator>
      <requiresOnline>false</requiresOnline>
      <inheritedByDefault>true</inheritedByDefault>
      <phase>generate-sources</phase>
      <implementation>org.codehaus.modello.maven.ModelloXsdMojo</implementation>
      <language>java</language>
      <instantiationStrategy>per-lookup</instantiationStrategy>
      <executionStrategy>once-per-session</executionStrategy>
      <parameters>
        <parameter>
          <name>basedir</name>
          <type>java.lang.String</type>
          <required>true</required>
          <editable>true</editable>
          <description></description>
        </parameter>
        <parameter>
          <name>model</name>
          <type>java.lang.String</type>
          <required>true</required>
          <editable>true</editable>
          <description></description>
        </parameter>
        <parameter>
          <name>outputDirectory</name>
          <type>java.io.File</type>
          <required>true</required>
          <editable>true</editable>
          <description></description>
        </parameter>
        <parameter>
          <name>packageWithVersion</name>
          <type>boolean</type>
          <required>true</required>
          <editable>true</editable>
          <description>True if the generated package names should include the version.</description>
        </parameter>
        <parameter>
          <name>project</name>
          <type>org.apache.maven.project.MavenProject</type>
          <required>true</required>
          <editable>true</editable>
          <description></description>
        </parameter>
        <parameter>
          <name>version</name>
          <type>java.lang.String</type>
          <required>true</required>
          <editable>true</editable>
          <description></description>
        </parameter>
      </parameters>
      <configuration>
        <project implementation="org.apache.maven.project.MavenProject">${project}</project>
        <model implementation="java.lang.String">${model}</model>
        <packageWithVersion implementation="boolean" default-value="false">${packageWithVersion}</packageWithVersion>
        <basedir implementation="java.lang.String">${basedir}</basedir>
        <outputDirectory implementation="java.io.File">${basedir}/target/generated-site/xsd</outputDirectory>
        <version implementation="java.lang.String">${version}</version>
      </configuration>
      <requirements>
        <requirement>
          <role>org.codehaus.modello.core.ModelloCore</role>
          <field-name>modelloCore</field-name>
        </requirement>
      </requirements>
    </mojo>
    <mojo>
      <goal>java</goal>
      <description></description>
      <requiresDirectInvocation>false</requiresDirectInvocation>
      <requiresProject>true</requiresProject>
      <requiresReports>false</requiresReports>
      <aggregator>false</aggregator>
      <requiresOnline>false</requiresOnline>
      <inheritedByDefault>true</inheritedByDefault>
      <phase>generate-sources</phase>
      <implementation>org.codehaus.modello.maven.ModelloJavaMojo</implementation>
      <language>java</language>
      <instantiationStrategy>per-lookup</instantiationStrategy>
      <executionStrategy>once-per-session</executionStrategy>
      <parameters>
        <parameter>
          <name>basedir</name>
          <type>java.lang.String</type>
          <required>true</required>
          <editable>true</editable>
          <description></description>
        </parameter>
        <parameter>
          <name>model</name>
          <type>java.lang.String</type>
          <required>true</required>
          <editable>true</editable>
          <description></description>
        </parameter>
        <parameter>
          <name>outputDirectory</name>
          <type>java.io.File</type>
          <required>true</required>
          <editable>true</editable>
          <description></description>
        </parameter>
        <parameter>
          <name>packageWithVersion</name>
          <type>boolean</type>
          <required>true</required>
          <editable>true</editable>
          <description>True if the generated package names should include the version.</description>
        </parameter>
        <parameter>
          <name>project</name>
          <type>org.apache.maven.project.MavenProject</type>
          <required>true</required>
          <editable>true</editable>
          <description></description>
        </parameter>
        <parameter>
          <name>version</name>
          <type>java.lang.String</type>
          <required>true</required>
          <editable>true</editable>
          <description></description>
        </parameter>
      </parameters>
      <configuration>
        <project implementation="org.apache.maven.project.MavenProject">${project}</project>
        <model implementation="java.lang.String">${model}</model>
        <packageWithVersion implementation="boolean" default-value="false">${packageWithVersion}</packageWithVersion>
        <basedir implementation="java.lang.String">${basedir}</basedir>
        <outputDirectory implementation="java.io.File">${basedir}/target/generated-sources/modello</outputDirectory>
        <version implementation="java.lang.String">${version}</version>
      </configuration>
      <requirements>
        <requirement>
          <role>org.codehaus.modello.core.ModelloCore</role>
          <field-name>modelloCore</field-name>
        </requirement>
      </requirements>
    </mojo>
    <mojo>
      <goal>jpox-jdo-mapping</goal>
      <description></description>
      <requiresDirectInvocation>false</requiresDirectInvocation>
      <requiresProject>true</requiresProject>
      <requiresReports>false</requiresReports>
      <aggregator>false</aggregator>
      <requiresOnline>false</requiresOnline>
      <inheritedByDefault>true</inheritedByDefault>
      <phase>generate-resources</phase>
      <implementation>org.codehaus.modello.maven.ModelloJPoxJdoMappingMojo</implementation>
      <language>java</language>
      <instantiationStrategy>per-lookup</instantiationStrategy>
      <executionStrategy>once-per-session</executionStrategy>
      <parameters>
        <parameter>
          <name>basedir</name>
          <type>java.lang.String</type>
          <required>true</required>
          <editable>true</editable>
          <description></description>
        </parameter>
        <parameter>
          <name>model</name>
          <type>java.lang.String</type>
          <required>true</required>
          <editable>true</editable>
          <description></description>
        </parameter>
        <parameter>
          <name>outputDirectory</name>
          <type>java.io.File</type>
          <required>true</required>
          <editable>true</editable>
          <description></description>
        </parameter>
        <parameter>
          <name>packageWithVersion</name>
          <type>boolean</type>
          <required>true</required>
          <editable>true</editable>
          <description>True if the generated package names should include the version.</description>
        </parameter>
        <parameter>
          <name>project</name>
          <type>org.apache.maven.project.MavenProject</type>
          <required>true</required>
          <editable>true</editable>
          <description></description>
        </parameter>
        <parameter>
          <name>version</name>
          <type>java.lang.String</type>
          <required>true</required>
          <editable>true</editable>
          <description></description>
        </parameter>
      </parameters>
      <configuration>
        <project implementation="org.apache.maven.project.MavenProject">${project}</project>
        <model implementation="java.lang.String">${model}</model>
        <packageWithVersion implementation="boolean" default-value="false">${packageWithVersion}</packageWithVersion>
        <basedir implementation="java.lang.String">${basedir}</basedir>
        <outputDirectory implementation="java.io.File">${basedir}/target/classes</outputDirectory>
        <version implementation="java.lang.String">${version}</version>
      </configuration>
      <requirements>
        <requirement>
          <role>org.codehaus.modello.core.ModelloCore</role>
          <field-name>modelloCore</field-name>
        </requirement>
      </requirements>
    </mojo>
    <mojo>
      <goal>jdom-writer</goal>
      <description></description>
      <requiresDirectInvocation>false</requiresDirectInvocation>
      <requiresProject>true</requiresProject>
      <requiresReports>false</requiresReports>
      <aggregator>false</aggregator>
      <requiresOnline>false</requiresOnline>
      <inheritedByDefault>true</inheritedByDefault>
      <phase>generate-sources</phase>
      <implementation>org.codehaus.modello.maven.ModelloJDOMWriterMojo</implementation>
      <language>java</language>
      <instantiationStrategy>per-lookup</instantiationStrategy>
      <executionStrategy>once-per-session</executionStrategy>
      <parameters>
        <parameter>
          <name>basedir</name>
          <type>java.lang.String</type>
          <required>true</required>
          <editable>true</editable>
          <description></description>
        </parameter>
        <parameter>
          <name>model</name>
          <type>java.lang.String</type>
          <required>true</required>
          <editable>true</editable>
          <description></description>
        </parameter>
        <parameter>
          <name>outputDirectory</name>
          <type>java.io.File</type>
          <required>true</required>
          <editable>true</editable>
          <description></description>
        </parameter>
        <parameter>
          <name>packageWithVersion</name>
          <type>boolean</type>
          <required>true</required>
          <editable>true</editable>
          <description>True if the generated package names should include the version.</description>
        </parameter>
        <parameter>
          <name>project</name>
          <type>org.apache.maven.project.MavenProject</type>
          <required>true</required>
          <editable>true</editable>
          <description></description>
        </parameter>
        <parameter>
          <name>version</name>
          <type>java.lang.String</type>
          <required>true</required>
          <editable>true</editable>
          <description></description>
        </parameter>
      </parameters>
      <configuration>
        <project implementation="org.apache.maven.project.MavenProject">${project}</project>
        <model implementation="java.lang.String">${model}</model>
        <packageWithVersion implementation="boolean" default-value="false">${packageWithVersion}</packageWithVersion>
        <basedir implementation="java.lang.String">${basedir}</basedir>
        <outputDirectory implementation="java.io.File">${basedir}/target/generated-sources/modello</outputDirectory>
        <version implementation="java.lang.String">${version}</version>
      </configuration>
      <requirements>
        <requirement>
          <role>org.codehaus.modello.core.ModelloCore</role>
          <field-name>modelloCore</field-name>
        </requirement>
      </requirements>
    </mojo>
    <mojo>
      <goal>xpp3-writer</goal>
      <description></description>
      <requiresDirectInvocation>false</requiresDirectInvocation>
      <requiresProject>true</requiresProject>
      <requiresReports>false</requiresReports>
      <aggregator>false</aggregator>
      <requiresOnline>false</requiresOnline>
      <inheritedByDefault>true</inheritedByDefault>
      <phase>generate-sources</phase>
      <implementation>org.codehaus.modello.maven.ModelloXpp3WriterMojo</implementation>
      <language>java</language>
      <instantiationStrategy>per-lookup</instantiationStrategy>
      <executionStrategy>once-per-session</executionStrategy>
      <parameters>
        <parameter>
          <name>basedir</name>
          <type>java.lang.String</type>
          <required>true</required>
          <editable>true</editable>
          <description></description>
        </parameter>
        <parameter>
          <name>model</name>
          <type>java.lang.String</type>
          <required>true</required>
          <editable>true</editable>
          <description></description>
        </parameter>
        <parameter>
          <name>outputDirectory</name>
          <type>java.io.File</type>
          <required>true</required>
          <editable>true</editable>
          <description></description>
        </parameter>
        <parameter>
          <name>packageWithVersion</name>
          <type>boolean</type>
          <required>true</required>
          <editable>true</editable>
          <description>True if the generated package names should include the version.</description>
        </parameter>
        <parameter>
          <name>project</name>
          <type>org.apache.maven.project.MavenProject</type>
          <required>true</required>
          <editable>true</editable>
          <description></description>
        </parameter>
        <parameter>
          <name>version</name>
          <type>java.lang.String</type>
          <required>true</required>
          <editable>true</editable>
          <description></description>
        </parameter>
      </parameters>
      <configuration>
        <project implementation="org.apache.maven.project.MavenProject">${project}</project>
        <model implementation="java.lang.String">${model}</model>
        <packageWithVersion implementation="boolean" default-value="false">${packageWithVersion}</packageWithVersion>
        <basedir implementation="java.lang.String">${basedir}</basedir>
        <outputDirectory implementation="java.io.File">${basedir}/target/generated-sources/modello</outputDirectory>
        <version implementation="java.lang.String">${version}</version>
      </configuration>
      <requirements>
        <requirement>
          <role>org.codehaus.modello.core.ModelloCore</role>
          <field-name>modelloCore</field-name>
        </requirement>
      </requirements>
    </mojo>
    <mojo>
      <goal>xdoc</goal>
      <description></description>
      <requiresDirectInvocation>false</requiresDirectInvocation>
      <requiresProject>true</requiresProject>
      <requiresReports>false</requiresReports>
      <aggregator>false</aggregator>
      <requiresOnline>false</requiresOnline>
      <inheritedByDefault>true</inheritedByDefault>
      <implementation>org.codehaus.modello.maven.ModelloXdocMojo</implementation>
      <language>java</language>
      <instantiationStrategy>per-lookup</instantiationStrategy>
      <executionStrategy>once-per-session</executionStrategy>
      <parameters>
        <parameter>
          <name>basedir</name>
          <type>java.lang.String</type>
          <required>true</required>
          <editable>true</editable>
          <description></description>
        </parameter>
        <parameter>
          <name>model</name>
          <type>java.lang.String</type>
          <required>true</required>
          <editable>true</editable>
          <description></description>
        </parameter>
        <parameter>
          <name>outputDirectory</name>
          <type>java.io.File</type>
          <required>true</required>
          <editable>true</editable>
          <description></description>
        </parameter>
        <parameter>
          <name>packageWithVersion</name>
          <type>boolean</type>
          <required>true</required>
          <editable>true</editable>
          <description>True if the generated package names should include the version.</description>
        </parameter>
        <parameter>
          <name>project</name>
          <type>org.apache.maven.project.MavenProject</type>
          <required>true</required>
          <editable>true</editable>
          <description></description>
        </parameter>
        <parameter>
          <name>version</name>
          <type>java.lang.String</type>
          <required>true</required>
          <editable>true</editable>
          <description></description>
        </parameter>
      </parameters>
      <configuration>
        <project implementation="org.apache.maven.project.MavenProject">${project}</project>
        <model implementation="java.lang.String">${model}</model>
        <packageWithVersion implementation="boolean" default-value="false">${packageWithVersion}</packageWithVersion>
        <basedir implementation="java.lang.String">${basedir}</basedir>
        <outputDirectory implementation="java.io.File">${basedir}/target/generated-site/xdoc</outputDirectory>
        <version implementation="java.lang.String">${version}</version>
      </configuration>
      <requirements>
        <requirement>
          <role>org.codehaus.modello.core.ModelloCore</role>
          <field-name>modelloCore</field-name>
        </requirement>
      </requirements>
    </mojo>
    <mojo>
      <goal>prevayler</goal>
      <description></description>
      <requiresDirectInvocation>false</requiresDirectInvocation>
      <requiresProject>true</requiresProject>
      <requiresReports>false</requiresReports>
      <aggregator>false</aggregator>
      <requiresOnline>false</requiresOnline>
      <inheritedByDefault>true</inheritedByDefault>
      <phase>generate-sources</phase>
      <implementation>org.codehaus.modello.maven.ModelloPrevaylerMojo</implementation>
      <language>java</language>
      <instantiationStrategy>per-lookup</instantiationStrategy>
      <executionStrategy>once-per-session</executionStrategy>
      <parameters>
        <parameter>
          <name>basedir</name>
          <type>java.lang.String</type>
          <required>true</required>
          <editable>true</editable>
          <description></description>
        </parameter>
        <parameter>
          <name>model</name>
          <type>java.lang.String</type>
          <required>true</required>
          <editable>true</editable>
          <description></description>
        </parameter>
        <parameter>
          <name>outputDirectory</name>
          <type>java.io.File</type>
          <required>true</required>
          <editable>true</editable>
          <description></description>
        </parameter>
        <parameter>
          <name>packageWithVersion</name>
          <type>boolean</type>
          <required>true</required>
          <editable>true</editable>
          <description>True if the generated package names should include the version.</description>
        </parameter>
        <parameter>
          <name>project</name>
          <type>org.apache.maven.project.MavenProject</type>
          <required>true</required>
          <editable>true</editable>
          <description></description>
        </parameter>
        <parameter>
          <name>version</name>
          <type>java.lang.String</type>
          <required>true</required>
          <editable>true</editable>
          <description></description>
        </parameter>
      </parameters>
      <configuration>
        <project implementation="org.apache.maven.project.MavenProject">${project}</project>
        <model implementation="java.lang.String">${model}</model>
        <packageWithVersion implementation="boolean" default-value="false">${packageWithVersion}</packageWithVersion>
        <basedir implementation="java.lang.String">${basedir}</basedir>
        <outputDirectory implementation="java.io.File">${basedir}/target/generated-sources/modello</outputDirectory>
        <version implementation="java.lang.String">${version}</version>
      </configuration>
      <requirements>
        <requirement>
          <role>org.codehaus.modello.core.ModelloCore</role>
          <field-name>modelloCore</field-name>
        </requirement>
      </requirements>
    </mojo>
    <mojo>
      <goal>jpox-store</goal>
      <description></description>
      <requiresDirectInvocation>false</requiresDirectInvocation>
      <requiresProject>true</requiresProject>
      <requiresReports>false</requiresReports>
      <aggregator>false</aggregator>
      <requiresOnline>false</requiresOnline>
      <inheritedByDefault>true</inheritedByDefault>
      <phase>generate-sources</phase>
      <implementation>org.codehaus.modello.maven.ModelloJPoxStoreMojo</implementation>
      <language>java</language>
      <instantiationStrategy>per-lookup</instantiationStrategy>
      <executionStrategy>once-per-session</executionStrategy>
      <parameters>
        <parameter>
          <name>basedir</name>
          <type>java.lang.String</type>
          <required>true</required>
          <editable>true</editable>
          <description></description>
        </parameter>
        <parameter>
          <name>model</name>
          <type>java.lang.String</type>
          <required>true</required>
          <editable>true</editable>
          <description></description>
        </parameter>
        <parameter>
          <name>outputDirectory</name>
          <type>java.io.File</type>
          <required>true</required>
          <editable>true</editable>
          <description></description>
        </parameter>
        <parameter>
          <name>packageWithVersion</name>
          <type>boolean</type>
          <required>true</required>
          <editable>true</editable>
          <description>True if the generated package names should include the version.</description>
        </parameter>
        <parameter>
          <name>project</name>
          <type>org.apache.maven.project.MavenProject</type>
          <required>true</required>
          <editable>true</editable>
          <description></description>
        </parameter>
        <parameter>
          <name>version</name>
          <type>java.lang.String</type>
          <required>true</required>
          <editable>true</editable>
          <description></description>
        </parameter>
      </parameters>
      <configuration>
        <project implementation="org.apache.maven.project.MavenProject">${project}</project>
        <model implementation="java.lang.String">${model}</model>
        <packageWithVersion implementation="boolean" default-value="false">${packageWithVersion}</packageWithVersion>
        <basedir implementation="java.lang.String">${basedir}</basedir>
        <outputDirectory implementation="java.io.File">${basedir}/target/generated-sources/modello</outputDirectory>
        <version implementation="java.lang.String">${version}</version>
      </configuration>
      <requirements>
        <requirement>
          <role>org.codehaus.modello.core.ModelloCore</role>
          <field-name>modelloCore</field-name>
        </requirement>
      </requirements>
    </mojo>
    <mojo>
      <goal>xpp3-reader</goal>
      <description></description>
      <requiresDirectInvocation>false</requiresDirectInvocation>
      <requiresProject>true</requiresProject>
      <requiresReports>false</requiresReports>
      <aggregator>false</aggregator>
      <requiresOnline>false</requiresOnline>
      <inheritedByDefault>true</inheritedByDefault>
      <phase>generate-sources</phase>
      <implementation>org.codehaus.modello.maven.ModelloXpp3ReaderMojo</implementation>
      <language>java</language>
      <instantiationStrategy>per-lookup</instantiationStrategy>
      <executionStrategy>once-per-session</executionStrategy>
      <parameters>
        <parameter>
          <name>basedir</name>
          <type>java.lang.String</type>
          <required>true</required>
          <editable>true</editable>
          <description></description>
        </parameter>
        <parameter>
          <name>model</name>
          <type>java.lang.String</type>
          <required>true</required>
          <editable>true</editable>
          <description></description>
        </parameter>
        <parameter>
          <name>outputDirectory</name>
          <type>java.io.File</type>
          <required>true</required>
          <editable>true</editable>
          <description></description>
        </parameter>
        <parameter>
          <name>packageWithVersion</name>
          <type>boolean</type>
          <required>true</required>
          <editable>true</editable>
          <description>True if the generated package names should include the version.</description>
        </parameter>
        <parameter>
          <name>project</name>
          <type>org.apache.maven.project.MavenProject</type>
          <required>true</required>
          <editable>true</editable>
          <description></description>
        </parameter>
        <parameter>
          <name>version</name>
          <type>java.lang.String</type>
          <required>true</required>
          <editable>true</editable>
          <description></description>
        </parameter>
      </parameters>
      <configuration>
        <project implementation="org.apache.maven.project.MavenProject">${project}</project>
        <model implementation="java.lang.String">${model}</model>
        <packageWithVersion implementation="boolean" default-value="false">${packageWithVersion}</packageWithVersion>
        <basedir implementation="java.lang.String">${basedir}</basedir>
        <outputDirectory implementation="java.io.File">${basedir}/target/generated-sources/modello</outputDirectory>
        <version implementation="java.lang.String">${version}</version>
      </configuration>
      <requirements>
        <requirement>
          <role>org.codehaus.modello.core.ModelloCore</role>
          <field-name>modelloCore</field-name>
        </requirement>
      </requirements>
    </mojo>
  </mojos>
  <dependencies/>
</plugin>