<plugin>
  <description>Source generator for resource bundles.</description>
  <groupId>org.jdtaus.mojo</groupId>
  <artifactId>jdtaus-resource-mojo</artifactId>
  <version>1.0-beta-3</version>
  <goalPrefix>jdtaus-resource-mojo</goalPrefix>
  <isolatedRealm>false</isolatedRealm>
  <inheritedByDefault>true</inheritedByDefault>
  <mojos>
    <mojo>
      <goal>test-messageformat</goal>
      <description>Mojo for testing property files to contain &lt;code&gt;MessageFormat&lt;/code&gt;
parseable values.</description>
      <requiresDirectInvocation>false</requiresDirectInvocation>
      <requiresProject>true</requiresProject>
      <requiresReports>false</requiresReports>
      <aggregator>false</aggregator>
      <requiresOnline>false</requiresOnline>
      <inheritedByDefault>true</inheritedByDefault>
      <phase>process-resources</phase>
      <implementation>org.jdtaus.mojo.resource.MessagesTestMojo</implementation>
      <language>java</language>
      <instantiationStrategy>per-lookup</instantiationStrategy>
      <executionStrategy>once-per-session</executionStrategy>
      <parameters>
        <parameter>
          <name>fileExcludeRegexp</name>
          <type>java.lang.String</type>
          <required>false</required>
          <editable>true</editable>
          <description>Regular expression to match files to ignore. By default all files ending
in &lt;code&gt;.properties&lt;/code&gt; will be processed.</description>
        </parameter>
        <parameter>
          <name>keyMatchRegexp</name>
          <type>java.lang.String</type>
          <required>false</required>
          <editable>true</editable>
          <description>Regular expression a property key must match to be processed. By default
all property keys in a &lt;code&gt;.properties&lt;/code&gt; file will be processed.</description>
        </parameter>
        <parameter>
          <name>resources</name>
          <type>java.util.List</type>
          <required>true</required>
          <editable>true</editable>
          <description>The project resources.</description>
        </parameter>
      </parameters>
      <configuration>
        <keyMatchRegexp implementation="java.lang.String" default-value=".*">${keyMatchRegexp}</keyMatchRegexp>
        <fileExcludeRegexp implementation="java.lang.String">${fileExcludeRegexp}</fileExcludeRegexp>
        <resources implementation="java.util.List">${project.resources}</resources>
      </configuration>
    </mojo>
    <mojo>
      <goal>generate-bundles</goal>
      <description>Mojo to generate accessor classes for &lt;code&gt;ResourceBundle&lt;/code&gt;s.</description>
      <requiresDependencyResolution>compile</requiresDependencyResolution>
      <requiresDirectInvocation>false</requiresDirectInvocation>
      <requiresProject>true</requiresProject>
      <requiresReports>false</requiresReports>
      <aggregator>false</aggregator>
      <requiresOnline>false</requiresOnline>
      <inheritedByDefault>true</inheritedByDefault>
      <phase>process-resources</phase>
      <implementation>org.jdtaus.mojo.resource.BundleKeysMojo</implementation>
      <language>java</language>
      <instantiationStrategy>per-lookup</instantiationStrategy>
      <executionStrategy>once-per-session</executionStrategy>
      <parameters>
        <parameter>
          <name>bundles</name>
          <type>java.lang.String[]</type>
          <required>true</required>
          <editable>true</editable>
          <description>List of &lt;code&gt;ResourceBundle&lt;/code&gt; names to generate interfaces for.</description>
        </parameter>
        <parameter>
          <name>classpathElements</name>
          <type>java.util.List</type>
          <required>true</required>
          <editable>false</editable>
          <description>Project compile classpath.</description>
        </parameter>
        <parameter>
          <name>encoding</name>
          <type>java.lang.String</type>
          <required>false</required>
          <editable>true</editable>
          <description>The encoding to use for reading and writing sources. By default the
system&apos;s default encoding will be used.</description>
        </parameter>
        <parameter>
          <name>genDirectory</name>
          <type>java.lang.String</type>
          <required>false</required>
          <editable>true</editable>
          <description>The directory to output the generated sources to.</description>
        </parameter>
        <parameter>
          <name>javadoc</name>
          <type>java.lang.Boolean</type>
          <required>false</required>
          <editable>true</editable>
          <description>Flag indicating that javadoc comments should be generated.</description>
        </parameter>
        <parameter>
          <name>locale</name>
          <type>java.lang.String</type>
          <required>false</required>
          <editable>true</editable>
          <description>Language to be used for javadoc comments. By default the system&apos;s
default locale will be used.</description>
        </parameter>
        <parameter>
          <name>nameSuffix</name>
          <type>java.lang.String</type>
          <required>false</required>
          <editable>true</editable>
          <description>The suffix to append to the bundle name to form the interface name.</description>
        </parameter>
        <parameter>
          <name>outputDirectory</name>
          <type>java.lang.String</type>
          <required>false</required>
          <editable>true</editable>
          <description>The project&apos;s output directory.</description>
        </parameter>
        <parameter>
          <name>project</name>
          <type>org.apache.maven.project.MavenProject</type>
          <required>true</required>
          <editable>true</editable>
          <description>Currently executed &lt;code&gt;MavenProject&lt;/code&gt;.</description>
        </parameter>
      </parameters>
      <configuration>
        <locale implementation="java.lang.String">${locale}</locale>
        <javadoc implementation="java.lang.Boolean" default-value="true">${javadoc}</javadoc>
        <encoding implementation="java.lang.String">${encoding}</encoding>
        <outputDirectory implementation="java.lang.String">${project.build.outputDirectory}</outputDirectory>
        <genDirectory implementation="java.lang.String">${project.build.directory}/generated-sources/bundle-keys</genDirectory>
        <classpathElements implementation="java.util.List">${project.compileClasspathElements}</classpathElements>
        <project implementation="org.apache.maven.project.MavenProject">${project}</project>
        <bundles implementation="java.lang.String[]">${bundles}</bundles>
        <nameSuffix implementation="java.lang.String" default-value="Bundle">${nameSuffix}</nameSuffix>
      </configuration>
    </mojo>
  </mojos>
  <dependencies/>
</plugin>