<plugin>
  <description>Source generator for the container model.</description>
  <groupId>org.jdtaus.mojo</groupId>
  <artifactId>jdtaus-container-mojo</artifactId>
  <version>1.0-beta-1</version>
  <goalPrefix>jdtaus-container-mojo</goalPrefix>
  <isolatedRealm>false</isolatedRealm>
  <inheritedByDefault>true</inheritedByDefault>
  <mojos>
    <mojo>
      <goal>generate-container</goal>
      <description>Mojo to generate infrastructure code.</description>
      <requiresDependencyResolution>runtime</requiresDependencyResolution>
      <requiresDirectInvocation>false</requiresDirectInvocation>
      <requiresProject>true</requiresProject>
      <requiresReports>false</requiresReports>
      <aggregator>false</aggregator>
      <requiresOnline>false</requiresOnline>
      <inheritedByDefault>true</inheritedByDefault>
      <phase>process-resources</phase>
      <implementation>org.jdtaus.core.container.mojo.ContainerMojo</implementation>
      <language>java</language>
      <instantiationStrategy>per-lookup</instantiationStrategy>
      <executionStrategy>once-per-session</executionStrategy>
      <parameters>
        <parameter>
          <name>classPathElementsExcludeRegexp</name>
          <type>java.lang.String</type>
          <required>false</required>
          <editable>true</editable>
          <description>A regular expression used for excluding elements from the runtime
classpath elements. By default no elements will be excluded.</description>
        </parameter>
        <parameter>
          <name>classpathElements</name>
          <type>java.util.List</type>
          <required>true</required>
          <editable>false</editable>
          <description>Project runtime classpath.</description>
        </parameter>
        <parameter>
          <name>constructorsEndingMarker</name>
          <type>java.lang.String</type>
          <required>false</required>
          <editable>true</editable>
          <description>The string marking the ending line up to where constructor code should be
inserted.</description>
        </parameter>
        <parameter>
          <name>constructorsStartingMarker</name>
          <type>java.lang.String</type>
          <required>false</required>
          <editable>true</editable>
          <description>The string marking the starting line where to start inserting constructor
code.</description>
        </parameter>
        <parameter>
          <name>dependenciesEndingMarker</name>
          <type>java.lang.String</type>
          <required>false</required>
          <editable>true</editable>
          <description>The string marking the ending line up to where dependency code should be
inserted.</description>
        </parameter>
        <parameter>
          <name>dependenciesStartingMarker</name>
          <type>java.lang.String</type>
          <required>false</required>
          <editable>true</editable>
          <description>The string marking the starting line where to start inserting dependency
code.</description>
        </parameter>
        <parameter>
          <name>encoding</name>
          <type>java.lang.String</type>
          <required>false</required>
          <editable>true</editable>
          <description>The encoding to use for reading and writing sources. By default the
system&apos;s default encoding will be used.</description>
        </parameter>
        <parameter>
          <name>implementationsEndingMarker</name>
          <type>java.lang.String</type>
          <required>false</required>
          <editable>true</editable>
          <description>The string marking the ending line up to where implementation code should
be inserted.</description>
        </parameter>
        <parameter>
          <name>implementationsStartingMarker</name>
          <type>java.lang.String</type>
          <required>false</required>
          <editable>true</editable>
          <description>The string marking the starting line where to start inserting implementation
code.</description>
        </parameter>
        <parameter>
          <name>locale</name>
          <type>java.lang.String</type>
          <required>false</required>
          <editable>true</editable>
          <description>Language to be used for javadoc comments. By default the system&apos;s
default locale will be used.</description>
        </parameter>
        <parameter>
          <name>mavenProject</name>
          <type>org.apache.maven.project.MavenProject</type>
          <required>true</required>
          <editable>false</editable>
          <description></description>
        </parameter>
        <parameter>
          <name>moduleName</name>
          <type>java.lang.String</type>
          <required>false</required>
          <editable>true</editable>
          <description>The name of the module to process.</description>
        </parameter>
        <parameter>
          <name>propertiesEndingMarker</name>
          <type>java.lang.String</type>
          <required>false</required>
          <editable>true</editable>
          <description>The string marking the ending line up to where implementation property
code should be inserted.</description>
        </parameter>
        <parameter>
          <name>propertiesStartingMarker</name>
          <type>java.lang.String</type>
          <required>false</required>
          <editable>true</editable>
          <description>The string marking the starting line where to start inserting
implementation property code.</description>
        </parameter>
        <parameter>
          <name>spacesPerIndentationLevel</name>
          <type>java.lang.Integer</type>
          <required>false</required>
          <editable>true</editable>
          <description>Number of spaces to use per indentation level.</description>
        </parameter>
        <parameter>
          <name>specificationsEndingMarker</name>
          <type>java.lang.String</type>
          <required>false</required>
          <editable>true</editable>
          <description>The string marking the ending line up to where specification code should
be inserted.</description>
        </parameter>
        <parameter>
          <name>specificationsStartingMarker</name>
          <type>java.lang.String</type>
          <required>false</required>
          <editable>true</editable>
          <description>The string marking the starting line where to start inserting specification
code.</description>
        </parameter>
        <parameter>
          <name>testMode</name>
          <type>java.lang.Boolean</type>
          <required>false</required>
          <editable>true</editable>
          <description>Flag indicating test mode. In test mode generated sources will be
printed to the console and no files will be written.</description>
        </parameter>
      </parameters>
      <configuration>
        <classPathElementsExcludeRegexp implementation="java.lang.String">${classPathElementsExcludeRegexp}</classPathElementsExcludeRegexp>
        <testMode implementation="java.lang.Boolean" default-value="false">${testMode}</testMode>
        <dependenciesEndingMarker implementation="java.lang.String" default-value="//------------------------------------------------------------Dependencies--">${dependenciesEndingMarker}</dependenciesEndingMarker>
        <specificationsEndingMarker implementation="java.lang.String" default-value="//-----------------------------------------------------------Specification--">${specificationsEndingMarker}</specificationsEndingMarker>
        <spacesPerIndentationLevel implementation="java.lang.Integer" default-value="4">${spacesPerIndentationLevel}</spacesPerIndentationLevel>
        <constructorsEndingMarker implementation="java.lang.String" default-value="//------------------------------------------------------------Constructors--">${constructorsEndingMarker}</constructorsEndingMarker>
        <locale implementation="java.lang.String">${locale}</locale>
        <propertiesEndingMarker implementation="java.lang.String" default-value="//--------------------------------------------------------------Properties--">${propertiesEndingMarker}</propertiesEndingMarker>
        <specificationsStartingMarker implementation="java.lang.String" default-value="//--Specification-----------------------------------------------------------">${specificationsStartingMarker}</specificationsStartingMarker>
        <implementationsEndingMarker implementation="java.lang.String" default-value="//----------------------------------------------------------Implementation--">${implementationsEndingMarker}</implementationsEndingMarker>
        <mavenProject implementation="org.apache.maven.project.MavenProject">${project}</mavenProject>
        <encoding implementation="java.lang.String">${encoding}</encoding>
        <dependenciesStartingMarker implementation="java.lang.String" default-value="//--Dependencies------------------------------------------------------------">${dependenciesStartingMarker}</dependenciesStartingMarker>
        <moduleName implementation="java.lang.String" default-value="${pom.name}">${moduleName}</moduleName>
        <classpathElements implementation="java.util.List">${project.runtimeClasspathElements}</classpathElements>
        <implementationsStartingMarker implementation="java.lang.String" default-value="//--Implementation----------------------------------------------------------">${implementationsStartingMarker}</implementationsStartingMarker>
        <constructorsStartingMarker implementation="java.lang.String" default-value="//--Constructors------------------------------------------------------------">${constructorsStartingMarker}</constructorsStartingMarker>
        <propertiesStartingMarker implementation="java.lang.String" default-value="//--Properties--------------------------------------------------------------">${propertiesStartingMarker}</propertiesStartingMarker>
      </configuration>
    </mojo>
    <mojo>
      <goal>clean-sources</goal>
      <description>Mojo to cleanup source files (e.g. remove trailing spaces).</description>
      <requiresDirectInvocation>false</requiresDirectInvocation>
      <requiresProject>true</requiresProject>
      <requiresReports>false</requiresReports>
      <aggregator>false</aggregator>
      <requiresOnline>false</requiresOnline>
      <inheritedByDefault>true</inheritedByDefault>
      <implementation>org.jdtaus.core.container.mojo.CleanMojo</implementation>
      <language>java</language>
      <instantiationStrategy>per-lookup</instantiationStrategy>
      <executionStrategy>once-per-session</executionStrategy>
      <parameters>
        <parameter>
          <name>classPathElementsExcludeRegexp</name>
          <type>java.lang.String</type>
          <required>false</required>
          <editable>true</editable>
          <description>A regular expression used for excluding elements from the runtime
classpath elements. By default no elements will be excluded.</description>
        </parameter>
        <parameter>
          <name>classpathElements</name>
          <type>java.util.List</type>
          <required>true</required>
          <editable>false</editable>
          <description>Project runtime classpath.</description>
        </parameter>
        <parameter>
          <name>encoding</name>
          <type>java.lang.String</type>
          <required>false</required>
          <editable>true</editable>
          <description>The encoding to use for reading and writing sources. By default the
system&apos;s default encoding will be used.</description>
        </parameter>
        <parameter>
          <name>locale</name>
          <type>java.lang.String</type>
          <required>false</required>
          <editable>true</editable>
          <description>Language to be used for javadoc comments. By default the system&apos;s
default locale will be used.</description>
        </parameter>
        <parameter>
          <name>mavenProject</name>
          <type>org.apache.maven.project.MavenProject</type>
          <required>true</required>
          <editable>false</editable>
          <description></description>
        </parameter>
        <parameter>
          <name>spacesPerIndentationLevel</name>
          <type>java.lang.Integer</type>
          <required>false</required>
          <editable>true</editable>
          <description>Number of spaces to use per indentation level.</description>
        </parameter>
        <parameter>
          <name>testMode</name>
          <type>java.lang.Boolean</type>
          <required>false</required>
          <editable>true</editable>
          <description>Flag indicating test mode. In test mode generated sources will be
printed to the console and no files will be written.</description>
        </parameter>
      </parameters>
      <configuration>
        <locale implementation="java.lang.String">${locale}</locale>
        <mavenProject implementation="org.apache.maven.project.MavenProject">${project}</mavenProject>
        <encoding implementation="java.lang.String">${encoding}</encoding>
        <classPathElementsExcludeRegexp implementation="java.lang.String">${classPathElementsExcludeRegexp}</classPathElementsExcludeRegexp>
        <testMode implementation="java.lang.Boolean" default-value="false">${testMode}</testMode>
        <classpathElements implementation="java.util.List">${project.runtimeClasspathElements}</classpathElements>
        <spacesPerIndentationLevel implementation="java.lang.Integer" default-value="4">${spacesPerIndentationLevel}</spacesPerIndentationLevel>
      </configuration>
    </mojo>
  </mojos>
  <dependencies/>
</plugin>